name,time,metric1,metric2,value1,value2
TriggerRate,1712718088000000000,num,null,80,null
TriggerRate,1712719828000000000,num,null,80,null
TriggerRate,1712719888000000000,num,null,80,null
TriggerRate,1712719948000000000,num,null,80,null
TriggerRate,1712720008000000000,num,null,80,null
TriggerRate,1712720308000000000,num,null,80,null
TriggerRate,1712720368000000000,num,null,80,null
TriggerRate,1712720428000000000,num,null,80,null
TriggerRate,1712720488000000000,num,null,80,null
TriggerRate,1712720548000000000,num,null,80,null
TriggerRate,1712720608000000000,num,null,80,null
TriggerRate,1712720668000000000,num,null,80,null
TriggerRate,1712720728000000000,num,null,80,null
TriggerRate,1712720788000000000,num,null,80,null
TriggerRate,1712720908000000000,num,null,80,null
TriggerRate,1712720968000000000,num,null,80,null
TriggerRate,1712721028000000000,num,null,80,null
TriggerRate,1712721088000000000,num,null,80,null
TriggerRate,1712721148000000000,num,null,80,null
TriggerRate,1712721268000000000,num,null,80,null
TriggerRate,1712721328000000000,num,null,80,null
TriggerRate,1712721358000000000,num,null,80,null
TriggerRate,1712721628000000000,num,null,80,null
TriggerRate,1712721688000000000,num,null,80,null
TriggerRate,1712721748000000000,num,null,80,null
TriggerRate,1712721808000000000,num,null,80,null
TriggerRate,1712721868000000000,num,null,65535,null
TriggerRate,1712721928000000000,num,null,65535,null
TriggerRate,1712721988000000000,num,null,276,null
TriggerRate,1712722048000000000,num,null,276,null
TriggerRate,1712722108000000000,num,null,276,null
TriggerRate,1712722168000000000,num,null,276,null
TriggerRate,1712722228000000000,num,null,271,null
TriggerRate,1712722288000000000,num,null,271,null
TriggerRate,1712722348000000000,num,null,276,null
TriggerRate,1712722408000000000,num,null,276,null
TriggerRate,1712722468000000000,num,null,283,null
TriggerRate,1712722528000000000,num,null,283,null
TriggerRate,1712722588000000000,num,null,281,null
TriggerRate,1712722648000000000,num,null,281,null
TriggerRate,1712722708000000000,num,null,288,null
TriggerRate,1712722768000000000,num,null,288,null
TriggerRate,1712722828000000000,num,null,277,null
TriggerRate,1712740138000000000,num,null,20,null
TriggerRate,1712777618000000000,num,null,0,null
TriggerRate,1712777678000000000,num,null,0,null
TriggerRate,1712777798000000000,num,null,0,null
TriggerRate,1712777858000000000,num,null,0,null
TriggerRate,1712777918000000000,num,null,0,null
TriggerRate,1712777978000000000,num,null,0,null
TriggerRate,1712778038000000000,num,null,0,null
TriggerRate,1712778098000000000,num,null,77,null
TriggerRate,1712778158000000000,num,null,77,null
TriggerRate,1712778218000000000,num,null,102,null
TriggerRate,1712778278000000000,num,null,102,null
TriggerRate,1712778338000000000,num,null,102,null
TriggerRate,1712778398000000000,num,null,102,null
TriggerRate,1712778458000000000,num,null,102,null
TriggerRate,1712778518000000000,num,null,102,null
TriggerRate,1712778578000000000,num,null,102,null
TriggerRate,1712778638000000000,num,null,102,null
TriggerRate,1712778698000000000,num,null,102,null
TriggerRate,1712778758000000000,num,null,102,null
TriggerRate,1712778818000000000,num,null,102,null
TriggerRate,1712778878000000000,num,null,102,null
TriggerRate,1712778938000000000,num,null,102,null
TriggerRate,1712778998000000000,num,null,102,null
TriggerRate,1712779058000000000,num,null,102,null
TriggerRate,1712779118000000000,num,null,102,null
TriggerRate,1712779178000000000,num,null,102,null
TriggerRate,1712779208000000000,num,null,102,null
TriggerRate,1712779298000000000,num,null,91,null
TriggerRate,1712779358000000000,num,null,91,null
TriggerRate,1712779418000000000,num,null,91,null
TriggerRate,1712779478000000000,num,null,91,null
TriggerRate,1712779538000000000,num,null,91,null
TriggerRate,1712779598000000000,num,null,91,null
TriggerRate,1712779658000000000,num,null,91,null
TriggerRate,1712779718000000000,num,null,91,null
TriggerRate,1712779778000000000,num,null,91,null
TriggerRate,1712779838000000000,num,null,91,null
TriggerRate,1712779898000000000,num,null,91,null
TriggerRate,1712779958000000000,num,null,91,null
TriggerRate,1712780018000000000,num,null,91,null
TriggerRate,1712780078000000000,num,null,91,null
TriggerRate,1712780138000000000,num,null,91,null
TriggerRate,1712780198000000000,num,null,91,null
TriggerRate,1712780258000000000,num,null,91,null
TriggerRate,1712780738000000000,num,null,91,null
TriggerRate,1712780798000000000,num,null,91,null
TriggerRate,1712780858000000000,num,null,91,null
TriggerRate,1712780918000000000,num,null,91,null
TriggerRate,1712780978000000000,num,null,91,null
TriggerRate,1712781038000000000,num,null,91,null
TriggerRate,1712781098000000000,num,null,91,null
TriggerRate,1712781158000000000,num,null,91,null
TriggerRate,1712781218000000000,num,null,91,null
TriggerRate,1712781278000000000,num,null,91,null
TriggerRate,1712781338000000000,num,null,91,null
TriggerRate,1712781398000000000,num,null,91,null
TriggerRate,1712781458000000000,num,null,91,null
TriggerRate,1712781518000000000,num,null,91,null
TriggerRate,1712781578000000000,num,null,91,null
TriggerRate,1712781638000000000,num,null,91,null
TriggerRate,1712781698000000000,num,null,91,null
TriggerRate,1712781758000000000,num,null,91,null
TriggerRate,1712835132000000000,num,null,96,null
TriggerRate,1712944236000000000,num,null,0,null
TriggerRate,1712944296000000000,num,null,0,null
TriggerRate,1712944356000000000,num,null,0,null
TriggerRate,1712944828000000000,num,null,0,null
TriggerRate,1712944888000000000,num,null,0,null
TriggerRate,1712944948000000000,num,null,0,null
TriggerRate,1712945008000000000,num,null,0,null
TriggerRate,1712945068000000000,num,null,0,null
TriggerRate,1712945128000000000,num,null,0,null
TriggerRate,1712945188000000000,num,null,0,null
TriggerRate,1712945248000000000,num,null,0,null
TriggerRate,1712945308000000000,num,null,0,null
TriggerRate,1712945338000000000,num,null,0,null
TriggerRate,1712945691000000000,num,null,0,null
TriggerRate,1712945751000000000,num,null,0,null
TriggerRate,1712945811000000000,num,null,0,null
TriggerRate,1712945871000000000,num,null,0,null
TriggerRate,1712945931000000000,num,null,0,null
TriggerRate,1712945991000000000,num,null,0,null
TriggerRate,1712946051000000000,num,null,0,null
TriggerRate,1712946111000000000,num,null,0,null
TriggerRate,1712946171000000000,num,null,0,null
TriggerRate,1712946231000000000,num,null,0,null
TriggerRate,1712946291000000000,num,null,0,null
TriggerRate,1712946321000000000,num,null,0,null
TriggerRate,1712946646000000000,num,null,0,null
TriggerRate,1712946706000000000,num,null,0,null
TriggerRate,1712946766000000000,num,null,0,null
TriggerRate,1712946826000000000,num,null,0,null
TriggerRate,1712946886000000000,num,null,0,null
TriggerRate,1712946946000000000,num,null,0,null
TriggerRate,1712946976000000000,num,null,0,null
TriggerRate,1712951270000000000,num,null,0,null
TriggerRate,1712951330000000000,num,null,0,null
TriggerRate,1712951390000000000,num,null,0,null
TriggerRate,1712951450000000000,num,null,0,null
TriggerRate,1712951510000000000,num,null,0,null
TriggerRate,1712951570000000000,num,null,0,null
TriggerRate,1712951630000000000,num,null,0,null
TriggerRate,1712951690000000000,num,null,0,null
TriggerRate,1712952689000000000,num,null,0,null
TriggerRate,1712952749000000000,num,null,0,null
TriggerRate,1712952809000000000,num,null,0,null
TriggerRate,1712952869000000000,num,null,0,null
TriggerRate,1712952929000000000,num,null,0,null
TriggerRate,1712952989000000000,num,null,0,null
TriggerRate,1712953049000000000,num,null,0,null
TriggerRate,1712953109000000000,num,null,0,null
TriggerRate,1712953169000000000,num,null,0,null
TriggerRate,1712953229000000000,num,null,0,null
TriggerRate,1712953289000000000,num,null,0,null
TriggerRate,1712953349000000000,num,null,0,null
TriggerRate,1712953409000000000,num,null,0,null
TriggerRate,1712953469000000000,num,null,0,null
TriggerRate,1712953529000000000,num,null,0,null
TriggerRate,1712953589000000000,num,null,0,null
TriggerRate,1712953649000000000,num,null,0,null
TriggerRate,1712953709000000000,num,null,0,null
TriggerRate,1712953769000000000,num,null,0,null
TriggerRate,1712953829000000000,num,null,0,null
TriggerRate,1712953889000000000,num,null,0,null
TriggerRate,1712953949000000000,num,null,0,null
TriggerRate,1712954009000000000,num,null,0,null
TriggerRate,1712954069000000000,num,null,0,null
TriggerRate,1712954099000000000,num,null,0,null
TriggerRate,1712992419000000000,num,null,0,null
TriggerRate,1712992479000000000,num,null,0,null
TriggerRate,1712992599000000000,num,null,0,null
TriggerRate,1712992659000000000,num,null,0,null
TriggerRate,1712992719000000000,num,null,0,null
TriggerRate,1712992779000000000,num,null,0,null
TriggerRate,1712992839000000000,num,null,0,null
TriggerRate,1712992899000000000,num,null,92,null
TriggerRate,1712992959000000000,num,null,92,null
TriggerRate,1712993019000000000,num,null,102,null
TriggerRate,1712993079000000000,num,null,102,null
TriggerRate,1712993139000000000,num,null,102,null
TriggerRate,1712993199000000000,num,null,102,null
TriggerRate,1712993259000000000,num,null,102,null
TriggerRate,1712993319000000000,num,null,102,null
TriggerRate,1712993379000000000,num,null,102,null
TriggerRate,1712993439000000000,num,null,102,null
TriggerRate,1712993499000000000,num,null,102,null
TriggerRate,1712993559000000000,num,null,102,null
TriggerRate,1712993619000000000,num,null,102,null
TriggerRate,1712993679000000000,num,null,102,null
TriggerRate,1712993739000000000,num,null,102,null
TriggerRate,1712993799000000000,num,null,102,null
TriggerRate,1712993859000000000,num,null,102,null
TriggerRate,1712993919000000000,num,null,102,null
TriggerRate,1712993979000000000,num,null,102,null
TriggerRate,1712994039000000000,num,null,102,null
TriggerRate,1712994099000000000,num,null,7,null
TriggerRate,1712994159000000000,num,null,7,null
TriggerRate,1712994399000000000,num,null,7,null
TriggerRate,1712994459000000000,num,null,7,null
TriggerRate,1712994519000000000,num,null,7,null
TriggerRate,1712994639000000000,num,null,7,null
TriggerRate,1712994699000000000,num,null,7,null
TriggerRate,1712994819000000000,num,null,7,null
TriggerRate,1712994879000000000,num,null,7,null
TriggerRate,1712994939000000000,num,null,65535,null
TriggerRate,1712994999000000000,num,null,65535,null
TriggerRate,1712995059000000000,num,null,112,null
TriggerRate,1712995119000000000,num,null,112,null
TriggerRate,1712995179000000000,num,null,109,null
TriggerRate,1712995239000000000,num,null,109,null
TriggerRate,1712995299000000000,num,null,112,null
TriggerRate,1712995359000000000,num,null,112,null
TriggerRate,1712995419000000000,num,null,111,null
TriggerRate,1712995479000000000,num,null,111,null
TriggerRate,1712995539000000000,num,null,113,null
TriggerRate,1712995599000000000,num,null,113,null
TriggerRate,1712995659000000000,num,null,111,null
TriggerRate,1712995719000000000,num,null,111,null
TriggerRate,1712995779000000000,num,null,110,null
TriggerRate,1712995839000000000,num,null,110,null
TriggerRate,1712995899000000000,num,null,114,null
TriggerRate,1712995959000000000,num,null,114,null
TriggerRate,1712996019000000000,num,null,110,null
TriggerRate,1712996079000000000,num,null,110,null
TriggerRate,1712996139000000000,num,null,113,null
TriggerRate,1712996199000000000,num,null,113,null
TriggerRate,1712996259000000000,num,null,113,null
TriggerRate,1712996319000000000,num,null,113,null
TriggerRate,1712996379000000000,num,null,112,null
TriggerRate,1712996439000000000,num,null,112,null
TriggerRate,1712996499000000000,num,null,115,null
TriggerRate,1712996559000000000,num,null,115,null
TriggerRate,1712996619000000000,num,null,107,null
TriggerRate,1712996679000000000,num,null,107,null
TriggerRate,1712996739000000000,num,null,114,null
TriggerRate,1712996799000000000,num,null,114,null
TriggerRate,1712996859000000000,num,null,111,null
TriggerRate,1712996919000000000,num,null,111,null
TriggerRate,1712996979000000000,num,null,111,null
TriggerRate,1712997039000000000,num,null,111,null
TriggerRate,1712997099000000000,num,null,116,null
TriggerRate,1712997159000000000,num,null,116,null
TriggerRate,1712997219000000000,num,null,111,null
TriggerRate,1712997279000000000,num,null,111,null
TriggerRate,1712997339000000000,num,null,110,null
TriggerRate,1712997399000000000,num,null,110,null
TriggerRate,1712997459000000000,num,null,113,null
TriggerRate,1712997519000000000,num,null,113,null
TriggerRate,1712997579000000000,num,null,113,null
TriggerRate,1712997639000000000,num,null,113,null
TriggerRate,1712997699000000000,num,null,111,null
TriggerRate,1712997759000000000,num,null,111,null
TriggerRate,1712997819000000000,num,null,112,null
TriggerRate,1712997879000000000,num,null,112,null
TriggerRate,1712997939000000000,num,null,111,null
TriggerRate,1712997999000000000,num,null,111,null
TriggerRate,1712998059000000000,num,null,111,null
TriggerRate,1712998119000000000,num,null,111,null
TriggerRate,1712998179000000000,num,null,112,null
TriggerRate,1712998239000000000,num,null,112,null
TriggerRate,1712998299000000000,num,null,113,null
TriggerRate,1712998359000000000,num,null,113,null
TriggerRate,1712998419000000000,num,null,117,null
TriggerRate,1712998479000000000,num,null,117,null
TriggerRate,1712998539000000000,num,null,111,null
TriggerRate,1712998599000000000,num,null,111,null
TriggerRate,1712998659000000000,num,null,110,null
TriggerRate,1712998719000000000,num,null,110,null
TriggerRate,1712998779000000000,num,null,114,null
TriggerRate,1712998839000000000,num,null,114,null
TriggerRate,1712998899000000000,num,null,112,null
TriggerRate,1712998959000000000,num,null,112,null
TriggerRate,1712999019000000000,num,null,113,null
TriggerRate,1712999079000000000,num,null,113,null
TriggerRate,1712999139000000000,num,null,114,null
TriggerRate,1712999199000000000,num,null,114,null
TriggerRate,1712999259000000000,num,null,111,null
TriggerRate,1712999319000000000,num,null,111,null
TriggerRate,1712999379000000000,num,null,113,null
TriggerRate,1712999439000000000,num,null,113,null
TriggerRate,1712999499000000000,num,null,113,null
TriggerRate,1712999559000000000,num,null,113,null
TriggerRate,1712999619000000000,num,null,111,null
TriggerRate,1712999679000000000,num,null,111,null
TriggerRate,1712999739000000000,num,null,111,null
TriggerRate,1712999799000000000,num,null,111,null
TriggerRate,1712999859000000000,num,null,111,null
TriggerRate,1712999919000000000,num,null,111,null
TriggerRate,1712999979000000000,num,null,118,null
TriggerRate,1713000039000000000,num,null,118,null
TriggerRate,1713000099000000000,num,null,109,null
TriggerRate,1713000159000000000,num,null,109,null
TriggerRate,1713000219000000000,num,null,114,null
TriggerRate,1713000279000000000,num,null,114,null
TriggerRate,1713000339000000000,num,null,114,null
TriggerRate,1713000399000000000,num,null,114,null
TriggerRate,1713000459000000000,num,null,111,null
TriggerRate,1713000519000000000,num,null,111,null
TriggerRate,1713000579000000000,num,null,114,null
TriggerRate,1713000639000000000,num,null,114,null
TriggerRate,1713000699000000000,num,null,113,null
TriggerRate,1713000759000000000,num,null,113,null
TriggerRate,1713000819000000000,num,null,113,null
TriggerRate,1713000879000000000,num,null,113,null
TriggerRate,1713000939000000000,num,null,114,null
TriggerRate,1713000999000000000,num,null,114,null
TriggerRate,1713001059000000000,num,null,115,null
TriggerRate,1713001119000000000,num,null,115,null
TriggerRate,1713001179000000000,num,null,109,null
TriggerRate,1713001239000000000,num,null,109,null
TriggerRate,1713001299000000000,num,null,113,null
TriggerRate,1713001359000000000,num,null,113,null
TriggerRate,1713001419000000000,num,null,113,null
TriggerRate,1713001479000000000,num,null,113,null
TriggerRate,1713001539000000000,num,null,117,null
TriggerRate,1713001599000000000,num,null,117,null
TriggerRate,1713001659000000000,num,null,110,null
TriggerRate,1713001719000000000,num,null,110,null
TriggerRate,1713001779000000000,num,null,110,null
TriggerRate,1713001839000000000,num,null,110,null
TriggerRate,1713001899000000000,num,null,114,null
TriggerRate,1713001959000000000,num,null,114,null
TriggerRate,1713002019000000000,num,null,118,null
TriggerRate,1713002079000000000,num,null,118,null
TriggerRate,1713002139000000000,num,null,111,null
TriggerRate,1713002199000000000,num,null,111,null
TriggerRate,1713002259000000000,num,null,116,null
TriggerRate,1713002319000000000,num,null,116,null
TriggerRate,1713002379000000000,num,null,115,null
TriggerRate,1713002439000000000,num,null,115,null
TriggerRate,1713002499000000000,num,null,110,null
TriggerRate,1713002559000000000,num,null,110,null
TriggerRate,1713002619000000000,num,null,111,null
TriggerRate,1713002679000000000,num,null,111,null
TriggerRate,1713002739000000000,num,null,114,null
TriggerRate,1713002799000000000,num,null,114,null
TriggerRate,1713002859000000000,num,null,110,null
TriggerRate,1713002919000000000,num,null,110,null
TriggerRate,1713002979000000000,num,null,116,null
TriggerRate,1713003039000000000,num,null,116,null
TriggerRate,1713003099000000000,num,null,115,null
TriggerRate,1713003159000000000,num,null,115,null
TriggerRate,1713003219000000000,num,null,109,null
TriggerRate,1713003279000000000,num,null,109,null
TriggerRate,1713003339000000000,num,null,115,null
TriggerRate,1713003399000000000,num,null,115,null
TriggerRate,1713003459000000000,num,null,117,null
TriggerRate,1713003519000000000,num,null,117,null
TriggerRate,1713003579000000000,num,null,116,null
TriggerRate,1713003609000000000,num,null,50,null
TriggerRate,1713061181000000000,num,null,0,null
TriggerRate,1713061241000000000,num,null,0,null
TriggerRate,1713061361000000000,num,null,0,null
TriggerRate,1713061421000000000,num,null,0,null
TriggerRate,1713061451000000000,num,null,0,null
TriggerRate,1713061541000000000,num,null,0,null
TriggerRate,1713061601000000000,num,null,0,null
TriggerRate,1713061661000000000,num,null,120,null
TriggerRate,1713061721000000000,num,null,120,null
TriggerRate,1713061781000000000,num,null,102,null
TriggerRate,1713061841000000000,num,null,102,null
TriggerRate,1713061901000000000,num,null,102,null
TriggerRate,1713061961000000000,num,null,102,null
TriggerRate,1713062021000000000,num,null,102,null
TriggerRate,1713062081000000000,num,null,102,null
TriggerRate,1713062141000000000,num,null,102,null
TriggerRate,1713062201000000000,num,null,102,null
TriggerRate,1713062261000000000,num,null,102,null
TriggerRate,1713062321000000000,num,null,102,null
TriggerRate,1713062381000000000,num,null,102,null
TriggerRate,1713062441000000000,num,null,102,null
TriggerRate,1713062501000000000,num,null,102,null
TriggerRate,1713062561000000000,num,null,102,null
TriggerRate,1713062621000000000,num,null,102,null
TriggerRate,1713062681000000000,num,null,102,null
TriggerRate,1713062741000000000,num,null,102,null
TriggerRate,1713062771000000000,num,null,102,null
TriggerRate,1713062861000000000,num,null,92,null
TriggerRate,1713062921000000000,num,null,92,null
TriggerRate,1713062981000000000,num,null,92,null
TriggerRate,1713063041000000000,num,null,92,null
TriggerRate,1713063101000000000,num,null,92,null
TriggerRate,1713063161000000000,num,null,92,null
TriggerRate,1713063221000000000,num,null,92,null
TriggerRate,1713063281000000000,num,null,92,null
TriggerRate,1713063341000000000,num,null,92,null
TriggerRate,1713063401000000000,num,null,92,null
TriggerRate,1713063461000000000,num,null,92,null
TriggerRate,1713063521000000000,num,null,92,null
TriggerRate,1713063581000000000,num,null,92,null
TriggerRate,1713063641000000000,num,null,92,null
TriggerRate,1713063701000000000,num,null,92,null
TriggerRate,1713063761000000000,num,null,92,null
TriggerRate,1713063821000000000,num,null,92,null
TriggerRate,1713063881000000000,num,null,92,null
TriggerRate,1713063941000000000,num,null,92,null
TriggerRate,1713064001000000000,num,null,92,null
TriggerRate,1713064061000000000,num,null,92,null
TriggerRate,1713064121000000000,num,null,92,null
TriggerRate,1713064181000000000,num,null,92,null
TriggerRate,1713064241000000000,num,null,92,null
TriggerRate,1713064301000000000,num,null,92,null
TriggerRate,1713064361000000000,num,null,92,null
TriggerRate,1713064421000000000,num,null,92,null
TriggerRate,1713064481000000000,num,null,92,null
TriggerRate,1713064541000000000,num,null,92,null
TriggerRate,1713064601000000000,num,null,92,null
TriggerRate,1713064661000000000,num,null,92,null
TriggerRate,1713064721000000000,num,null,92,null
TriggerRate,1713064781000000000,num,null,92,null
TriggerRate,1713064841000000000,num,null,92,null
TriggerRate,1713064901000000000,num,null,92,null
TriggerRate,1713064961000000000,num,null,92,null
TriggerRate,1713065021000000000,num,null,92,null
TriggerRate,1713065081000000000,num,null,92,null
TriggerRate,1713065141000000000,num,null,92,null
TriggerRate,1713065201000000000,num,null,92,null
TriggerRate,1713065261000000000,num,null,92,null
TriggerRate,1713065321000000000,num,null,92,null
TriggerRate,1713065381000000000,num,null,92,null
TriggerRate,1713065441000000000,num,null,92,null
TriggerRate,1713065501000000000,num,null,92,null
TriggerRate,1713065561000000000,num,null,92,null
TriggerRate,1713065621000000000,num,null,92,null
TriggerRate,1713065681000000000,num,null,92,null
TriggerRate,1713065741000000000,num,null,92,null
TriggerRate,1713065801000000000,num,null,92,null
TriggerRate,1713065861000000000,num,null,92,null
TriggerRate,1713065921000000000,num,null,92,null
TriggerRate,1713065981000000000,num,null,92,null
TriggerRate,1713066041000000000,num,null,92,null
TriggerRate,1713066101000000000,num,null,92,null
TriggerRate,1713066161000000000,num,null,92,null
TriggerRate,1713066221000000000,num,null,92,null
TriggerRate,1713066281000000000,num,null,92,null
TriggerRate,1713066341000000000,num,null,92,null
TriggerRate,1713066401000000000,num,null,92,null
TriggerRate,1713066461000000000,num,null,92,null
TriggerRate,1713066521000000000,num,null,92,null
TriggerRate,1713066581000000000,num,null,92,null
TriggerRate,1713066641000000000,num,null,92,null
TriggerRate,1713066701000000000,num,null,92,null
TriggerRate,1713066761000000000,num,null,92,null
TriggerRate,1713066821000000000,num,null,92,null
TriggerRate,1713066881000000000,num,null,92,null
TriggerRate,1713066941000000000,num,null,92,null
TriggerRate,1713067001000000000,num,null,92,null
TriggerRate,1713067061000000000,num,null,92,null
TriggerRate,1713067121000000000,num,null,92,null
TriggerRate,1713067181000000000,num,null,92,null
TriggerRate,1713067241000000000,num,null,92,null
TriggerRate,1713067301000000000,num,null,92,null
TriggerRate,1713067361000000000,num,null,92,null
TriggerRate,1713067421000000000,num,null,92,null
TriggerRate,1713067481000000000,num,null,92,null
TriggerRate,1713067541000000000,num,null,92,null
TriggerRate,1713067601000000000,num,null,92,null
TriggerRate,1713067661000000000,num,null,92,null
TriggerRate,1713067721000000000,num,null,92,null
TriggerRate,1713067781000000000,num,null,92,null
TriggerRate,1713067841000000000,num,null,92,null
TriggerRate,1713067901000000000,num,null,92,null
TriggerRate,1713067961000000000,num,null,92,null
TriggerRate,1713068021000000000,num,null,92,null
TriggerRate,1713068081000000000,num,null,92,null
TriggerRate,1713068141000000000,num,null,92,null
TriggerRate,1713068201000000000,num,null,92,null
TriggerRate,1713068261000000000,num,null,92,null
TriggerRate,1713068321000000000,num,null,92,null
TriggerRate,1713068381000000000,num,null,92,null
TriggerRate,1713068441000000000,num,null,92,null
TriggerRate,1713068501000000000,num,null,92,null
TriggerRate,1713068561000000000,num,null,92,null
TriggerRate,1713068621000000000,num,null,92,null
TriggerRate,1713068681000000000,num,null,92,null
TriggerRate,1713068741000000000,num,null,92,null
TriggerRate,1713068801000000000,num,null,92,null
TriggerRate,1713068861000000000,num,null,92,null
TriggerRate,1713068921000000000,num,null,92,null
TriggerRate,1713068981000000000,num,null,92,null
TriggerRate,1713069041000000000,num,null,92,null
TriggerRate,1713069101000000000,num,null,92,null
TriggerRate,1713069161000000000,num,null,92,null
TriggerRate,1713069221000000000,num,null,92,null
TriggerRate,1713069281000000000,num,null,92,null
TriggerRate,1713069341000000000,num,null,92,null
TriggerRate,1713069401000000000,num,null,92,null
TriggerRate,1713069461000000000,num,null,92,null
TriggerRate,1713069521000000000,num,null,92,null
TriggerRate,1713069581000000000,num,null,92,null
TriggerRate,1713069641000000000,num,null,92,null
TriggerRate,1713069701000000000,num,null,92,null
TriggerRate,1713069761000000000,num,null,92,null
TriggerRate,1713069821000000000,num,null,92,null
TriggerRate,1713069881000000000,num,null,92,null
TriggerRate,1713069941000000000,num,null,92,null
TriggerRate,1713070001000000000,num,null,92,null
TriggerRate,1713070061000000000,num,null,92,null
TriggerRate,1713070121000000000,num,null,92,null
TriggerRate,1713070181000000000,num,null,92,null
TriggerRate,1713070241000000000,num,null,92,null
TriggerRate,1713070301000000000,num,null,92,null
TriggerRate,1713070361000000000,num,null,92,null
TriggerRate,1713070421000000000,num,null,92,null
TriggerRate,1713070481000000000,num,null,92,null
TriggerRate,1713070541000000000,num,null,92,null
TriggerRate,1713070601000000000,num,null,92,null
TriggerRate,1713070661000000000,num,null,92,null
TriggerRate,1713070721000000000,num,null,92,null
TriggerRate,1713070781000000000,num,null,92,null
TriggerRate,1713070841000000000,num,null,92,null
TriggerRate,1713070901000000000,num,null,92,null
TriggerRate,1713070961000000000,num,null,92,null
TriggerRate,1713071021000000000,num,null,92,null
TriggerRate,1713071081000000000,num,null,92,null
TriggerRate,1713071141000000000,num,null,92,null
TriggerRate,1713071201000000000,num,null,92,null
TriggerRate,1713071261000000000,num,null,92,null
TriggerRate,1713071321000000000,num,null,92,null
TriggerRate,1713071381000000000,num,null,92,null
TriggerRate,1713071441000000000,num,null,92,null
TriggerRate,1713071501000000000,num,null,92,null
TriggerRate,1713071561000000000,num,null,92,null
TriggerRate,1713071621000000000,num,null,92,null
TriggerRate,1713071681000000000,num,null,92,null
TriggerRate,1713071741000000000,num,null,92,null
TriggerRate,1713071801000000000,num,null,92,null
TriggerRate,1713071861000000000,num,null,92,null
TriggerRate,1713071921000000000,num,null,92,null
TriggerRate,1713071981000000000,num,null,92,null
TriggerRate,1713072041000000000,num,null,92,null
TriggerRate,1713072101000000000,num,null,92,null
TriggerRate,1713072161000000000,num,null,92,null
TriggerRate,1713072221000000000,num,null,92,null
TriggerRate,1713072281000000000,num,null,92,null
TriggerRate,1713072341000000000,num,null,92,null
TriggerRate,1713072401000000000,num,null,92,null
TriggerRate,1713072461000000000,num,null,92,null
TriggerRate,1713072521000000000,num,null,92,null
TriggerRate,1713072581000000000,num,null,92,null
TriggerRate,1713072641000000000,num,null,92,null
TriggerRate,1713072701000000000,num,null,92,null
TriggerRate,1713072761000000000,num,null,92,null
TriggerRate,1713072821000000000,num,null,92,null
TriggerRate,1713072881000000000,num,null,92,null
TriggerRate,1713072941000000000,num,null,92,null
TriggerRate,1713073001000000000,num,null,92,null
TriggerRate,1713073061000000000,num,null,92,null
TriggerRate,1713073121000000000,num,null,92,null
TriggerRate,1713073181000000000,num,null,92,null
TriggerRate,1713073241000000000,num,null,92,null
TriggerRate,1713073301000000000,num,null,92,null
TriggerRate,1713073361000000000,num,null,92,null
TriggerRate,1713073421000000000,num,null,92,null
TriggerRate,1713073481000000000,num,null,92,null
TriggerRate,1713073541000000000,num,null,92,null
TriggerRate,1713073601000000000,num,null,92,null
TriggerRate,1713073661000000000,num,null,92,null
TriggerRate,1713073721000000000,num,null,92,null
TriggerRate,1713073781000000000,num,null,92,null
TriggerRate,1713073841000000000,num,null,92,null
TriggerRate,1713073901000000000,num,null,92,null
TriggerRate,1713073961000000000,num,null,92,null
TriggerRate,1713074021000000000,num,null,92,null
TriggerRate,1713074081000000000,num,null,92,null
TriggerRate,1713074141000000000,num,null,92,null
TriggerRate,1713074201000000000,num,null,92,null
TriggerRate,1713074261000000000,num,null,92,null
TriggerRate,1713074321000000000,num,null,92,null
TriggerRate,1713074381000000000,num,null,92,null
TriggerRate,1713074441000000000,num,null,92,null
TriggerRate,1713074501000000000,num,null,92,null
TriggerRate,1713074561000000000,num,null,92,null
TriggerRate,1713074621000000000,num,null,92,null
TriggerRate,1713074681000000000,num,null,92,null
TriggerRate,1713074741000000000,num,null,92,null
TriggerRate,1713074801000000000,num,null,92,null
TriggerRate,1713074861000000000,num,null,92,null
TriggerRate,1713074921000000000,num,null,92,null
TriggerRate,1713074981000000000,num,null,92,null
TriggerRate,1713075041000000000,num,null,92,null
TriggerRate,1713075101000000000,num,null,92,null
TriggerRate,1713075161000000000,num,null,92,null
TriggerRate,1713075221000000000,num,null,92,null
TriggerRate,1713075281000000000,num,null,92,null
TriggerRate,1713075341000000000,num,null,92,null
TriggerRate,1713075401000000000,num,null,92,null
TriggerRate,1713075461000000000,num,null,92,null
TriggerRate,1713075521000000000,num,null,92,null
TriggerRate,1713075581000000000,num,null,92,null
TriggerRate,1713075641000000000,num,null,92,null
TriggerRate,1713075701000000000,num,null,92,null
TriggerRate,1713075761000000000,num,null,92,null
TriggerRate,1713075821000000000,num,null,92,null
TriggerRate,1713075881000000000,num,null,92,null
TriggerRate,1713075941000000000,num,null,92,null
TriggerRate,1713076001000000000,num,null,92,null
TriggerRate,1713076061000000000,num,null,92,null
TriggerRate,1713076121000000000,num,null,92,null
TriggerRate,1713076181000000000,num,null,92,null
TriggerRate,1713076241000000000,num,null,92,null
TriggerRate,1713076301000000000,num,null,92,null
TriggerRate,1713076361000000000,num,null,92,null
TriggerRate,1713076421000000000,num,null,92,null
TriggerRate,1713076481000000000,num,null,92,null
TriggerRate,1713076541000000000,num,null,92,null
TriggerRate,1713076601000000000,num,null,92,null
TriggerRate,1713076661000000000,num,null,92,null
TriggerRate,1713076721000000000,num,null,92,null
TriggerRate,1713076781000000000,num,null,92,null
TriggerRate,1713076841000000000,num,null,92,null
TriggerRate,1713076901000000000,num,null,92,null
TriggerRate,1713076961000000000,num,null,92,null
TriggerRate,1713077021000000000,num,null,92,null
TriggerRate,1713077081000000000,num,null,92,null
TriggerRate,1713077141000000000,num,null,92,null
TriggerRate,1713077201000000000,num,null,92,null
TriggerRate,1713077261000000000,num,null,92,null
TriggerRate,1713077321000000000,num,null,92,null
TriggerRate,1713077381000000000,num,null,92,null
TriggerRate,1713077441000000000,num,null,92,null
TriggerRate,1713077501000000000,num,null,92,null
TriggerRate,1713077561000000000,num,null,92,null
TriggerRate,1713077621000000000,num,null,92,null
TriggerRate,1713077681000000000,num,null,92,null
TriggerRate,1713077741000000000,num,null,92,null
TriggerRate,1713077801000000000,num,null,92,null
TriggerRate,1713077861000000000,num,null,92,null
TriggerRate,1713077921000000000,num,null,92,null
TriggerRate,1713077981000000000,num,null,92,null
TriggerRate,1713078041000000000,num,null,92,null
TriggerRate,1713078101000000000,num,null,92,null
TriggerRate,1713078161000000000,num,null,92,null
TriggerRate,1713078221000000000,num,null,92,null
TriggerRate,1713078281000000000,num,null,92,null
TriggerRate,1713078341000000000,num,null,92,null
TriggerRate,1713078401000000000,num,null,92,null
TriggerRate,1713078461000000000,num,null,92,null
TriggerRate,1713078521000000000,num,null,92,null
TriggerRate,1713078581000000000,num,null,92,null
TriggerRate,1713078641000000000,num,null,92,null
TriggerRate,1713078701000000000,num,null,92,null
TriggerRate,1713078761000000000,num,null,92,null
TriggerRate,1713078821000000000,num,null,92,null
TriggerRate,1713078881000000000,num,null,92,null
TriggerRate,1713078941000000000,num,null,92,null
TriggerRate,1713079001000000000,num,null,92,null
TriggerRate,1713079061000000000,num,null,92,null
TriggerRate,1713079121000000000,num,null,92,null
TriggerRate,1713079181000000000,num,null,92,null
TriggerRate,1713079241000000000,num,null,92,null
TriggerRate,1713079301000000000,num,null,92,null
TriggerRate,1713079361000000000,num,null,92,null
TriggerRate,1713079421000000000,num,null,92,null
TriggerRate,1713079481000000000,num,null,92,null
TriggerRate,1713079541000000000,num,null,92,null
TriggerRate,1713079601000000000,num,null,92,null
TriggerRate,1713079661000000000,num,null,92,null
TriggerRate,1713079721000000000,num,null,92,null
TriggerRate,1713079781000000000,num,null,92,null
TriggerRate,1713079841000000000,num,null,92,null
TriggerRate,1713079901000000000,num,null,92,null
TriggerRate,1713079961000000000,num,null,92,null
TriggerRate,1713080021000000000,num,null,92,null
TriggerRate,1713080081000000000,num,null,92,null
TriggerRate,1713080141000000000,num,null,92,null
TriggerRate,1713080201000000000,num,null,92,null
TriggerRate,1713080261000000000,num,null,92,null
TriggerRate,1713080321000000000,num,null,92,null
TriggerRate,1713080381000000000,num,null,92,null
TriggerRate,1713080441000000000,num,null,92,null
TriggerRate,1713080501000000000,num,null,92,null
TriggerRate,1713080561000000000,num,null,92,null
TriggerRate,1713080621000000000,num,null,92,null
TriggerRate,1713080681000000000,num,null,92,null
TriggerRate,1713080741000000000,num,null,92,null
TriggerRate,1713080801000000000,num,null,92,null
TriggerRate,1713080861000000000,num,null,92,null
TriggerRate,1713080921000000000,num,null,92,null
TriggerRate,1713080981000000000,num,null,92,null
TriggerRate,1713081041000000000,num,null,92,null
TriggerRate,1713081101000000000,num,null,92,null
TriggerRate,1713081161000000000,num,null,92,null
TriggerRate,1713081221000000000,num,null,92,null
TriggerRate,1713081281000000000,num,null,92,null
TriggerRate,1713081341000000000,num,null,92,null
TriggerRate,1713081401000000000,num,null,92,null
TriggerRate,1713081461000000000,num,null,92,null
TriggerRate,1713081521000000000,num,null,92,null
TriggerRate,1713081581000000000,num,null,92,null
TriggerRate,1713081641000000000,num,null,92,null
TriggerRate,1713081701000000000,num,null,92,null
TriggerRate,1713081761000000000,num,null,92,null
TriggerRate,1713081821000000000,num,null,92,null
TriggerRate,1713081881000000000,num,null,92,null
TriggerRate,1713081941000000000,num,null,92,null
TriggerRate,1713082001000000000,num,null,92,null
TriggerRate,1713082061000000000,num,null,92,null
TriggerRate,1713082121000000000,num,null,92,null
TriggerRate,1713082181000000000,num,null,92,null
TriggerRate,1713082241000000000,num,null,92,null
TriggerRate,1713082301000000000,num,null,92,null
TriggerRate,1713082361000000000,num,null,92,null
TriggerRate,1713082421000000000,num,null,92,null
TriggerRate,1713082481000000000,num,null,92,null
TriggerRate,1713082541000000000,num,null,92,null
TriggerRate,1713082601000000000,num,null,92,null
TriggerRate,1713082661000000000,num,null,92,null
TriggerRate,1713082721000000000,num,null,92,null
TriggerRate,1713082781000000000,num,null,92,null
TriggerRate,1713082841000000000,num,null,92,null
TriggerRate,1713082901000000000,num,null,92,null
TriggerRate,1713082961000000000,num,null,92,null
TriggerRate,1713082991000000000,num,null,92,null
TriggerRate,1713083201000000000,num,null,92,null
TriggerRate,1713083261000000000,num,null,92,null
TriggerRate,1713083321000000000,num,null,92,null
TriggerRate,1713083351000000000,num,null,92,null
TriggerRate,1713083441000000000,num,null,92,null
TriggerRate,1713083471000000000,num,null,92,null
TriggerRate,1713083561000000000,num,null,92,null
TriggerRate,1713083591000000000,num,null,92,null
TriggerRate,1713083681000000000,num,null,92,null
TriggerRate,1713083741000000000,num,null,65535,null
TriggerRate,1713083801000000000,num,null,65535,null
TriggerRate,1713083861000000000,num,null,108,null
TriggerRate,1713083921000000000,num,null,108,null
TriggerRate,1713083981000000000,num,null,109,null
TriggerRate,1713084041000000000,num,null,109,null
TriggerRate,1713084101000000000,num,null,108,null
TriggerRate,1713084161000000000,num,null,108,null
TriggerRate,1713084221000000000,num,null,107,null
TriggerRate,1713084281000000000,num,null,107,null
TriggerRate,1713084341000000000,num,null,111,null
TriggerRate,1713084401000000000,num,null,111,null
TriggerRate,1713084461000000000,num,null,110,null
TriggerRate,1713084521000000000,num,null,110,null
TriggerRate,1713084581000000000,num,null,110,null
TriggerRate,1713084641000000000,num,null,110,null
TriggerRate,1713084701000000000,num,null,107,null
TriggerRate,1713084761000000000,num,null,107,null
TriggerRate,1713084821000000000,num,null,110,null
TriggerRate,1713084881000000000,num,null,110,null
TriggerRate,1713084941000000000,num,null,107,null
TriggerRate,1713085001000000000,num,null,107,null
TriggerRate,1713085061000000000,num,null,108,null
TriggerRate,1713085121000000000,num,null,108,null
TriggerRate,1713085181000000000,num,null,109,null
TriggerRate,1713085241000000000,num,null,109,null
TriggerRate,1713085301000000000,num,null,110,null
TriggerRate,1713085361000000000,num,null,110,null
TriggerRate,1713085421000000000,num,null,112,null
TriggerRate,1713085481000000000,num,null,112,null
TriggerRate,1713085541000000000,num,null,107,null
TriggerRate,1713085601000000000,num,null,107,null
TriggerRate,1713085661000000000,num,null,284,null
TriggerRate,1713085721000000000,num,null,284,null
TriggerRate,1713085781000000000,num,null,114,null
TriggerRate,1713085841000000000,num,null,114,null
TriggerRate,1713085901000000000,num,null,114,null
TriggerRate,1713085961000000000,num,null,114,null
TriggerRate,1713086021000000000,num,null,110,null
TriggerRate,1713086081000000000,num,null,110,null
TriggerRate,1713086141000000000,num,null,112,null
TriggerRate,1713086201000000000,num,null,112,null
TriggerRate,1713086261000000000,num,null,111,null
TriggerRate,1713086321000000000,num,null,111,null
TriggerRate,1713086381000000000,num,null,114,null
TriggerRate,1713086441000000000,num,null,114,null
TriggerRate,1713086501000000000,num,null,114,null
TriggerRate,1713086561000000000,num,null,114,null
TriggerRate,1713086621000000000,num,null,114,null
TriggerRate,1713086681000000000,num,null,114,null
TriggerRate,1713086741000000000,num,null,114,null
TriggerRate,1713086801000000000,num,null,114,null
TriggerRate,1713086861000000000,num,null,110,null
TriggerRate,1713086921000000000,num,null,110,null
TriggerRate,1713086981000000000,num,null,110,null
TriggerRate,1713087041000000000,num,null,110,null
TriggerRate,1713087101000000000,num,null,110,null
TriggerRate,1713087161000000000,num,null,110,null
TriggerRate,1713087221000000000,num,null,108,null
TriggerRate,1713087281000000000,num,null,108,null
TriggerRate,1713087341000000000,num,null,116,null
TriggerRate,1713087401000000000,num,null,116,null
TriggerRate,1713087461000000000,num,null,112,null
TriggerRate,1713087521000000000,num,null,112,null
TriggerRate,1713087581000000000,num,null,112,null
TriggerRate,1713087641000000000,num,null,112,null
TriggerRate,1713087701000000000,num,null,111,null
TriggerRate,1713087761000000000,num,null,111,null
TriggerRate,1713087821000000000,num,null,116,null
TriggerRate,1713087881000000000,num,null,116,null
TriggerRate,1713087941000000000,num,null,114,null
TriggerRate,1713088001000000000,num,null,114,null
TriggerRate,1713088061000000000,num,null,116,null
TriggerRate,1713088121000000000,num,null,116,null
TriggerRate,1713088181000000000,num,null,113,null
TriggerRate,1713088241000000000,num,null,113,null
TriggerRate,1713088301000000000,num,null,117,null
TriggerRate,1713088361000000000,num,null,117,null
TriggerRate,1713088421000000000,num,null,111,null
TriggerRate,1713088481000000000,num,null,111,null
TriggerRate,1713088541000000000,num,null,116,null
TriggerRate,1713088601000000000,num,null,116,null
TriggerRate,1713088661000000000,num,null,113,null
TriggerRate,1713088721000000000,num,null,113,null
TriggerRate,1713088781000000000,num,null,113,null
TriggerRate,1713088841000000000,num,null,113,null
TriggerRate,1713088901000000000,num,null,112,null
TriggerRate,1713088961000000000,num,null,112,null
TriggerRate,1713089021000000000,num,null,115,null
TriggerRate,1713089081000000000,num,null,115,null
TriggerRate,1713089141000000000,num,null,118,null
TriggerRate,1713089201000000000,num,null,118,null
TriggerRate,1713089261000000000,num,null,117,null
TriggerRate,1713089321000000000,num,null,117,null
TriggerRate,1713089381000000000,num,null,117,null
TriggerRate,1713089441000000000,num,null,117,null
TriggerRate,1713089501000000000,num,null,117,null
TriggerRate,1713089561000000000,num,null,117,null
TriggerRate,1713089621000000000,num,null,114,null
TriggerRate,1713089681000000000,num,null,114,null
TriggerRate,1713089741000000000,num,null,113,null
TriggerRate,1713089801000000000,num,null,113,null
TriggerRate,1713089861000000000,num,null,116,null
TriggerRate,1713089921000000000,num,null,116,null
TriggerRate,1713089981000000000,num,null,112,null
TriggerRate,1713090041000000000,num,null,112,null
TriggerRate,1713090101000000000,num,null,120,null
TriggerRate,1713090161000000000,num,null,120,null
TriggerRate,1713090221000000000,num,null,120,null
TriggerRate,1713090281000000000,num,null,120,null
TriggerRate,1713090341000000000,num,null,114,null
TriggerRate,1713090401000000000,num,null,114,null
TriggerRate,1713090461000000000,num,null,116,null
TriggerRate,1713090521000000000,num,null,116,null
TriggerRate,1713090581000000000,num,null,116,null
TriggerRate,1713090641000000000,num,null,116,null
TriggerRate,1713090701000000000,num,null,112,null
TriggerRate,1713090761000000000,num,null,112,null
TriggerRate,1713090821000000000,num,null,120,null
TriggerRate,1713090881000000000,num,null,120,null
TriggerRate,1713090941000000000,num,null,120,null
TriggerRate,1713091001000000000,num,null,120,null
TriggerRate,1713091061000000000,num,null,119,null
TriggerRate,1713091121000000000,num,null,119,null
TriggerRate,1713091181000000000,num,null,120,null
TriggerRate,1713091241000000000,num,null,120,null
TriggerRate,1713091301000000000,num,null,122,null
TriggerRate,1713091361000000000,num,null,122,null
TriggerRate,1713091421000000000,num,null,122,null
TriggerRate,1713091481000000000,num,null,122,null
TriggerRate,1713091541000000000,num,null,119,null
TriggerRate,1713091601000000000,num,null,119,null
TriggerRate,1713091661000000000,num,null,119,null
TriggerRate,1713091721000000000,num,null,119,null
TriggerRate,1713091781000000000,num,null,121,null
TriggerRate,1713091841000000000,num,null,121,null
TriggerRate,1713091901000000000,num,null,115,null
TriggerRate,1713091961000000000,num,null,115,null
TriggerRate,1713092021000000000,num,null,122,null
TriggerRate,1713092081000000000,num,null,122,null
TriggerRate,1713092141000000000,num,null,124,null
TriggerRate,1713092201000000000,num,null,124,null
TriggerRate,1713092261000000000,num,null,118,null
TriggerRate,1713092321000000000,num,null,118,null
TriggerRate,1713092381000000000,num,null,117,null
TriggerRate,1713092441000000000,num,null,117,null
TriggerRate,1713092501000000000,num,null,120,null
TriggerRate,1713092561000000000,num,null,120,null
TriggerRate,1713092621000000000,num,null,117,null
TriggerRate,1713092681000000000,num,null,117,null
TriggerRate,1713092741000000000,num,null,122,null
TriggerRate,1713092801000000000,num,null,122,null
TriggerRate,1713092861000000000,num,null,120,null
TriggerRate,1713092921000000000,num,null,120,null
TriggerRate,1713092981000000000,num,null,116,null
TriggerRate,1713093041000000000,num,null,116,null
TriggerRate,1713093101000000000,num,null,122,null
TriggerRate,1713093161000000000,num,null,122,null
TriggerRate,1713093221000000000,num,null,120,null
TriggerRate,1713093281000000000,num,null,120,null
TriggerRate,1713093341000000000,num,null,121,null
TriggerRate,1713093401000000000,num,null,121,null
TriggerRate,1713093461000000000,num,null,127,null
TriggerRate,1713093521000000000,num,null,127,null
TriggerRate,1713093581000000000,num,null,131,null
TriggerRate,1713093641000000000,num,null,131,null
TriggerRate,1713093701000000000,num,null,127,null
TriggerRate,1713093761000000000,num,null,127,null
TriggerRate,1713093821000000000,num,null,135,null
TriggerRate,1713093881000000000,num,null,135,null
TriggerRate,1713093941000000000,num,null,131,null
TriggerRate,1713094001000000000,num,null,131,null
TriggerRate,1713094061000000000,num,null,127,null
TriggerRate,1713094091000000000,num,null,52,null
TriggerRate,1713148615000000000,num,null,0,null
TriggerRate,1713148675000000000,num,null,0,null
TriggerRate,1713148795000000000,num,null,0,null
TriggerRate,1713148855000000000,num,null,0,null
TriggerRate,1713148885000000000,num,null,0,null
TriggerRate,1713148975000000000,num,null,0,null
TriggerRate,1713149035000000000,num,null,0,null
TriggerRate,1713149095000000000,num,null,116,null
TriggerRate,1713149155000000000,num,null,116,null
TriggerRate,1713149215000000000,num,null,102,null
TriggerRate,1713149275000000000,num,null,102,null
TriggerRate,1713149335000000000,num,null,102,null
TriggerRate,1713149395000000000,num,null,102,null
TriggerRate,1713149455000000000,num,null,102,null
TriggerRate,1713149515000000000,num,null,102,null
TriggerRate,1713149575000000000,num,null,102,null
TriggerRate,1713149635000000000,num,null,102,null
TriggerRate,1713149695000000000,num,null,102,null
TriggerRate,1713149755000000000,num,null,102,null
TriggerRate,1713149815000000000,num,null,102,null
TriggerRate,1713149875000000000,num,null,102,null
TriggerRate,1713149935000000000,num,null,102,null
TriggerRate,1713149995000000000,num,null,102,null
TriggerRate,1713150055000000000,num,null,102,null
TriggerRate,1713150115000000000,num,null,102,null
TriggerRate,1713150175000000000,num,null,102,null
TriggerRate,1713150235000000000,num,null,102,null
TriggerRate,1713150295000000000,num,null,20,null
TriggerRate,1713150355000000000,num,null,20,null
TriggerRate,1713150415000000000,num,null,20,null
TriggerRate,1713150475000000000,num,null,20,null
TriggerRate,1713150535000000000,num,null,20,null
TriggerRate,1713150595000000000,num,null,20,null
TriggerRate,1713150655000000000,num,null,20,null
TriggerRate,1713150715000000000,num,null,20,null
TriggerRate,1713150775000000000,num,null,20,null
TriggerRate,1713150835000000000,num,null,20,null
TriggerRate,1713150895000000000,num,null,20,null
TriggerRate,1713150955000000000,num,null,20,null
TriggerRate,1713151015000000000,num,null,20,null
TriggerRate,1713151075000000000,num,null,20,null
TriggerRate,1713151135000000000,num,null,20,null
TriggerRate,1713151195000000000,num,null,20,null
TriggerRate,1713151255000000000,num,null,20,null
TriggerRate,1713151315000000000,num,null,20,null
TriggerRate,1713151375000000000,num,null,20,null
TriggerRate,1713151435000000000,num,null,20,null
TriggerRate,1713151495000000000,num,null,20,null
TriggerRate,1713151555000000000,num,null,20,null
TriggerRate,1713151615000000000,num,null,20,null
TriggerRate,1713151675000000000,num,null,20,null
TriggerRate,1713151735000000000,num,null,20,null
TriggerRate,1713151795000000000,num,null,20,null
TriggerRate,1713151855000000000,num,null,20,null
TriggerRate,1713151915000000000,num,null,20,null
TriggerRate,1713151975000000000,num,null,20,null
TriggerRate,1713152035000000000,num,null,20,null
TriggerRate,1713152095000000000,num,null,20,null
TriggerRate,1713152155000000000,num,null,20,null
TriggerRate,1713152215000000000,num,null,20,null
TriggerRate,1713152275000000000,num,null,20,null
TriggerRate,1713152335000000000,num,null,20,null
TriggerRate,1713152395000000000,num,null,20,null
TriggerRate,1713152455000000000,num,null,20,null
TriggerRate,1713152515000000000,num,null,20,null
TriggerRate,1713152575000000000,num,null,20,null
TriggerRate,1713152635000000000,num,null,20,null
TriggerRate,1713152695000000000,num,null,20,null
TriggerRate,1713152755000000000,num,null,20,null
TriggerRate,1713152815000000000,num,null,20,null
TriggerRate,1713152875000000000,num,null,20,null
TriggerRate,1713152935000000000,num,null,20,null
TriggerRate,1713154852000000000,num,null,0,null
TriggerRate,1713154882000000000,num,null,0,null
TriggerRate,1713154972000000000,num,null,0,null
TriggerRate,1713155032000000000,num,null,0,null
TriggerRate,1713155092000000000,num,null,0,null
TriggerRate,1713155152000000000,num,null,0,null
TriggerRate,1713155212000000000,num,null,49,null
TriggerRate,1713155272000000000,num,null,49,null
TriggerRate,1713155332000000000,num,null,102,null
TriggerRate,1713155392000000000,num,null,102,null
TriggerRate,1713155452000000000,num,null,102,null
TriggerRate,1713155512000000000,num,null,102,null
TriggerRate,1713155572000000000,num,null,102,null
TriggerRate,1713155632000000000,num,null,102,null
TriggerRate,1713155692000000000,num,null,20,null
TriggerRate,1713155722000000000,num,null,20,null
TriggerRate,1713156112000000000,num,null,20,null
TriggerRate,1713156172000000000,num,null,20,null
TriggerRate,1713156232000000000,num,null,20,null
TriggerRate,1713156292000000000,num,null,68,null
TriggerRate,1713156352000000000,num,null,68,null
TriggerRate,1713156382000000000,num,null,102,null
TriggerRate,1713156472000000000,num,null,35,null
TriggerRate,1713156532000000000,num,null,35,null
TriggerRate,1713156562000000000,num,null,35,null
TriggerRate,1713157192000000000,num,null,35,null
TriggerRate,1713157252000000000,num,null,35,null
TriggerRate,1713157312000000000,num,null,35,null
TriggerRate,1713157372000000000,num,null,65535,null
TriggerRate,1713157432000000000,num,null,65535,null
TriggerRate,1713157492000000000,num,null,20,null
TriggerRate,1713157552000000000,num,null,20,null
TriggerRate,1713157612000000000,num,null,20,null
TriggerRate,1713157672000000000,num,null,20,null
TriggerRate,1713157702000000000,num,null,20,null
TriggerRate,1713175973000000000,num,null,0,null
TriggerRate,1713176033000000000,num,null,0,null
TriggerRate,1713176273000000000,num,null,0,null
TriggerRate,1713176333000000000,num,null,0,null
TriggerRate,1713176393000000000,num,null,0,null
TriggerRate,1713176453000000000,num,null,0,null
TriggerRate,1713176513000000000,num,null,0,null
TriggerRate,1713176573000000000,num,null,0,null
TriggerRate,1713176603000000000,num,null,0,null
TriggerRate,1713176693000000000,num,null,25,null
TriggerRate,1713176753000000000,num,null,25,null
TriggerRate,1713176813000000000,num,null,103,null
TriggerRate,1713176873000000000,num,null,103,null
TriggerRate,1713176933000000000,num,null,104,null
TriggerRate,1713176993000000000,num,null,104,null
TriggerRate,1713177053000000000,num,null,104,null
TriggerRate,1713177113000000000,num,null,104,null
TriggerRate,1713177173000000000,num,null,104,null
TriggerRate,1713177233000000000,num,null,104,null
TriggerRate,1713177293000000000,num,null,104,null
TriggerRate,1713177353000000000,num,null,104,null
TriggerRate,1713177413000000000,num,null,107,null
TriggerRate,1713177473000000000,num,null,107,null
TriggerRate,1713177533000000000,num,null,105,null
TriggerRate,1713177593000000000,num,null,105,null
TriggerRate,1713177653000000000,num,null,105,null
TriggerRate,1713177713000000000,num,null,105,null
TriggerRate,1713177773000000000,num,null,106,null
TriggerRate,1713177833000000000,num,null,106,null
TriggerRate,1713177893000000000,num,null,103,null
TriggerRate,1713177953000000000,num,null,103,null
TriggerRate,1713178013000000000,num,null,104,null
TriggerRate,1713178073000000000,num,null,104,null
TriggerRate,1713178133000000000,num,null,106,null
TriggerRate,1713178193000000000,num,null,106,null
TriggerRate,1713178253000000000,num,null,102,null
TriggerRate,1713178313000000000,num,null,102,null
TriggerRate,1713178373000000000,num,null,106,null
TriggerRate,1713178433000000000,num,null,106,null
TriggerRate,1713178493000000000,num,null,103,null
TriggerRate,1713178553000000000,num,null,103,null
TriggerRate,1713178613000000000,num,null,104,null
TriggerRate,1713178673000000000,num,null,104,null
TriggerRate,1713178733000000000,num,null,104,null
TriggerRate,1713178793000000000,num,null,104,null
TriggerRate,1713178853000000000,num,null,103,null
TriggerRate,1713178913000000000,num,null,103,null
TriggerRate,1713178973000000000,num,null,102,null
TriggerRate,1713179033000000000,num,null,102,null
TriggerRate,1713179093000000000,num,null,105,null
TriggerRate,1713179153000000000,num,null,105,null
TriggerRate,1713179213000000000,num,null,104,null
TriggerRate,1713179273000000000,num,null,104,null
TriggerRate,1713179333000000000,num,null,107,null
TriggerRate,1713179393000000000,num,null,107,null
TriggerRate,1713179453000000000,num,null,103,null
TriggerRate,1713179513000000000,num,null,103,null
TriggerRate,1713179573000000000,num,null,107,null
TriggerRate,1713179633000000000,num,null,107,null
TriggerRate,1713179693000000000,num,null,103,null
TriggerRate,1713179753000000000,num,null,103,null
TriggerRate,1713179813000000000,num,null,102,null
TriggerRate,1713179873000000000,num,null,102,null
TriggerRate,1713179933000000000,num,null,104,null
TriggerRate,1713179993000000000,num,null,104,null
TriggerRate,1713180053000000000,num,null,105,null
TriggerRate,1713180113000000000,num,null,105,null
TriggerRate,1713180173000000000,num,null,106,null
TriggerRate,1713180233000000000,num,null,106,null
TriggerRate,1713180293000000000,num,null,105,null
TriggerRate,1713180353000000000,num,null,105,null
TriggerRate,1713180383000000000,num,null,89,null
TriggerRate,1713284568000000000,num,null,0,null
TriggerRate,1713284628000000000,num,null,0,null
TriggerRate,1713284838000000000,num,null,0,null
TriggerRate,1713292903000000000,num,null,0,null
TriggerRate,1713292963000000000,num,null,0,null
TriggerRate,1713293023000000000,num,null,0,null
TriggerRate,1713293083000000000,num,null,0,null
TriggerRate,1713293441000000000,num,null,0,null
TriggerRate,1713293501000000000,num,null,0,null
TriggerRate,1713293561000000000,num,null,0,null
TriggerRate,1713293621000000000,num,null,0,null
TriggerRate,1713293681000000000,num,null,0,null
TriggerRate,1713293741000000000,num,null,0,null
TriggerRate,1713293801000000000,num,null,0,null
TriggerRate,1713293861000000000,num,null,0,null
TriggerRate,1713293921000000000,num,null,0,null
TriggerRate,1713293981000000000,num,null,0,null
TriggerRate,1713294041000000000,num,null,0,null
TriggerRate,1713294101000000000,num,null,0,null
TriggerRate,1713294161000000000,num,null,0,null
TriggerRate,1713294221000000000,num,null,0,null
TriggerRate,1713294281000000000,num,null,0,null
TriggerRate,1713294341000000000,num,null,0,null
TriggerRate,1713294401000000000,num,null,0,null
TriggerRate,1713294461000000000,num,null,0,null
TriggerRate,1713294521000000000,num,null,0,null
TriggerRate,1713294581000000000,num,null,0,null
TriggerRate,1713294641000000000,num,null,0,null
TriggerRate,1713294701000000000,num,null,0,null
TriggerRate,1713294761000000000,num,null,0,null
TriggerRate,1713294821000000000,num,null,0,null
TriggerRate,1713294881000000000,num,null,0,null
TriggerRate,1713294941000000000,num,null,0,null
TriggerRate,1713295001000000000,num,null,0,null
TriggerRate,1713295061000000000,num,null,0,null
TriggerRate,1713295121000000000,num,null,0,null
TriggerRate,1713295181000000000,num,null,0,null
TriggerRate,1713295241000000000,num,null,0,null
TriggerRate,1713295301000000000,num,null,0,null
TriggerRate,1713295361000000000,num,null,0,null
TriggerRate,1713295421000000000,num,null,0,null
TriggerRate,1713295481000000000,num,null,0,null
TriggerRate,1713295541000000000,num,null,0,null
TriggerRate,1713295601000000000,num,null,0,null
TriggerRate,1713295661000000000,num,null,0,null
TriggerRate,1713295721000000000,num,null,0,null
TriggerRate,1713295781000000000,num,null,0,null
TriggerRate,1713295841000000000,num,null,0,null
TriggerRate,1713295901000000000,num,null,0,null
TriggerRate,1713295961000000000,num,null,0,null
TriggerRate,1713296021000000000,num,null,0,null
TriggerRate,1713296081000000000,num,null,0,null
TriggerRate,1713296141000000000,num,null,0,null
TriggerRate,1713296201000000000,num,null,0,null
TriggerRate,1713296261000000000,num,null,0,null
TriggerRate,1713296321000000000,num,null,0,null
TriggerRate,1713296381000000000,num,null,0,null
TriggerRate,1713296441000000000,num,null,0,null
TriggerRate,1713296501000000000,num,null,0,null
TriggerRate,1713296561000000000,num,null,0,null
TriggerRate,1713296863000000000,num,null,0,null
TriggerRate,1713296923000000000,num,null,0,null
TriggerRate,1713297043000000000,num,null,0,null
TriggerRate,1713297103000000000,num,null,0,null
TriggerRate,1713297163000000000,num,null,0,null
TriggerRate,1713297193000000000,num,null,0,null
TriggerRate,1713297283000000000,num,null,6,null
TriggerRate,1713297313000000000,num,null,6,null
TriggerRate,1713304955000000000,num,null,0,null
TriggerRate,1713305015000000000,num,null,0,null
TriggerRate,1713305135000000000,num,null,0,null
TriggerRate,1713305195000000000,num,null,0,null
TriggerRate,1713305255000000000,num,null,0,null
TriggerRate,1713305315000000000,num,null,0,null
TriggerRate,1713305375000000000,num,null,0,null
TriggerRate,1713305435000000000,num,null,79,null
TriggerRate,1713305495000000000,num,null,79,null
TriggerRate,1713305555000000000,num,null,102,null
TriggerRate,1713305615000000000,num,null,102,null
TriggerRate,1713305675000000000,num,null,102,null
TriggerRate,1713305735000000000,num,null,102,null
TriggerRate,1713305795000000000,num,null,102,null
TriggerRate,1713305855000000000,num,null,102,null
TriggerRate,1713305915000000000,num,null,102,null
TriggerRate,1713305975000000000,num,null,102,null
TriggerRate,1713306035000000000,num,null,102,null
TriggerRate,1713306095000000000,num,null,102,null
TriggerRate,1713306155000000000,num,null,102,null
TriggerRate,1713306215000000000,num,null,102,null
TriggerRate,1713306275000000000,num,null,102,null
TriggerRate,1713306335000000000,num,null,102,null
TriggerRate,1713306395000000000,num,null,102,null
TriggerRate,1713306455000000000,num,null,102,null
TriggerRate,1713306515000000000,num,null,102,null
TriggerRate,1713306575000000000,num,null,102,null
TriggerRate,1713306635000000000,num,null,20,null
TriggerRate,1713307193000000000,num,null,0,null
TriggerRate,1713307253000000000,num,null,0,null
TriggerRate,1713307373000000000,num,null,0,null
TriggerRate,1713307433000000000,num,null,0,null
TriggerRate,1713307493000000000,num,null,0,null
TriggerRate,1713307553000000000,num,null,18,null
TriggerRate,1713307613000000000,num,null,18,null
TriggerRate,1713307673000000000,num,null,102,null
TriggerRate,1713307703000000000,num,null,28,null
TriggerRate,1713344201000000000,num,null,0,null
TriggerRate,1713344231000000000,num,null,0,null
TriggerRate,1713344321000000000,num,null,0,null
TriggerRate,1713344381000000000,num,null,0,null
TriggerRate,1713344441000000000,num,null,0,null
TriggerRate,1713344501000000000,num,null,0,null
TriggerRate,1713344561000000000,num,null,19,null
TriggerRate,1713344621000000000,num,null,19,null
TriggerRate,1713344681000000000,num,null,103,null
TriggerRate,1713344741000000000,num,null,103,null
TriggerRate,1713344801000000000,num,null,103,null
TriggerRate,1713344861000000000,num,null,103,null
TriggerRate,1713344921000000000,num,null,103,null
TriggerRate,1713344981000000000,num,null,103,null
TriggerRate,1713345041000000000,num,null,103,null
TriggerRate,1713345101000000000,num,null,103,null
TriggerRate,1713345161000000000,num,null,103,null
TriggerRate,1713345221000000000,num,null,103,null
TriggerRate,1713345281000000000,num,null,103,null
TriggerRate,1713345341000000000,num,null,103,null
TriggerRate,1713345401000000000,num,null,103,null
TriggerRate,1713345461000000000,num,null,103,null
TriggerRate,1713345521000000000,num,null,103,null
TriggerRate,1713345581000000000,num,null,103,null
TriggerRate,1713345641000000000,num,null,103,null
TriggerRate,1713345701000000000,num,null,103,null
TriggerRate,1713345761000000000,num,null,103,null
TriggerRate,1713345821000000000,num,null,103,null
TriggerRate,1713345881000000000,num,null,103,null
TriggerRate,1713345941000000000,num,null,103,null
TriggerRate,1713346001000000000,num,null,103,null
TriggerRate,1713346061000000000,num,null,103,null
TriggerRate,1713346121000000000,num,null,103,null
TriggerRate,1713346181000000000,num,null,103,null
TriggerRate,1713346241000000000,num,null,103,null
TriggerRate,1713346301000000000,num,null,103,null
TriggerRate,1713346361000000000,num,null,80,null
TriggerRate,1713346421000000000,num,null,80,null
TriggerRate,1713346481000000000,num,null,80,null
TriggerRate,1713346541000000000,num,null,80,null
TriggerRate,1713346601000000000,num,null,80,null
TriggerRate,1713346661000000000,num,null,80,null
TriggerRate,1713346721000000000,num,null,80,null
TriggerRate,1713346781000000000,num,null,80,null
TriggerRate,1713346841000000000,num,null,80,null
TriggerRate,1713346901000000000,num,null,80,null
TriggerRate,1713346961000000000,num,null,80,null
TriggerRate,1713347021000000000,num,null,80,null
TriggerRate,1713347081000000000,num,null,80,null
TriggerRate,1713347141000000000,num,null,80,null
TriggerRate,1713347201000000000,num,null,80,null
TriggerRate,1713347261000000000,num,null,80,null
TriggerRate,1713347321000000000,num,null,80,null
TriggerRate,1713347381000000000,num,null,80,null
TriggerRate,1713347441000000000,num,null,80,null
TriggerRate,1713347501000000000,num,null,80,null
TriggerRate,1713347561000000000,num,null,80,null
TriggerRate,1713347621000000000,num,null,80,null
TriggerRate,1713347681000000000,num,null,80,null
TriggerRate,1713347741000000000,num,null,80,null
TriggerRate,1713347801000000000,num,null,80,null
TriggerRate,1713347861000000000,num,null,80,null
TriggerRate,1713347921000000000,num,null,80,null
TriggerRate,1713347981000000000,num,null,80,null
TriggerRate,1713348041000000000,num,null,80,null
TriggerRate,1713348101000000000,num,null,80,null
TriggerRate,1713348161000000000,num,null,80,null
TriggerRate,1713348221000000000,num,null,80,null
TriggerRate,1713348281000000000,num,null,80,null
TriggerRate,1713348341000000000,num,null,80,null
TriggerRate,1713348401000000000,num,null,80,null
TriggerRate,1713348461000000000,num,null,80,null
TriggerRate,1713348521000000000,num,null,80,null
TriggerRate,1713348581000000000,num,null,80,null
TriggerRate,1713348641000000000,num,null,80,null
TriggerRate,1713348701000000000,num,null,80,null
TriggerRate,1713348761000000000,num,null,80,null
TriggerRate,1713348821000000000,num,null,80,null
TriggerRate,1713348881000000000,num,null,80,null
TriggerRate,1713348941000000000,num,null,80,null
TriggerRate,1713349001000000000,num,null,80,null
TriggerRate,1713349031000000000,num,null,80,null
TriggerRate,1713349241000000000,num,null,80,null
TriggerRate,1713349301000000000,num,null,80,null
TriggerRate,1713349361000000000,num,null,80,null
TriggerRate,1713349391000000000,num,null,80,null
TriggerRate,1713349481000000000,num,null,80,null
TriggerRate,1713349541000000000,num,null,80,null
TriggerRate,1713349601000000000,num,null,80,null
TriggerRate,1713349631000000000,num,null,80,null
TriggerRate,1713349721000000000,num,null,65535,null
TriggerRate,1713349781000000000,num,null,65535,null
TriggerRate,1713349841000000000,num,null,107,null
TriggerRate,1713349901000000000,num,null,107,null
TriggerRate,1713349961000000000,num,null,105,null
TriggerRate,1713350021000000000,num,null,105,null
TriggerRate,1713350081000000000,num,null,105,null
TriggerRate,1713350141000000000,num,null,105,null
TriggerRate,1713350201000000000,num,null,119,null
TriggerRate,1713350261000000000,num,null,119,null
TriggerRate,1713350321000000000,num,null,136,null
TriggerRate,1713350381000000000,num,null,136,null
TriggerRate,1713350441000000000,num,null,126,null
TriggerRate,1713350501000000000,num,null,126,null
TriggerRate,1713350561000000000,num,null,120,null
TriggerRate,1713350621000000000,num,null,120,null
TriggerRate,1713350681000000000,num,null,115,null
TriggerRate,1713350741000000000,num,null,115,null
TriggerRate,1713350801000000000,num,null,112,null
TriggerRate,1713350861000000000,num,null,112,null
TriggerRate,1713350921000000000,num,null,110,null
TriggerRate,1713350981000000000,num,null,110,null
TriggerRate,1713351041000000000,num,null,112,null
TriggerRate,1713351101000000000,num,null,112,null
TriggerRate,1713351161000000000,num,null,112,null
TriggerRate,1713351221000000000,num,null,112,null
TriggerRate,1713351281000000000,num,null,113,null
TriggerRate,1713351341000000000,num,null,113,null
TriggerRate,1713351401000000000,num,null,109,null
TriggerRate,1713351461000000000,num,null,109,null
TriggerRate,1713351521000000000,num,null,114,null
TriggerRate,1713351581000000000,num,null,114,null
TriggerRate,1713351641000000000,num,null,111,null
TriggerRate,1713351701000000000,num,null,111,null
TriggerRate,1713351761000000000,num,null,114,null
TriggerRate,1713351821000000000,num,null,114,null
TriggerRate,1713351881000000000,num,null,111,null
TriggerRate,1713351941000000000,num,null,111,null
TriggerRate,1713352001000000000,num,null,118,null
TriggerRate,1713352061000000000,num,null,118,null
TriggerRate,1713352121000000000,num,null,111,null
TriggerRate,1713352181000000000,num,null,111,null
TriggerRate,1713352241000000000,num,null,113,null
TriggerRate,1713352301000000000,num,null,113,null
TriggerRate,1713352361000000000,num,null,110,null
TriggerRate,1713352421000000000,num,null,110,null
TriggerRate,1713352481000000000,num,null,112,null
TriggerRate,1713352541000000000,num,null,112,null
TriggerRate,1713352601000000000,num,null,112,null
TriggerRate,1713352661000000000,num,null,112,null
TriggerRate,1713352721000000000,num,null,114,null
TriggerRate,1713352781000000000,num,null,114,null
TriggerRate,1713352841000000000,num,null,111,null
TriggerRate,1713352901000000000,num,null,111,null
TriggerRate,1713352961000000000,num,null,113,null
TriggerRate,1713353021000000000,num,null,113,null
TriggerRate,1713353081000000000,num,null,116,null
TriggerRate,1713353111000000000,num,null,116,null
TriggerRate,1713353171000000000,num,null,75,null
TriggerRate,1713371427000000000,num,null,0,null
TriggerRate,1713371487000000000,num,null,0,null
TriggerRate,1713371607000000000,num,null,0,null
TriggerRate,1713371667000000000,num,null,0,null
TriggerRate,1713371727000000000,num,null,0,null
TriggerRate,1713371787000000000,num,null,0,null
TriggerRate,1713371847000000000,num,null,0,null
TriggerRate,1713371907000000000,num,null,109,null
TriggerRate,1713371967000000000,num,null,109,null
TriggerRate,1713372027000000000,num,null,103,null
TriggerRate,1713372087000000000,num,null,103,null
TriggerRate,1713372147000000000,num,null,103,null
TriggerRate,1713372207000000000,num,null,103,null
TriggerRate,1713372267000000000,num,null,103,null
TriggerRate,1713372327000000000,num,null,103,null
TriggerRate,1713372387000000000,num,null,103,null
TriggerRate,1713372447000000000,num,null,103,null
TriggerRate,1713372507000000000,num,null,103,null
TriggerRate,1713372567000000000,num,null,103,null
TriggerRate,1713372627000000000,num,null,103,null
TriggerRate,1713372687000000000,num,null,103,null
TriggerRate,1713372747000000000,num,null,103,null
TriggerRate,1713372807000000000,num,null,103,null
TriggerRate,1713372867000000000,num,null,103,null
TriggerRate,1713372927000000000,num,null,103,null
TriggerRate,1713372987000000000,num,null,103,null
TriggerRate,1713373047000000000,num,null,103,null
TriggerRate,1713373107000000000,num,null,90,null
TriggerRate,1713373167000000000,num,null,90,null
TriggerRate,1713373227000000000,num,null,90,null
TriggerRate,1713373287000000000,num,null,90,null
TriggerRate,1713413381000000000,num,null,0,null
TriggerRate,1713413441000000000,num,null,0,null
TriggerRate,1713413561000000000,num,null,0,null
TriggerRate,1713413621000000000,num,null,0,null
TriggerRate,1713413681000000000,num,null,0,null
TriggerRate,1713413741000000000,num,null,18,null
TriggerRate,1713413801000000000,num,null,18,null
TriggerRate,1713413861000000000,num,null,102,null
TriggerRate,1713413921000000000,num,null,102,null
TriggerRate,1713413981000000000,num,null,102,null
TriggerRate,1713414041000000000,num,null,102,null
TriggerRate,1713414101000000000,num,null,102,null
TriggerRate,1713414161000000000,num,null,102,null
TriggerRate,1713414221000000000,num,null,102,null
TriggerRate,1713414281000000000,num,null,102,null
TriggerRate,1713414341000000000,num,null,102,null
TriggerRate,1713414401000000000,num,null,102,null
TriggerRate,1713414461000000000,num,null,102,null
TriggerRate,1713414521000000000,num,null,102,null
TriggerRate,1713414581000000000,num,null,102,null
TriggerRate,1713414641000000000,num,null,102,null
TriggerRate,1713414701000000000,num,null,102,null
TriggerRate,1713414761000000000,num,null,102,null
TriggerRate,1713414821000000000,num,null,102,null
TriggerRate,1713414881000000000,num,null,102,null
TriggerRate,1713414911000000000,num,null,102,null
TriggerRate,1713415001000000000,num,null,6,null
TriggerRate,1713415061000000000,num,null,6,null
TriggerRate,1713415121000000000,num,null,6,null
TriggerRate,1713415181000000000,num,null,6,null
TriggerRate,1713415241000000000,num,null,6,null
TriggerRate,1713415271000000000,num,null,6,null
TriggerRate,1713415481000000000,num,null,6,null
TriggerRate,1713415541000000000,num,null,6,null
TriggerRate,1713415601000000000,num,null,6,null
TriggerRate,1713415661000000000,num,null,65535,null
TriggerRate,1713415721000000000,num,null,65535,null
TriggerRate,1713415781000000000,num,null,102,null
TriggerRate,1713415841000000000,num,null,102,null
TriggerRate,1713415901000000000,num,null,102,null
TriggerRate,1713415961000000000,num,null,102,null
TriggerRate,1713415991000000000,num,null,102,null
TriggerRate,1713416081000000000,num,null,6,null
TriggerRate,1713416141000000000,num,null,6,null
TriggerRate,1713416201000000000,num,null,6,null
TriggerRate,1713416231000000000,num,null,6,null
TriggerRate,1713416621000000000,num,null,11,null
TriggerRate,1713416681000000000,num,null,11,null
TriggerRate,1713416741000000000,num,null,65535,null
TriggerRate,1713416801000000000,num,null,65535,null
TriggerRate,1713416831000000000,num,null,65535,null
TriggerRate,1713416921000000000,num,null,10,null
TriggerRate,1713417521000000000,num,null,10,null
TriggerRate,1713417581000000000,num,null,10,null
TriggerRate,1713417641000000000,num,null,10,null
TriggerRate,1713417701000000000,num,null,65535,null
TriggerRate,1713417761000000000,num,null,23,null
TriggerRate,1713417821000000000,num,null,23,null
TriggerRate,1713418061000000000,num,null,23,null
TriggerRate,1713418121000000000,num,null,23,null
TriggerRate,1713418181000000000,num,null,65535,null
TriggerRate,1713418241000000000,num,null,19,null
TriggerRate,1713418301000000000,num,null,19,null
TriggerRate,1713435576000000000,num,null,0,null
TriggerRate,1713435636000000000,num,null,0,null
TriggerRate,1713435756000000000,num,null,0,null
TriggerRate,1713435816000000000,num,null,0,null
TriggerRate,1713435876000000000,num,null,0,null
TriggerRate,1713435936000000000,num,null,11,null
TriggerRate,1713435966000000000,num,null,11,null
TriggerRate,1713436056000000000,num,null,69,null
TriggerRate,1713436116000000000,num,null,69,null
TriggerRate,1713436176000000000,num,null,69,null
TriggerRate,1713436236000000000,num,null,69,null
TriggerRate,1713436296000000000,num,null,69,null
TriggerRate,1713436356000000000,num,null,69,null
TriggerRate,1713436416000000000,num,null,69,null
TriggerRate,1713436476000000000,num,null,69,null
TriggerRate,1713436536000000000,num,null,69,null
TriggerRate,1713436596000000000,num,null,69,null
TriggerRate,1713436656000000000,num,null,69,null
TriggerRate,1713436716000000000,num,null,69,null
TriggerRate,1713436776000000000,num,null,69,null
TriggerRate,1713436836000000000,num,null,69,null
TriggerRate,1713436896000000000,num,null,69,null
TriggerRate,1713436956000000000,num,null,69,null
TriggerRate,1713437016000000000,num,null,69,null
TriggerRate,1713437076000000000,num,null,69,null
TriggerRate,1713437136000000000,num,null,69,null
TriggerRate,1713437196000000000,num,null,69,null
TriggerRate,1713437256000000000,num,null,69,null
TriggerRate,1713437316000000000,num,null,69,null
TriggerRate,1713437376000000000,num,null,69,null
TriggerRate,1713437436000000000,num,null,69,null
TriggerRate,1713437496000000000,num,null,69,null
TriggerRate,1713437556000000000,num,null,69,null
TriggerRate,1713437616000000000,num,null,69,null
TriggerRate,1713437676000000000,num,null,69,null
TriggerRate,1713437736000000000,num,null,69,null
TriggerRate,1713437796000000000,num,null,69,null
TriggerRate,1713437856000000000,num,null,65535,null
TriggerRate,1713437916000000000,num,null,65535,null
TriggerRate,1713437976000000000,num,null,102,null
TriggerRate,1713438036000000000,num,null,102,null
TriggerRate,1713438096000000000,num,null,102,null
TriggerRate,1713438156000000000,num,null,102,null
TriggerRate,1713438216000000000,num,null,102,null
TriggerRate,1713438276000000000,num,null,102,null
TriggerRate,1713438336000000000,num,null,102,null
TriggerRate,1713438396000000000,num,null,102,null
TriggerRate,1713438456000000000,num,null,102,null
TriggerRate,1713438516000000000,num,null,102,null
TriggerRate,1713438576000000000,num,null,102,null
TriggerRate,1713438636000000000,num,null,102,null
TriggerRate,1713438696000000000,num,null,102,null
TriggerRate,1713438756000000000,num,null,102,null
TriggerRate,1713438816000000000,num,null,102,null
TriggerRate,1713438876000000000,num,null,102,null
TriggerRate,1713438906000000000,num,null,102,null
TriggerRate,1713438966000000000,num,null,6,null
TriggerRate,1713455211000000000,num,null,0,null
TriggerRate,1713455241000000000,num,null,0,null
TriggerRate,1713455331000000000,num,null,0,null
TriggerRate,1713455391000000000,num,null,0,null
TriggerRate,1713455451000000000,num,null,0,null
TriggerRate,1713455511000000000,num,null,0,null
TriggerRate,1713455571000000000,num,null,42,null
TriggerRate,1713455631000000000,num,null,42,null
TriggerRate,1713455691000000000,num,null,103,null
TriggerRate,1713455751000000000,num,null,103,null
TriggerRate,1713455811000000000,num,null,103,null
TriggerRate,1713455871000000000,num,null,103,null
TriggerRate,1713455931000000000,num,null,103,null
TriggerRate,1713455991000000000,num,null,103,null
TriggerRate,1713456051000000000,num,null,103,null
TriggerRate,1713456111000000000,num,null,103,null
TriggerRate,1713456171000000000,num,null,103,null
TriggerRate,1713456231000000000,num,null,103,null
TriggerRate,1713456291000000000,num,null,103,null
TriggerRate,1713456351000000000,num,null,103,null
TriggerRate,1713456411000000000,num,null,103,null
TriggerRate,1713456471000000000,num,null,103,null
TriggerRate,1713456531000000000,num,null,103,null
TriggerRate,1713456591000000000,num,null,103,null
TriggerRate,1713456651000000000,num,null,103,null
TriggerRate,1713456681000000000,num,null,103,null
TriggerRate,1713456771000000000,num,null,90,null
TriggerRate,1713456831000000000,num,null,90,null
TriggerRate,1713456891000000000,num,null,90,null
TriggerRate,1713456951000000000,num,null,90,null
TriggerRate,1713457011000000000,num,null,90,null
TriggerRate,1713457071000000000,num,null,90,null
TriggerRate,1713457131000000000,num,null,90,null
TriggerRate,1713457191000000000,num,null,90,null
TriggerRate,1713457251000000000,num,null,90,null
TriggerRate,1713457311000000000,num,null,90,null
TriggerRate,1713457371000000000,num,null,90,null
TriggerRate,1713457431000000000,num,null,90,null
TriggerRate,1713457491000000000,num,null,90,null
TriggerRate,1713457551000000000,num,null,90,null
TriggerRate,1713457611000000000,num,null,90,null
TriggerRate,1713457671000000000,num,null,90,null
TriggerRate,1713457731000000000,num,null,90,null
TriggerRate,1713457791000000000,num,null,90,null
TriggerRate,1713457851000000000,num,null,90,null
TriggerRate,1713457911000000000,num,null,90,null
TriggerRate,1713457971000000000,num,null,90,null
TriggerRate,1713458031000000000,num,null,90,null
TriggerRate,1713458091000000000,num,null,90,null
TriggerRate,1713458151000000000,num,null,90,null
TriggerRate,1713458211000000000,num,null,90,null
TriggerRate,1713458271000000000,num,null,90,null
TriggerRate,1713458331000000000,num,null,90,null
TriggerRate,1713458361000000000,num,null,90,null
TriggerRate,1713469194000000000,num,null,0,null
TriggerRate,1713469254000000000,num,null,0,null
TriggerRate,1713469374000000000,num,null,0,null
TriggerRate,1713469434000000000,num,null,0,null
TriggerRate,1713469494000000000,num,null,0,null
TriggerRate,1713469554000000000,num,null,18,null
TriggerRate,1713469584000000000,num,null,18,null
TriggerRate,1713469674000000000,num,null,69,null
TriggerRate,1713469734000000000,num,null,69,null
TriggerRate,1713469794000000000,num,null,69,null
TriggerRate,1713469854000000000,num,null,69,null
TriggerRate,1713469914000000000,num,null,69,null
TriggerRate,1713469974000000000,num,null,69,null
TriggerRate,1713470034000000000,num,null,69,null
TriggerRate,1713470094000000000,num,null,69,null
TriggerRate,1713470154000000000,num,null,69,null
TriggerRate,1713470214000000000,num,null,69,null
TriggerRate,1713470274000000000,num,null,69,null
TriggerRate,1713470334000000000,num,null,69,null
TriggerRate,1713470394000000000,num,null,69,null
TriggerRate,1713470454000000000,num,null,69,null
TriggerRate,1713470514000000000,num,null,69,null
TriggerRate,1713470574000000000,num,null,69,null
TriggerRate,1713470634000000000,num,null,69,null
TriggerRate,1713470694000000000,num,null,69,null
TriggerRate,1713470754000000000,num,null,69,null
TriggerRate,1713470814000000000,num,null,69,null
TriggerRate,1713471114000000000,num,null,69,null
TriggerRate,1713471174000000000,num,null,69,null
TriggerRate,1713471234000000000,num,null,69,null
TriggerRate,1713471294000000000,num,null,69,null
TriggerRate,1713471354000000000,num,null,69,null
TriggerRate,1713471414000000000,num,null,69,null
TriggerRate,1713471474000000000,num,null,69,null
TriggerRate,1713471534000000000,num,null,69,null
TriggerRate,1713471594000000000,num,null,69,null
TriggerRate,1713471654000000000,num,null,69,null
TriggerRate,1713471684000000000,num,null,69,null
TriggerRate,1713472004000000000,num,null,0,null
TriggerRate,1713472064000000000,num,null,0,null
TriggerRate,1713472184000000000,num,null,0,null
TriggerRate,1713472244000000000,num,null,0,null
TriggerRate,1713472304000000000,num,null,0,null
TriggerRate,1713472364000000000,num,null,18,null
TriggerRate,1713472424000000000,num,null,18,null
TriggerRate,1713472484000000000,num,null,102,null
TriggerRate,1713472544000000000,num,null,102,null
TriggerRate,1713472604000000000,num,null,102,null
TriggerRate,1713472664000000000,num,null,50,null
TriggerRate,1713496408000000000,num,null,0,null
TriggerRate,1713496468000000000,num,null,0,null
TriggerRate,1713496588000000000,num,null,0,null
TriggerRate,1713496648000000000,num,null,0,null
TriggerRate,1713496708000000000,num,null,0,null
TriggerRate,1713496768000000000,num,null,9,null
TriggerRate,1713496828000000000,num,null,9,null
TriggerRate,1713496888000000000,num,null,65535,null
TriggerRate,1713496948000000000,num,null,65535,null
TriggerRate,1713496978000000000,num,null,65535,null
TriggerRate,1713497068000000000,num,null,7,null
TriggerRate,1713497128000000000,num,null,7,null
TriggerRate,1713497188000000000,num,null,7,null
TriggerRate,1713497248000000000,num,null,7,null
TriggerRate,1713497308000000000,num,null,7,null
TriggerRate,1713497368000000000,num,null,7,null
TriggerRate,1713497428000000000,num,null,7,null
TriggerRate,1713497488000000000,num,null,7,null
TriggerRate,1713497548000000000,num,null,7,null
TriggerRate,1713497608000000000,num,null,7,null
TriggerRate,1713497668000000000,num,null,7,null
TriggerRate,1713497728000000000,num,null,7,null
TriggerRate,1713497788000000000,num,null,7,null
TriggerRate,1713497848000000000,num,null,7,null
TriggerRate,1713497908000000000,num,null,7,null
TriggerRate,1713497968000000000,num,null,7,null
TriggerRate,1713498028000000000,num,null,7,null
TriggerRate,1713498088000000000,num,null,7,null
TriggerRate,1713498148000000000,num,null,7,null
TriggerRate,1713498208000000000,num,null,7,null
TriggerRate,1713498268000000000,num,null,7,null
TriggerRate,1713498328000000000,num,null,7,null
TriggerRate,1713498388000000000,num,null,7,null
TriggerRate,1713498448000000000,num,null,7,null
TriggerRate,1713498508000000000,num,null,7,null
TriggerRate,1713498568000000000,num,null,7,null
TriggerRate,1713498628000000000,num,null,7,null
TriggerRate,1713498688000000000,num,null,7,null
TriggerRate,1713498718000000000,num,null,7,null
TriggerRate,1713498928000000000,num,null,7,null
TriggerRate,1713498988000000000,num,null,7,null
TriggerRate,1713499048000000000,num,null,7,null
TriggerRate,1713499078000000000,num,null,7,null
TriggerRate,1713499168000000000,num,null,7,null
TriggerRate,1713499228000000000,num,null,7,null
TriggerRate,1713499348000000000,num,null,7,null
TriggerRate,1713499408000000000,num,null,7,null
TriggerRate,1713499468000000000,num,null,7,null
TriggerRate,1713499498000000000,num,null,7,null
TriggerRate,1713501030000000000,num,null,0,null
TriggerRate,1713501090000000000,num,null,0,null
TriggerRate,1713501330000000000,num,null,0,null
TriggerRate,1713501390000000000,num,null,0,null
TriggerRate,1713501450000000000,num,null,0,null
TriggerRate,1713501480000000000,num,null,0,null
TriggerRate,1713501570000000000,num,null,0,null
TriggerRate,1713501630000000000,num,null,0,null
TriggerRate,1713501750000000000,num,null,0,null
TriggerRate,1713501810000000000,num,null,0,null
TriggerRate,1713501870000000000,num,null,74,null
TriggerRate,1713501930000000000,num,null,50,null
TriggerRate,1713583418000000000,num,null,0,null
TriggerRate,1713583478000000000,num,null,0,null
TriggerRate,1713583598000000000,num,null,0,null
TriggerRate,1713583658000000000,num,null,0,null
TriggerRate,1713583718000000000,num,null,0,null
TriggerRate,1713583778000000000,num,null,0,null
TriggerRate,1713583838000000000,num,null,0,null
TriggerRate,1713583898000000000,num,null,89,null
TriggerRate,1713583958000000000,num,null,89,null
TriggerRate,1713584018000000000,num,null,102,null
TriggerRate,1713584078000000000,num,null,102,null
TriggerRate,1713584138000000000,num,null,102,null
TriggerRate,1713584198000000000,num,null,102,null
TriggerRate,1713584258000000000,num,null,102,null
TriggerRate,1713584318000000000,num,null,102,null
TriggerRate,1713584378000000000,num,null,102,null
TriggerRate,1713584438000000000,num,null,102,null
TriggerRate,1713584498000000000,num,null,102,null
TriggerRate,1713584558000000000,num,null,102,null
TriggerRate,1713584618000000000,num,null,102,null
TriggerRate,1713584678000000000,num,null,102,null
TriggerRate,1713584738000000000,num,null,102,null
TriggerRate,1713584798000000000,num,null,102,null
TriggerRate,1713584858000000000,num,null,102,null
TriggerRate,1713584918000000000,num,null,102,null
TriggerRate,1713584978000000000,num,null,102,null
TriggerRate,1713585038000000000,num,null,102,null
TriggerRate,1713585068000000000,num,null,102,null
TriggerRate,1713585158000000000,num,null,32,null
TriggerRate,1713585218000000000,num,null,32,null
TriggerRate,1713585458000000000,num,null,32,null
TriggerRate,1713585518000000000,num,null,32,null
TriggerRate,1713585578000000000,num,null,32,null
TriggerRate,1713585698000000000,num,null,32,null
TriggerRate,1713585758000000000,num,null,32,null
TriggerRate,1713585878000000000,num,null,32,null
TriggerRate,1713585938000000000,num,null,32,null
TriggerRate,1713585998000000000,num,null,32,null
TriggerRate,1713586058000000000,num,null,23,null
TriggerRate,1713755316000000000,num,null,0,null
TriggerRate,1713755376000000000,num,null,0,null
TriggerRate,1713755496000000000,num,null,0,null
TriggerRate,1713755556000000000,num,null,0,null
TriggerRate,1713755616000000000,num,null,0,null
TriggerRate,1713755676000000000,num,null,18,null
TriggerRate,1713755736000000000,num,null,18,null
TriggerRate,1713755796000000000,num,null,102,null
TriggerRate,1713755856000000000,num,null,102,null
TriggerRate,1713755916000000000,num,null,102,null
TriggerRate,1713755976000000000,num,null,102,null
TriggerRate,1713756036000000000,num,null,102,null
TriggerRate,1713756096000000000,num,null,102,null
TriggerRate,1713756156000000000,num,null,102,null
TriggerRate,1713756216000000000,num,null,102,null
TriggerRate,1713756276000000000,num,null,102,null
TriggerRate,1713756336000000000,num,null,102,null
TriggerRate,1713756396000000000,num,null,102,null
TriggerRate,1713756456000000000,num,null,102,null
TriggerRate,1713756516000000000,num,null,102,null
TriggerRate,1713756576000000000,num,null,102,null
TriggerRate,1713756636000000000,num,null,102,null
TriggerRate,1713756696000000000,num,null,102,null
TriggerRate,1713756756000000000,num,null,102,null
TriggerRate,1713756816000000000,num,null,102,null
TriggerRate,1713756846000000000,num,null,102,null
TriggerRate,1713756936000000000,num,null,7,null
TriggerRate,1713756996000000000,num,null,7,null
TriggerRate,1713757056000000000,num,null,7,null
TriggerRate,1713757116000000000,num,null,7,null
TriggerRate,1713757176000000000,num,null,7,null
TriggerRate,1713757536000000000,num,null,7,null
TriggerRate,1713757596000000000,num,null,7,null
TriggerRate,1713757656000000000,num,null,7,null
TriggerRate,1713757716000000000,num,null,7,null
TriggerRate,1713757776000000000,num,null,7,null
TriggerRate,1713758016000000000,num,null,7,null
TriggerRate,1713758077000000000,num,null,7,null
TriggerRate,1713758137000000000,num,null,7,null
TriggerRate,1713758197000000000,num,null,7,null
TriggerRate,1713758257000000000,num,null,7,null
TriggerRate,1713758317000000000,num,null,65535,null
TriggerRate,1713758377000000000,num,null,65535,null
TriggerRate,1713758437000000000,num,null,102,null
TriggerRate,1713758497000000000,num,null,102,null
TriggerRate,1713758557000000000,num,null,102,null
TriggerRate,1713758616000000000,num,null,58,null
TriggerRate,1713758676000000000,num,null,58,null
TriggerRate,1713758737000000000,num,null,58,null
TriggerRate,1713758797000000000,num,null,58,null
TriggerRate,1713758857000000000,num,null,58,null
TriggerRate,1713758917000000000,num,null,58,null
TriggerRate,1713758977000000000,num,null,58,null
TriggerRate,1713759037000000000,num,null,58,null
TriggerRate,1713759067000000000,num,null,58,null
TriggerRate,1713759277000000000,num,null,58,null
TriggerRate,1713759337000000000,num,null,58,null
TriggerRate,1713759397000000000,num,null,65535,null
TriggerRate,1713759457000000000,num,null,65535,null
TriggerRate,1713759517000000000,num,null,102,null
TriggerRate,1713759577000000000,num,null,102,null
TriggerRate,1713759637000000000,num,null,103,null
TriggerRate,1713759667000000000,num,null,103,null
TriggerRate,1713759757000000000,num,null,62,null
TriggerRate,1713759817000000000,num,null,62,null
TriggerRate,1713759847000000000,num,null,62,null
TriggerRate,1713760057000000000,num,null,62,null
TriggerRate,1713760117000000000,num,null,62,null
TriggerRate,1713760147000000000,num,null,62,null
TriggerRate,1713760357000000000,num,null,62,null
TriggerRate,1713760417000000000,num,null,62,null
TriggerRate,1713760477000000000,num,null,16,null
TriggerRate,1713760537000000000,num,null,16,null
TriggerRate,1713760597000000000,num,null,65535,null
TriggerRate,1713760657000000000,num,null,65535,null
TriggerRate,1713760717000000000,num,null,102,null
TriggerRate,1713760777000000000,num,null,102,null
TriggerRate,1713760837000000000,num,null,102,null
TriggerRate,1713760897000000000,num,null,102,null
TriggerRate,1713760957000000000,num,null,94,null
TriggerRate,1713761017000000000,num,null,94,null
TriggerRate,1713761077000000000,num,null,94,null
TriggerRate,1713761137000000000,num,null,94,null
TriggerRate,1713761197000000000,num,null,94,null
TriggerRate,1713761257000000000,num,null,94,null
TriggerRate,1713761317000000000,num,null,94,null
TriggerRate,1713761377000000000,num,null,94,null
TriggerRate,1713761437000000000,num,null,94,null
TriggerRate,1713761677000000000,num,null,94,null
TriggerRate,1713761737000000000,num,null,94,null
TriggerRate,1713761797000000000,num,null,94,null
TriggerRate,1713761857000000000,num,null,94,null
TriggerRate,1713761917000000000,num,null,65535,null
TriggerRate,1713761977000000000,num,null,65535,null
TriggerRate,1713762037000000000,num,null,102,null
TriggerRate,1713762097000000000,num,null,102,null
TriggerRate,1713762157000000000,num,null,102,null
TriggerRate,1713762217000000000,num,null,102,null
TriggerRate,1713762277000000000,num,null,102,null
TriggerRate,1713762337000000000,num,null,102,null
TriggerRate,1713762397000000000,num,null,102,null
TriggerRate,1713762457000000000,num,null,102,null
TriggerRate,1713762517000000000,num,null,102,null
TriggerRate,1713762577000000000,num,null,102,null
TriggerRate,1713762637000000000,num,null,102,null
TriggerRate,1713762697000000000,num,null,40,null
TriggerRate,1713762757000000000,num,null,40,null
TriggerRate,1713762817000000000,num,null,40,null
TriggerRate,1713762877000000000,num,null,40,null
TriggerRate,1713762937000000000,num,null,40,null
TriggerRate,1713762997000000000,num,null,40,null
TriggerRate,1713763027000000000,num,null,40,null
TriggerRate,1713763177000000000,num,null,40,null
TriggerRate,1713763237000000000,num,null,40,null
TriggerRate,1713763297000000000,num,null,40,null
TriggerRate,1713763327000000000,num,null,40,null
TriggerRate,1713764557000000000,num,null,40,null
TriggerRate,1713764617000000000,num,null,40,null
TriggerRate,1713765157000000000,num,null,40,null
TriggerRate,1713765217000000000,num,null,40,null
TriggerRate,1713765277000000000,num,null,40,null
TriggerRate,1713765337000000000,num,null,40,null
TriggerRate,1713765397000000000,num,null,40,null
TriggerRate,1713765457000000000,num,null,40,null
TriggerRate,1713765517000000000,num,null,40,null
TriggerRate,1713765547000000000,num,null,40,null
TriggerRate,1713845635000000000,num,null,0,null
TriggerRate,1713845665000000000,num,null,0,null
TriggerRate,1713845875000000000,num,null,0,null
TriggerRate,1713845935000000000,num,null,0,null
TriggerRate,1713845995000000000,num,null,0,null
TriggerRate,1713846025000000000,num,null,0,null
TriggerRate,1713846115000000000,num,null,0,null
TriggerRate,1713846175000000000,num,null,0,null
TriggerRate,1713846235000000000,num,null,0,null
TriggerRate,1713846265000000000,num,null,0,null
TriggerRate,1713846355000000000,num,null,0,null
TriggerRate,1713846415000000000,num,null,0,null
TriggerRate,1713846445000000000,num,null,127,null
TriggerRate,1713846535000000000,num,null,43,null
TriggerRate,1713846595000000000,num,null,43,null
TriggerRate,1713846655000000000,num,null,43,null
TriggerRate,1713846685000000000,num,null,43,null
TriggerRate,1714012976000000000,num,null,43,null
TriggerRate,1714013006000000000,num,null,43,null
TriggerRate,1714013516000000000,num,null,0,null
TriggerRate,1714013546000000000,num,null,0,null
TriggerRate,1714013636000000000,num,null,0,null
TriggerRate,1714013696000000000,num,null,0,null
TriggerRate,1714014163000000000,num,null,0,null
TriggerRate,1714014223000000000,num,null,0,null
TriggerRate,1714014283000000000,num,null,0,null
TriggerRate,1714014343000000000,num,null,0,null
TriggerRate,1714014403000000000,num,null,0,null
TriggerRate,1714014463000000000,num,null,0,null
TriggerRate,1714014523000000000,num,null,0,null
TriggerRate,1714014583000000000,num,null,0,null
TriggerRate,1714014643000000000,num,null,0,null
TriggerRate,1714014703000000000,num,null,0,null
TriggerRate,1714014763000000000,num,null,0,null
TriggerRate,1714014823000000000,num,null,0,null
TriggerRate,1714014883000000000,num,null,0,null
TriggerRate,1714014943000000000,num,null,0,null
TriggerRate,1714015003000000000,num,null,0,null
TriggerRate,1714015063000000000,num,null,0,null
TriggerRate,1714015123000000000,num,null,0,null
TriggerRate,1714015153000000000,num,null,0,null
TriggerRate,1714015303000000000,num,null,0,null
TriggerRate,1714015363000000000,num,null,0,null
TriggerRate,1714015423000000000,num,null,0,null
TriggerRate,1714015453000000000,num,null,0,null
TriggerRate,1714015723000000000,num,null,0,null
TriggerRate,1714015753000000000,num,null,0,null
TriggerRate,1714015963000000000,num,null,0,null
TriggerRate,1714015993000000000,num,null,0,null
TriggerRate,1714101894000000000,num,null,0,null
TriggerRate,1714101924000000000,num,null,0,null
TriggerRate,1714104929000000000,num,null,0,null
TriggerRate,1714104989000000000,num,null,0,null
TriggerRate,1714105229000000000,num,null,0,null
TriggerRate,1714105289000000000,num,null,0,null
TriggerRate,1714105349000000000,num,null,0,null
TriggerRate,1714105379000000000,num,null,0,null
TriggerRate,1714105469000000000,num,null,0,null
TriggerRate,1714105529000000000,num,null,0,null
TriggerRate,1714105619000000000,num,null,0,null
TriggerRate,1714105709000000000,num,null,0,null
TriggerRate,1714105769000000000,num,null,56,null
TriggerRate,1714105829000000000,num,null,56,null
TriggerRate,1714360776000000000,num,null,0,null
TriggerRate,1714360836000000000,num,null,0,null
TriggerRate,1714360956000000000,num,null,0,null
TriggerRate,1714361016000000000,num,null,0,null
TriggerRate,1714361076000000000,num,null,0,null
TriggerRate,1714361136000000000,num,null,0,null
TriggerRate,1714361196000000000,num,null,0,null
TriggerRate,1714361226000000000,num,null,92,null
TriggerRate,1714361316000000000,num,null,34,null
TriggerRate,1714361376000000000,num,null,34,null
TriggerRate,1714361436000000000,num,null,34,null
TriggerRate,1714361496000000000,num,null,34,null
TriggerRate,1714361556000000000,num,null,34,null
TriggerRate,1714361616000000000,num,null,34,null
TriggerRate,1714361676000000000,num,null,34,null
TriggerRate,1714361736000000000,num,null,34,null
TriggerRate,1714361796000000000,num,null,34,null
TriggerRate,1714361856000000000,num,null,34,null
TriggerRate,1714361916000000000,num,null,34,null
TriggerRate,1714361976000000000,num,null,34,null
TriggerRate,1714362036000000000,num,null,34,null
TriggerRate,1714362096000000000,num,null,34,null
TriggerRate,1714362156000000000,num,null,34,null
TriggerRate,1714362216000000000,num,null,78,null
TriggerRate,1714362276000000000,num,null,78,null
TriggerRate,1714362336000000000,num,null,103,null
TriggerRate,1714362396000000000,num,null,103,null
TriggerRate,1714362456000000000,num,null,103,null
TriggerRate,1714362516000000000,num,null,103,null
TriggerRate,1714362576000000000,num,null,103,null
TriggerRate,1714362636000000000,num,null,103,null
TriggerRate,1714362696000000000,num,null,103,null
TriggerRate,1714362756000000000,num,null,103,null
TriggerRate,1714362816000000000,num,null,103,null
TriggerRate,1714362876000000000,num,null,103,null
TriggerRate,1714362936000000000,num,null,103,null
TriggerRate,1714362996000000000,num,null,103,null
TriggerRate,1714363056000000000,num,null,103,null
TriggerRate,1714363116000000000,num,null,103,null
TriggerRate,1714363176000000000,num,null,103,null
TriggerRate,1714363236000000000,num,null,103,null
TriggerRate,1714363296000000000,num,null,103,null
TriggerRate,1714363356000000000,num,null,103,null
TriggerRate,1714363416000000000,num,null,103,null
TriggerRate,1714363476000000000,num,null,103,null
TriggerRate,1714363536000000000,num,null,103,null
TriggerRate,1714363566000000000,num,null,103,null
TriggerRate,1714363656000000000,num,null,96,null
TriggerRate,1714363716000000000,num,null,96,null
TriggerRate,1714363776000000000,num,null,96,null
TriggerRate,1714363836000000000,num,null,96,null
TriggerRate,1714363896000000000,num,null,96,null
TriggerRate,1714363926000000000,num,null,96,null
TriggerRate,1714364136000000000,num,null,96,null
TriggerRate,1714364196000000000,num,null,96,null
TriggerRate,1714364256000000000,num,null,96,null
TriggerRate,1714364286000000000,num,null,96,null
TriggerRate,1714364376000000000,num,null,96,null
TriggerRate,1714364436000000000,num,null,96,null
TriggerRate,1714364556000000000,num,null,96,null
TriggerRate,1714364616000000000,num,null,96,null
TriggerRate,1714364676000000000,num,null,96,null
TriggerRate,1714364736000000000,num,null,65535,null
TriggerRate,1714364796000000000,num,null,65535,null
TriggerRate,1714364856000000000,num,null,104,null
TriggerRate,1714364916000000000,num,null,104,null
TriggerRate,1714364976000000000,num,null,105,null
TriggerRate,1714365036000000000,num,null,105,null
TriggerRate,1714365096000000000,num,null,105,null
TriggerRate,1714365156000000000,num,null,105,null
TriggerRate,1714365216000000000,num,null,105,null
TriggerRate,1714365276000000000,num,null,105,null
TriggerRate,1714365336000000000,num,null,107,null
TriggerRate,1714365396000000000,num,null,107,null
TriggerRate,1714365456000000000,num,null,104,null
TriggerRate,1714365516000000000,num,null,104,null
TriggerRate,1714365576000000000,num,null,106,null
TriggerRate,1714365636000000000,num,null,106,null
TriggerRate,1714365696000000000,num,null,106,null
TriggerRate,1714365756000000000,num,null,106,null
TriggerRate,1714365816000000000,num,null,104,null
TriggerRate,1714365876000000000,num,null,104,null
TriggerRate,1714365936000000000,num,null,103,null
TriggerRate,1714365996000000000,num,null,103,null
TriggerRate,1714366056000000000,num,null,108,null
TriggerRate,1714366116000000000,num,null,108,null
TriggerRate,1714366176000000000,num,null,111,null
TriggerRate,1714366236000000000,num,null,111,null
TriggerRate,1714366296000000000,num,null,114,null
TriggerRate,1714366356000000000,num,null,114,null
TriggerRate,1714366416000000000,num,null,108,null
TriggerRate,1714366476000000000,num,null,108,null
TriggerRate,1714366536000000000,num,null,110,null
TriggerRate,1714366596000000000,num,null,110,null
TriggerRate,1714366656000000000,num,null,113,null
TriggerRate,1714366716000000000,num,null,113,null
TriggerRate,1714366776000000000,num,null,108,null
TriggerRate,1714366836000000000,num,null,108,null
TriggerRate,1714366896000000000,num,null,109,null
TriggerRate,1714366956000000000,num,null,109,null
TriggerRate,1714367016000000000,num,null,116,null
TriggerRate,1714367076000000000,num,null,116,null
TriggerRate,1714367136000000000,num,null,112,null
TriggerRate,1714367196000000000,num,null,112,null
TriggerRate,1714367256000000000,num,null,111,null
TriggerRate,1714367316000000000,num,null,111,null
TriggerRate,1714367376000000000,num,null,115,null
TriggerRate,1714367436000000000,num,null,115,null
TriggerRate,1714367496000000000,num,null,117,null
TriggerRate,1714367556000000000,num,null,117,null
TriggerRate,1714367616000000000,num,null,109,null
TriggerRate,1714367676000000000,num,null,109,null
TriggerRate,1714367736000000000,num,null,110,null
TriggerRate,1714367796000000000,num,null,110,null
TriggerRate,1714367856000000000,num,null,112,null
TriggerRate,1714367916000000000,num,null,112,null
TriggerRate,1714367976000000000,num,null,114,null
TriggerRate,1714368036000000000,num,null,114,null
TriggerRate,1714368096000000000,num,null,113,null
TriggerRate,1714368156000000000,num,null,113,null
TriggerRate,1714368216000000000,num,null,110,null
TriggerRate,1714368276000000000,num,null,110,null
TriggerRate,1714368336000000000,num,null,119,null
TriggerRate,1714368396000000000,num,null,119,null
TriggerRate,1714368456000000000,num,null,114,null
TriggerRate,1714368516000000000,num,null,114,null
TriggerRate,1714368576000000000,num,null,115,null
TriggerRate,1714368636000000000,num,null,115,null
TriggerRate,1714368696000000000,num,null,113,null
TriggerRate,1714368756000000000,num,null,113,null
TriggerRate,1714368816000000000,num,null,113,null
TriggerRate,1714368876000000000,num,null,113,null
TriggerRate,1714368936000000000,num,null,111,null
TriggerRate,1714368996000000000,num,null,111,null
TriggerRate,1714369056000000000,num,null,115,null
TriggerRate,1714369116000000000,num,null,115,null
TriggerRate,1714369176000000000,num,null,114,null
TriggerRate,1714369236000000000,num,null,114,null
TriggerRate,1714369296000000000,num,null,114,null
TriggerRate,1714369356000000000,num,null,114,null
TriggerRate,1714369416000000000,num,null,113,null
TriggerRate,1714369476000000000,num,null,113,null
TriggerRate,1714369536000000000,num,null,113,null
TriggerRate,1714369596000000000,num,null,113,null
TriggerRate,1714369656000000000,num,null,116,null
TriggerRate,1714369716000000000,num,null,116,null
TriggerRate,1714369776000000000,num,null,110,null
TriggerRate,1714369836000000000,num,null,110,null
TriggerRate,1714369896000000000,num,null,112,null
TriggerRate,1714369956000000000,num,null,112,null
TriggerRate,1714370016000000000,num,null,112,null
TriggerRate,1714370076000000000,num,null,112,null
TriggerRate,1714370136000000000,num,null,113,null
TriggerRate,1714370196000000000,num,null,113,null
TriggerRate,1714370256000000000,num,null,112,null
TriggerRate,1714370316000000000,num,null,112,null
TriggerRate,1714370376000000000,num,null,110,null
TriggerRate,1714370436000000000,num,null,110,null
TriggerRate,1714370496000000000,num,null,115,null
TriggerRate,1714370556000000000,num,null,115,null
TriggerRate,1714370616000000000,num,null,114,null
TriggerRate,1714370676000000000,num,null,114,null
TriggerRate,1714370736000000000,num,null,112,null
TriggerRate,1714370796000000000,num,null,112,null
TriggerRate,1714370856000000000,num,null,111,null
TriggerRate,1714370916000000000,num,null,111,null
TriggerRate,1714370976000000000,num,null,111,null
TriggerRate,1714371036000000000,num,null,111,null
TriggerRate,1714371096000000000,num,null,114,null
TriggerRate,1714371156000000000,num,null,114,null
TriggerRate,1714371216000000000,num,null,115,null
TriggerRate,1714371276000000000,num,null,115,null
TriggerRate,1714371336000000000,num,null,113,null
TriggerRate,1714371396000000000,num,null,113,null
TriggerRate,1714371456000000000,num,null,114,null
TriggerRate,1714371516000000000,num,null,114,null
TriggerRate,1714371576000000000,num,null,112,null
TriggerRate,1714371636000000000,num,null,112,null
TriggerRate,1714371696000000000,num,null,114,null
TriggerRate,1714371756000000000,num,null,114,null
TriggerRate,1714371816000000000,num,null,3999,null
TriggerRate,1714371876000000000,num,null,3999,null
TriggerRate,1714371936000000000,num,null,3999,null
TriggerRate,1714371996000000000,num,null,3999,null
TriggerRate,1714372056000000000,num,null,3999,null
TriggerRate,1714372116000000000,num,null,3999,null
TriggerRate,1714372176000000000,num,null,114,null
TriggerRate,1714372236000000000,num,null,114,null
TriggerRate,1714372296000000000,num,null,114,null
TriggerRate,1714372356000000000,num,null,114,null
TriggerRate,1714372416000000000,num,null,3999,null
TriggerRate,1714372476000000000,num,null,3999,null
TriggerRate,1714372536000000000,num,null,3999,null
TriggerRate,1714372596000000000,num,null,3999,null
TriggerRate,1714372656000000000,num,null,113,null
TriggerRate,1714372716000000000,num,null,113,null
TriggerRate,1714372776000000000,num,null,3999,null
TriggerRate,1714372836000000000,num,null,3999,null
TriggerRate,1714372896000000000,num,null,116,null
TriggerRate,1714372956000000000,num,null,116,null
TriggerRate,1714373016000000000,num,null,115,null
TriggerRate,1714373076000000000,num,null,115,null
TriggerRate,1714373136000000000,num,null,116,null
TriggerRate,1714373196000000000,num,null,116,null
TriggerRate,1714373256000000000,num,null,115,null
TriggerRate,1714373316000000000,num,null,115,null
TriggerRate,1714373376000000000,num,null,113,null
TriggerRate,1714373436000000000,num,null,113,null
TriggerRate,1714373496000000000,num,null,113,null
TriggerRate,1714373556000000000,num,null,113,null
TriggerRate,1714373616000000000,num,null,112,null
TriggerRate,1714373676000000000,num,null,112,null
TriggerRate,1714373736000000000,num,null,113,null
TriggerRate,1714373796000000000,num,null,113,null
TriggerRate,1714373856000000000,num,null,112,null
TriggerRate,1714373916000000000,num,null,112,null
TriggerRate,1714373976000000000,num,null,120,null
TriggerRate,1714374036000000000,num,null,120,null
TriggerRate,1714374096000000000,num,null,109,null
TriggerRate,1714374156000000000,num,null,109,null
TriggerRate,1714374216000000000,num,null,116,null
TriggerRate,1714374276000000000,num,null,116,null
TriggerRate,1714374336000000000,num,null,113,null
TriggerRate,1714374396000000000,num,null,113,null
TriggerRate,1714374456000000000,num,null,111,null
TriggerRate,1714374516000000000,num,null,111,null
TriggerRate,1714374576000000000,num,null,111,null
TriggerRate,1714374636000000000,num,null,111,null
TriggerRate,1714374696000000000,num,null,110,null
TriggerRate,1714374756000000000,num,null,110,null
TriggerRate,1714374816000000000,num,null,107,null
TriggerRate,1714374876000000000,num,null,107,null
TriggerRate,1714374936000000000,num,null,112,null
TriggerRate,1714374996000000000,num,null,112,null
TriggerRate,1714375056000000000,num,null,111,null
TriggerRate,1714375116000000000,num,null,111,null
TriggerRate,1714375176000000000,num,null,108,null
TriggerRate,1714375236000000000,num,null,108,null
TriggerRate,1714375296000000000,num,null,3999,null
TriggerRate,1714375356000000000,num,null,3999,null
TriggerRate,1714375416000000000,num,null,115,null
TriggerRate,1714375476000000000,num,null,115,null
TriggerRate,1714375536000000000,num,null,111,null
TriggerRate,1714375596000000000,num,null,111,null
TriggerRate,1714375656000000000,num,null,110,null
TriggerRate,1714375716000000000,num,null,110,null
TriggerRate,1714375776000000000,num,null,112,null
TriggerRate,1714375836000000000,num,null,112,null
TriggerRate,1714375896000000000,num,null,113,null
TriggerRate,1714375956000000000,num,null,113,null
TriggerRate,1714376016000000000,num,null,110,null
TriggerRate,1714376076000000000,num,null,110,null
TriggerRate,1714376136000000000,num,null,220,null
TriggerRate,1714376196000000000,num,null,220,null
TriggerRate,1714376256000000000,num,null,113,null
TriggerRate,1714376316000000000,num,null,113,null
TriggerRate,1714376376000000000,num,null,3999,null
TriggerRate,1714376436000000000,num,null,3999,null
TriggerRate,1714376496000000000,num,null,119,null
TriggerRate,1714376556000000000,num,null,119,null
TriggerRate,1714376616000000000,num,null,119,null
TriggerRate,1714376676000000000,num,null,119,null
TriggerRate,1714376736000000000,num,null,136,null
TriggerRate,1714376796000000000,num,null,136,null
TriggerRate,1714376856000000000,num,null,161,null
TriggerRate,1714376916000000000,num,null,161,null
TriggerRate,1714376976000000000,num,null,226,null
TriggerRate,1714377036000000000,num,null,226,null
TriggerRate,1714377096000000000,num,null,345,null
TriggerRate,1714377156000000000,num,null,345,null
TriggerRate,1714377216000000000,num,null,538,null
TriggerRate,1714377276000000000,num,null,538,null
TriggerRate,1714377336000000000,num,null,905,null
TriggerRate,1714377396000000000,num,null,905,null
TriggerRate,1714377456000000000,num,null,1592,null
TriggerRate,1714377516000000000,num,null,1592,null
TriggerRate,1714377576000000000,num,null,2938,null
TriggerRate,1714377636000000000,num,null,2938,null
TriggerRate,1714377696000000000,num,null,3999,null
TriggerRate,1714377756000000000,num,null,3999,null
TriggerRate,1714377816000000000,num,null,3999,null
TriggerRate,1714377876000000000,num,null,3999,null
TriggerRate,1714377936000000000,num,null,3999,null
TriggerRate,1714377996000000000,num,null,3999,null
TriggerRate,1714378056000000000,num,null,3999,null
TriggerRate,1714378116000000000,num,null,3999,null
TriggerRate,1714378176000000000,num,null,3999,null
TriggerRate,1714378236000000000,num,null,3999,null
TriggerRate,1714378296000000000,num,null,3999,null
TriggerRate,1714378356000000000,num,null,3999,null
TriggerRate,1714378416000000000,num,null,3999,null
TriggerRate,1714378476000000000,num,null,3999,null
TriggerRate,1714378536000000000,num,null,3999,null
TriggerRate,1714378596000000000,num,null,3999,null
TriggerRate,1714378656000000000,num,null,3999,null
TriggerRate,1714378716000000000,num,null,3999,null
TriggerRate,1714378776000000000,num,null,3999,null
TriggerRate,1714378836000000000,num,null,3999,null
TriggerRate,1714378896000000000,num,null,3999,null
TriggerRate,1714378956000000000,num,null,3999,null
TriggerRate,1714379016000000000,num,null,3999,null
TriggerRate,1714379076000000000,num,null,3999,null
TriggerRate,1714379136000000000,num,null,3999,null
TriggerRate,1714379196000000000,num,null,3999,null
TriggerRate,1714379256000000000,num,null,3999,null
TriggerRate,1714379316000000000,num,null,3999,null
TriggerRate,1714379376000000000,num,null,3999,null
TriggerRate,1714379436000000000,num,null,3999,null
TriggerRate,1714379496000000000,num,null,3999,null
TriggerRate,1714379556000000000,num,null,3999,null
TriggerRate,1714379616000000000,num,null,3999,null
TriggerRate,1714379676000000000,num,null,3999,null
TriggerRate,1714379736000000000,num,null,3999,null
TriggerRate,1714379796000000000,num,null,3999,null
TriggerRate,1714379856000000000,num,null,3999,null
TriggerRate,1714379916000000000,num,null,3999,null
TriggerRate,1714379976000000000,num,null,3999,null
TriggerRate,1714380036000000000,num,null,3999,null
TriggerRate,1714380096000000000,num,null,3999,null
TriggerRate,1714380156000000000,num,null,3999,null
TriggerRate,1714380216000000000,num,null,3999,null
TriggerRate,1714380276000000000,num,null,3999,null
TriggerRate,1714380336000000000,num,null,3999,null
TriggerRate,1714380396000000000,num,null,3999,null
TriggerRate,1714380456000000000,num,null,3999,null
TriggerRate,1714380516000000000,num,null,3999,null
TriggerRate,1714380576000000000,num,null,3999,null
TriggerRate,1714380636000000000,num,null,3999,null
TriggerRate,1714380696000000000,num,null,3999,null
TriggerRate,1714380756000000000,num,null,3999,null
TriggerRate,1714380816000000000,num,null,3999,null
TriggerRate,1714380876000000000,num,null,3999,null
TriggerRate,1714380936000000000,num,null,3999,null
TriggerRate,1714380996000000000,num,null,3999,null
TriggerRate,1714381056000000000,num,null,3999,null
TriggerRate,1714381116000000000,num,null,3999,null
TriggerRate,1714381176000000000,num,null,3999,null
TriggerRate,1714381236000000000,num,null,3999,null
TriggerRate,1714381296000000000,num,null,3999,null
TriggerRate,1714381356000000000,num,null,3999,null
TriggerRate,1714381416000000000,num,null,3999,null
TriggerRate,1714381476000000000,num,null,3999,null
TriggerRate,1714381536000000000,num,null,3999,null
TriggerRate,1714381596000000000,num,null,3999,null
TriggerRate,1714381656000000000,num,null,3999,null
TriggerRate,1714381716000000000,num,null,3999,null
TriggerRate,1714381776000000000,num,null,3999,null
TriggerRate,1714381836000000000,num,null,3999,null
TriggerRate,1714381896000000000,num,null,3999,null
TriggerRate,1714381956000000000,num,null,3999,null
TriggerRate,1714382016000000000,num,null,3999,null
TriggerRate,1714382076000000000,num,null,3999,null
TriggerRate,1714382136000000000,num,null,3999,null
TriggerRate,1714382196000000000,num,null,3999,null
TriggerRate,1714382256000000000,num,null,3999,null
TriggerRate,1714382316000000000,num,null,3999,null
TriggerRate,1714382376000000000,num,null,3999,null
TriggerRate,1714382436000000000,num,null,3999,null
TriggerRate,1714382496000000000,num,null,3999,null
TriggerRate,1714382556000000000,num,null,3999,null
TriggerRate,1714382616000000000,num,null,3999,null
TriggerRate,1714382676000000000,num,null,3999,null
TriggerRate,1714382736000000000,num,null,3999,null
TriggerRate,1714382796000000000,num,null,3999,null
TriggerRate,1714382856000000000,num,null,3999,null
TriggerRate,1714382916000000000,num,null,3999,null
TriggerRate,1714382976000000000,num,null,3999,null
TriggerRate,1714383036000000000,num,null,3999,null
TriggerRate,1714383096000000000,num,null,3999,null
TriggerRate,1714383156000000000,num,null,3999,null
TriggerRate,1714383216000000000,num,null,3999,null
TriggerRate,1714383276000000000,num,null,3999,null
TriggerRate,1714383336000000000,num,null,3999,null
TriggerRate,1714383396000000000,num,null,3999,null
TriggerRate,1714383456000000000,num,null,3999,null
TriggerRate,1714383516000000000,num,null,3999,null
TriggerRate,1714383576000000000,num,null,3999,null
TriggerRate,1714383636000000000,num,null,3999,null
TriggerRate,1714383696000000000,num,null,3999,null
TriggerRate,1714383756000000000,num,null,3999,null
TriggerRate,1714383816000000000,num,null,3999,null
TriggerRate,1714383876000000000,num,null,3999,null
TriggerRate,1714383936000000000,num,null,3999,null
TriggerRate,1714383996000000000,num,null,3999,null
TriggerRate,1714384056000000000,num,null,3999,null
TriggerRate,1714384116000000000,num,null,3999,null
TriggerRate,1714384176000000000,num,null,3999,null
TriggerRate,1714384236000000000,num,null,3999,null
TriggerRate,1714384296000000000,num,null,3999,null
TriggerRate,1714384356000000000,num,null,3999,null
TriggerRate,1714384416000000000,num,null,3999,null
TriggerRate,1714384476000000000,num,null,3999,null
TriggerRate,1714384536000000000,num,null,3999,null
TriggerRate,1714384596000000000,num,null,3999,null
TriggerRate,1714384656000000000,num,null,3999,null
TriggerRate,1714384716000000000,num,null,3999,null
TriggerRate,1714384776000000000,num,null,3999,null
TriggerRate,1714384836000000000,num,null,3999,null
TriggerRate,1714384896000000000,num,null,3999,null
TriggerRate,1714384956000000000,num,null,3999,null
TriggerRate,1714385016000000000,num,null,3999,null
TriggerRate,1714385076000000000,num,null,3999,null
TriggerRate,1714385136000000000,num,null,3999,null
TriggerRate,1714385196000000000,num,null,3999,null
TriggerRate,1714385256000000000,num,null,3999,null
TriggerRate,1714385316000000000,num,null,3999,null
TriggerRate,1714385376000000000,num,null,3999,null
TriggerRate,1714385436000000000,num,null,3999,null
TriggerRate,1714385496000000000,num,null,3999,null
TriggerRate,1714385556000000000,num,null,3999,null
TriggerRate,1714385616000000000,num,null,3999,null
TriggerRate,1714385676000000000,num,null,3999,null
TriggerRate,1714385736000000000,num,null,3999,null
TriggerRate,1714385796000000000,num,null,3999,null
TriggerRate,1714385856000000000,num,null,3999,null
TriggerRate,1714385916000000000,num,null,3999,null
TriggerRate,1714385976000000000,num,null,3999,null
TriggerRate,1714386036000000000,num,null,3999,null
TriggerRate,1714386096000000000,num,null,3999,null
TriggerRate,1714386156000000000,num,null,3999,null
TriggerRate,1714386216000000000,num,null,3999,null
TriggerRate,1714386276000000000,num,null,3999,null
TriggerRate,1714386336000000000,num,null,3999,null
TriggerRate,1714386396000000000,num,null,3999,null
TriggerRate,1714386456000000000,num,null,3999,null
TriggerRate,1714386516000000000,num,null,3999,null
TriggerRate,1714386576000000000,num,null,3999,null
TriggerRate,1714386636000000000,num,null,3999,null
TriggerRate,1714386696000000000,num,null,3999,null
TriggerRate,1714386756000000000,num,null,3999,null
TriggerRate,1714386816000000000,num,null,3999,null
TriggerRate,1714386876000000000,num,null,3999,null
TriggerRate,1714386936000000000,num,null,3999,null
TriggerRate,1714386996000000000,num,null,3999,null
TriggerRate,1714387056000000000,num,null,3999,null
TriggerRate,1714387116000000000,num,null,3999,null
TriggerRate,1714387176000000000,num,null,3999,null
TriggerRate,1714387236000000000,num,null,3999,null
TriggerRate,1714387296000000000,num,null,3999,null
TriggerRate,1714387356000000000,num,null,3999,null
TriggerRate,1714387416000000000,num,null,3999,null
TriggerRate,1714387476000000000,num,null,3999,null
TriggerRate,1714387536000000000,num,null,3999,null
TriggerRate,1714387596000000000,num,null,3999,null
TriggerRate,1714387656000000000,num,null,3999,null
TriggerRate,1714387716000000000,num,null,3999,null
TriggerRate,1714387776000000000,num,null,3999,null
TriggerRate,1714387836000000000,num,null,3999,null
TriggerRate,1714387896000000000,num,null,3999,null
TriggerRate,1714387956000000000,num,null,3999,null
TriggerRate,1714388016000000000,num,null,3999,null
TriggerRate,1714388076000000000,num,null,3999,null
TriggerRate,1714388136000000000,num,null,3999,null
TriggerRate,1714388196000000000,num,null,3999,null
TriggerRate,1714388256000000000,num,null,3999,null
TriggerRate,1714388316000000000,num,null,3999,null
TriggerRate,1714388376000000000,num,null,3999,null
TriggerRate,1714388436000000000,num,null,3999,null
TriggerRate,1714388496000000000,num,null,3999,null
TriggerRate,1714388556000000000,num,null,3999,null
TriggerRate,1714388616000000000,num,null,3999,null
TriggerRate,1714388676000000000,num,null,3999,null
TriggerRate,1714388736000000000,num,null,3999,null
TriggerRate,1714388796000000000,num,null,3999,null
TriggerRate,1714388856000000000,num,null,3999,null
TriggerRate,1714388916000000000,num,null,3999,null
TriggerRate,1714388976000000000,num,null,3999,null
TriggerRate,1714389036000000000,num,null,3999,null
TriggerRate,1714389096000000000,num,null,3999,null
TriggerRate,1714389156000000000,num,null,3999,null
TriggerRate,1714389216000000000,num,null,3999,null
TriggerRate,1714389276000000000,num,null,3999,null
TriggerRate,1714389336000000000,num,null,3999,null
TriggerRate,1714389396000000000,num,null,3999,null
TriggerRate,1714389456000000000,num,null,3999,null
TriggerRate,1714389516000000000,num,null,3999,null
TriggerRate,1714389576000000000,num,null,3999,null
TriggerRate,1714389636000000000,num,null,3999,null
TriggerRate,1714389696000000000,num,null,3999,null
TriggerRate,1714389756000000000,num,null,3999,null
TriggerRate,1714389816000000000,num,null,3999,null
TriggerRate,1714389876000000000,num,null,3999,null
TriggerRate,1714389936000000000,num,null,3999,null
TriggerRate,1714389996000000000,num,null,3999,null
TriggerRate,1714390056000000000,num,null,3999,null
TriggerRate,1714390116000000000,num,null,3999,null
TriggerRate,1714390176000000000,num,null,3999,null
TriggerRate,1714390236000000000,num,null,3999,null
TriggerRate,1714390296000000000,num,null,3999,null
TriggerRate,1714390356000000000,num,null,3999,null
TriggerRate,1714390416000000000,num,null,3999,null
TriggerRate,1714390476000000000,num,null,3999,null
TriggerRate,1714390536000000000,num,null,3999,null
TriggerRate,1714390596000000000,num,null,3999,null
TriggerRate,1714390656000000000,num,null,3999,null
TriggerRate,1714390716000000000,num,null,3999,null
TriggerRate,1714390776000000000,num,null,3999,null
TriggerRate,1714390836000000000,num,null,3999,null
TriggerRate,1714390896000000000,num,null,3999,null
TriggerRate,1714390956000000000,num,null,3999,null
TriggerRate,1714391016000000000,num,null,3999,null
TriggerRate,1714391076000000000,num,null,3999,null
TriggerRate,1714391136000000000,num,null,3999,null
TriggerRate,1714391196000000000,num,null,3999,null
TriggerRate,1714391256000000000,num,null,3999,null
TriggerRate,1714391316000000000,num,null,3999,null
TriggerRate,1714391376000000000,num,null,3999,null
TriggerRate,1714391436000000000,num,null,3999,null
TriggerRate,1714391496000000000,num,null,3999,null
TriggerRate,1714391556000000000,num,null,3999,null
TriggerRate,1714391616000000000,num,null,2077,null
TriggerRate,1714391676000000000,num,null,2077,null
TriggerRate,1714391736000000000,num,null,3999,null
TriggerRate,1714391796000000000,num,null,3999,null
TriggerRate,1714391856000000000,num,null,3999,null
TriggerRate,1714391916000000000,num,null,3999,null
TriggerRate,1714391976000000000,num,null,3999,null
TriggerRate,1714392036000000000,num,null,3999,null
TriggerRate,1714392096000000000,num,null,3999,null
TriggerRate,1714392156000000000,num,null,3999,null
TriggerRate,1714392216000000000,num,null,3999,null
TriggerRate,1714392276000000000,num,null,3999,null
TriggerRate,1714392336000000000,num,null,3999,null
TriggerRate,1714392396000000000,num,null,3999,null
TriggerRate,1714392456000000000,num,null,192,null
TriggerRate,1714392516000000000,num,null,192,null
TriggerRate,1714392576000000000,num,null,2882,null
TriggerRate,1714392636000000000,num,null,2882,null
TriggerRate,1714392696000000000,num,null,3999,null
TriggerRate,1714392756000000000,num,null,3999,null
TriggerRate,1714392816000000000,num,null,3999,null
TriggerRate,1714392876000000000,num,null,3999,null
TriggerRate,1714392936000000000,num,null,3999,null
TriggerRate,1714392996000000000,num,null,3999,null
TriggerRate,1714393056000000000,num,null,3999,null
TriggerRate,1714393116000000000,num,null,3999,null
TriggerRate,1714393176000000000,num,null,3999,null
TriggerRate,1714393236000000000,num,null,3999,null
TriggerRate,1714393296000000000,num,null,3999,null
TriggerRate,1714393356000000000,num,null,3999,null
TriggerRate,1714393416000000000,num,null,3999,null
TriggerRate,1714393476000000000,num,null,3999,null
TriggerRate,1714393536000000000,num,null,3999,null
TriggerRate,1714393596000000000,num,null,3999,null
TriggerRate,1714393656000000000,num,null,1014,null
TriggerRate,1714393716000000000,num,null,1014,null
TriggerRate,1714393776000000000,num,null,3999,null
TriggerRate,1714393836000000000,num,null,3999,null
TriggerRate,1714393896000000000,num,null,3999,null
TriggerRate,1714393956000000000,num,null,3999,null
TriggerRate,1714394016000000000,num,null,3999,null
TriggerRate,1714394076000000000,num,null,3999,null
TriggerRate,1714394136000000000,num,null,3999,null
TriggerRate,1714394196000000000,num,null,3999,null
TriggerRate,1714394256000000000,num,null,3999,null
TriggerRate,1714394316000000000,num,null,3999,null
TriggerRate,1714394376000000000,num,null,3999,null
TriggerRate,1714394436000000000,num,null,3999,null
TriggerRate,1714394496000000000,num,null,3999,null
TriggerRate,1714394556000000000,num,null,3999,null
TriggerRate,1714394616000000000,num,null,3999,null
TriggerRate,1714394676000000000,num,null,3999,null
TriggerRate,1714394736000000000,num,null,3999,null
TriggerRate,1714394796000000000,num,null,3999,null
TriggerRate,1714394856000000000,num,null,3999,null
TriggerRate,1714394916000000000,num,null,3999,null
TriggerRate,1714394976000000000,num,null,668,null
TriggerRate,1714395036000000000,num,null,668,null
TriggerRate,1714395096000000000,num,null,3999,null
TriggerRate,1714395156000000000,num,null,3999,null
TriggerRate,1714395216000000000,num,null,3999,null
TriggerRate,1714395276000000000,num,null,3999,null
TriggerRate,1714395336000000000,num,null,3999,null
TriggerRate,1714395396000000000,num,null,3999,null
TriggerRate,1714395456000000000,num,null,3999,null
TriggerRate,1714395516000000000,num,null,3999,null
TriggerRate,1714395576000000000,num,null,3999,null
TriggerRate,1714395636000000000,num,null,3999,null
TriggerRate,1714395696000000000,num,null,3999,null
TriggerRate,1714395756000000000,num,null,3999,null
TriggerRate,1714395816000000000,num,null,1004,null
TriggerRate,1714395876000000000,num,null,1004,null
TriggerRate,1714395936000000000,num,null,460,null
TriggerRate,1714395996000000000,num,null,460,null
TriggerRate,1714396056000000000,num,null,3999,null
TriggerRate,1714396116000000000,num,null,3999,null
TriggerRate,1714396176000000000,num,null,125,null
TriggerRate,1714396236000000000,num,null,125,null
TriggerRate,1714396296000000000,num,null,103,null
TriggerRate,1714396356000000000,num,null,103,null
TriggerRate,1714396416000000000,num,null,3999,null
TriggerRate,1714396476000000000,num,null,3999,null
TriggerRate,1714396536000000000,num,null,3999,null
TriggerRate,1714396596000000000,num,null,3999,null
TriggerRate,1714396656000000000,num,null,103,null
TriggerRate,1714396716000000000,num,null,103,null
TriggerRate,1714396776000000000,num,null,103,null
TriggerRate,1714396836000000000,num,null,103,null
TriggerRate,1714396896000000000,num,null,103,null
TriggerRate,1714396956000000000,num,null,103,null
TriggerRate,1714397016000000000,num,null,103,null
TriggerRate,1714397076000000000,num,null,103,null
TriggerRate,1714397136000000000,num,null,103,null
TriggerRate,1714397196000000000,num,null,103,null
TriggerRate,1714397256000000000,num,null,103,null
TriggerRate,1714397316000000000,num,null,103,null
TriggerRate,1714397376000000000,num,null,103,null
TriggerRate,1714397436000000000,num,null,103,null
TriggerRate,1714397496000000000,num,null,103,null
TriggerRate,1714397556000000000,num,null,103,null
TriggerRate,1714397616000000000,num,null,103,null
TriggerRate,1714397676000000000,num,null,103,null
TriggerRate,1714397736000000000,num,null,103,null
TriggerRate,1714397796000000000,num,null,103,null
TriggerRate,1714397856000000000,num,null,103,null
TriggerRate,1714397916000000000,num,null,103,null
TriggerRate,1714397976000000000,num,null,103,null
TriggerRate,1714398036000000000,num,null,103,null
TriggerRate,1714398096000000000,num,null,103,null
TriggerRate,1714398156000000000,num,null,103,null
TriggerRate,1714398216000000000,num,null,103,null
TriggerRate,1714398276000000000,num,null,103,null
TriggerRate,1714398336000000000,num,null,103,null
TriggerRate,1714398396000000000,num,null,103,null
TriggerRate,1714398456000000000,num,null,103,null
TriggerRate,1714398516000000000,num,null,103,null
TriggerRate,1714398576000000000,num,null,103,null
TriggerRate,1714398636000000000,num,null,103,null
TriggerRate,1714398696000000000,num,null,103,null
TriggerRate,1714398756000000000,num,null,103,null
TriggerRate,1714398816000000000,num,null,103,null
TriggerRate,1714398876000000000,num,null,103,null
TriggerRate,1714398936000000000,num,null,103,null
TriggerRate,1714398996000000000,num,null,103,null
TriggerRate,1714399056000000000,num,null,103,null
TriggerRate,1714399116000000000,num,null,103,null
TriggerRate,1714399176000000000,num,null,103,null
TriggerRate,1714399236000000000,num,null,103,null
TriggerRate,1714399296000000000,num,null,103,null
TriggerRate,1714399356000000000,num,null,103,null
TriggerRate,1714399416000000000,num,null,103,null
TriggerRate,1714399476000000000,num,null,103,null
TriggerRate,1714399536000000000,num,null,3999,null
TriggerRate,1714399596000000000,num,null,3999,null
TriggerRate,1714399656000000000,num,null,103,null
TriggerRate,1714399716000000000,num,null,103,null
TriggerRate,1714399776000000000,num,null,103,null
TriggerRate,1714399836000000000,num,null,103,null
TriggerRate,1714399896000000000,num,null,103,null
TriggerRate,1714399956000000000,num,null,103,null
TriggerRate,1714400016000000000,num,null,103,null
TriggerRate,1714400076000000000,num,null,103,null
TriggerRate,1714400136000000000,num,null,103,null
TriggerRate,1714400196000000000,num,null,103,null
TriggerRate,1714400256000000000,num,null,103,null
TriggerRate,1714400316000000000,num,null,103,null
TriggerRate,1714400376000000000,num,null,103,null
TriggerRate,1714400436000000000,num,null,103,null
TriggerRate,1714400496000000000,num,null,103,null
TriggerRate,1714400556000000000,num,null,103,null
TriggerRate,1714400616000000000,num,null,103,null
TriggerRate,1714400676000000000,num,null,103,null
TriggerRate,1714400736000000000,num,null,103,null
TriggerRate,1714400796000000000,num,null,103,null
TriggerRate,1714400856000000000,num,null,103,null
TriggerRate,1714400916000000000,num,null,103,null
TriggerRate,1714400976000000000,num,null,103,null
TriggerRate,1714401036000000000,num,null,103,null
TriggerRate,1714401096000000000,num,null,103,null
TriggerRate,1714401156000000000,num,null,103,null
TriggerRate,1714401216000000000,num,null,103,null
TriggerRate,1714401276000000000,num,null,103,null
TriggerRate,1714401336000000000,num,null,103,null
TriggerRate,1714401396000000000,num,null,103,null
TriggerRate,1714401456000000000,num,null,103,null
TriggerRate,1714401516000000000,num,null,103,null
TriggerRate,1714401576000000000,num,null,103,null
TriggerRate,1714401636000000000,num,null,103,null
TriggerRate,1714401696000000000,num,null,103,null
TriggerRate,1714401756000000000,num,null,103,null
TriggerRate,1714401816000000000,num,null,103,null
TriggerRate,1714401876000000000,num,null,103,null
TriggerRate,1714401936000000000,num,null,103,null
TriggerRate,1714401996000000000,num,null,103,null
TriggerRate,1714402056000000000,num,null,103,null
TriggerRate,1714402116000000000,num,null,103,null
TriggerRate,1714402176000000000,num,null,103,null
TriggerRate,1714402236000000000,num,null,103,null
TriggerRate,1714402296000000000,num,null,103,null
TriggerRate,1714402356000000000,num,null,103,null
TriggerRate,1714402416000000000,num,null,547,null
TriggerRate,1714402476000000000,num,null,547,null
TriggerRate,1714402536000000000,num,null,103,null
TriggerRate,1714402596000000000,num,null,103,null
TriggerRate,1714402656000000000,num,null,103,null
TriggerRate,1714402716000000000,num,null,103,null
TriggerRate,1714402776000000000,num,null,103,null
TriggerRate,1714402836000000000,num,null,103,null
TriggerRate,1714402896000000000,num,null,103,null
TriggerRate,1714402956000000000,num,null,103,null
TriggerRate,1714403016000000000,num,null,103,null
TriggerRate,1714403076000000000,num,null,103,null
TriggerRate,1714403136000000000,num,null,103,null
TriggerRate,1714450950000000000,num,null,0,null
TriggerRate,1714451010000000000,num,null,0,null
TriggerRate,1714451070000000000,num,null,0,null
TriggerRate,1714451130000000000,num,null,0,null
TriggerRate,1714451190000000000,num,null,0,null
TriggerRate,1714451250000000000,num,null,0,null
TriggerRate,1714451310000000000,num,null,0,null
TriggerRate,1714451370000000000,num,null,0,null
TriggerRate,1714451430000000000,num,null,0,null
TriggerRate,1714451490000000000,num,null,0,null
TriggerRate,1714451550000000000,num,null,0,null
TriggerRate,1714451610000000000,num,null,0,null
TriggerRate,1714451670000000000,num,null,0,null
TriggerRate,1714451730000000000,num,null,0,null
TriggerRate,1714451790000000000,num,null,0,null
TriggerRate,1714451850000000000,num,null,0,null
TriggerRate,1714451910000000000,num,null,0,null
TriggerRate,1714451970000000000,num,null,0,null
TriggerRate,1714452030000000000,num,null,0,null
TriggerRate,1714452090000000000,num,null,0,null
TriggerRate,1714452150000000000,num,null,0,null
TriggerRate,1714452210000000000,num,null,0,null
TriggerRate,1714452535000000000,num,null,0,null
TriggerRate,1714452595000000000,num,null,0,null
TriggerRate,1714452835000000000,num,null,0,null
TriggerRate,1714452895000000000,num,null,0,null
TriggerRate,1714452955000000000,num,null,0,null
TriggerRate,1714453015000000000,num,null,0,null
TriggerRate,1714453075000000000,num,null,0,null
TriggerRate,1714453135000000000,num,null,0,null
TriggerRate,1714453195000000000,num,null,0,null
TriggerRate,1714453255000000000,num,null,1,null
TriggerRate,1714453315000000000,num,null,1,null
TriggerRate,1714453375000000000,num,null,5,null
TriggerRate,1714453435000000000,num,null,5,null
TriggerRate,1714453495000000000,num,null,3,null
TriggerRate,1714453555000000000,num,null,3,null
TriggerRate,1714453615000000000,num,null,22,null
TriggerRate,1714453675000000000,num,null,22,null
TriggerRate,1714453735000000000,num,null,4,null
TriggerRate,1714453795000000000,num,null,1,null
TriggerRate,1714453855000000000,num,null,1,null
TriggerRate,1714453885000000000,num,null,1,null
TriggerRate,1714455704000000000,num,null,0,null
TriggerRate,1714455764000000000,num,null,0,null
TriggerRate,1714456004000000000,num,null,0,null
TriggerRate,1714456064000000000,num,null,0,null
TriggerRate,1714456124000000000,num,null,0,null
TriggerRate,1714456154000000000,num,null,0,null
TriggerRate,1714456244000000000,num,null,0,null
TriggerRate,1714456304000000000,num,null,0,null
TriggerRate,1714456424000000000,num,null,0,null
TriggerRate,1714456484000000000,num,null,0,null
TriggerRate,1714456544000000000,num,null,3,null
TriggerRate,1714456604000000000,num,null,3,null
TriggerRate,1714456634000000000,num,null,3,null
TriggerRate,1714456724000000000,num,null,0,null
TriggerRate,1714456784000000000,num,null,0,null
TriggerRate,1714459614000000000,num,null,0,null
TriggerRate,1714459644000000000,num,null,0,null
TriggerRate,1714459854000000000,num,null,0,null
TriggerRate,1714459914000000000,num,null,0,null
TriggerRate,1714459974000000000,num,null,0,null
TriggerRate,1714460004000000000,num,null,0,null
TriggerRate,1714460094000000000,num,null,0,null
TriggerRate,1714460154000000000,num,null,0,null
TriggerRate,1714460214000000000,num,null,0,null
TriggerRate,1714460244000000000,num,null,0,null
TriggerRate,1714460334000000000,num,null,0,null
TriggerRate,1714460394000000000,num,null,3,null
TriggerRate,1714460454000000000,num,null,3,null
TriggerRate,1714460514000000000,num,null,3,null
TriggerRate,1714460544000000000,num,null,3,null
TriggerRate,1714462109000000000,num,null,0,null
TriggerRate,1714462169000000000,num,null,0,null
TriggerRate,1714462409000000000,num,null,0,null
TriggerRate,1714462469000000000,num,null,0,null
TriggerRate,1714462529000000000,num,null,0,null
TriggerRate,1714462559000000000,num,null,0,null
TriggerRate,1714462649000000000,num,null,0,null
TriggerRate,1714462709000000000,num,null,0,null
TriggerRate,1714462829000000000,num,null,0,null
TriggerRate,1714462889000000000,num,null,0,null
TriggerRate,1714462949000000000,num,null,76,null
TriggerRate,1714463009000000000,num,null,53,null
TriggerRate,1714463039000000000,num,null,53,null
TriggerRate,1714464389000000000,num,null,53,null
TriggerRate,1714464449000000000,num,null,53,null
TriggerRate,1714464509000000000,num,null,65535,null
TriggerRate,1714464569000000000,num,null,65535,null
TriggerRate,1714464629000000000,num,null,155,null
TriggerRate,1714464689000000000,num,null,155,null
TriggerRate,1714464749000000000,num,null,149,null
TriggerRate,1714464809000000000,num,null,149,null
TriggerRate,1714464869000000000,num,null,160,null
TriggerRate,1714464929000000000,num,null,160,null
TriggerRate,1714464989000000000,num,null,149,null
TriggerRate,1714465049000000000,num,null,149,null
TriggerRate,1714465079000000000,num,null,149,null
TriggerRate,1714465139000000000,num,null,8,null
TriggerRate,1714465349000000000,num,null,8,null
TriggerRate,1714465409000000000,num,null,8,null
TriggerRate,1714466609000000000,num,null,8,null
TriggerRate,1714466669000000000,num,null,8,null
TriggerRate,1714468529000000000,num,null,8,null
TriggerRate,1714468589000000000,num,null,8,null
TriggerRate,1714468649000000000,num,null,8,null
TriggerRate,1714468709000000000,num,null,8,null
TriggerRate,1714469067000000000,num,null,0,null
TriggerRate,1714469127000000000,num,null,0,null
TriggerRate,1714469397000000000,num,null,0,null
TriggerRate,1714469427000000000,num,null,0,null
TriggerRate,1714469487000000000,num,null,0,null
TriggerRate,1714469607000000000,num,null,0,null
TriggerRate,1714469637000000000,num,null,0,null
TriggerRate,1714469727000000000,num,null,0,null
TriggerRate,1714469787000000000,num,null,0,null
TriggerRate,1714469847000000000,num,null,0,null
TriggerRate,1714469907000000000,num,null,3999,null
TriggerRate,1714469967000000000,num,null,3999,null
TriggerRate,1714470027000000000,num,null,3999,null
TriggerRate,1714470117000000000,num,null,3999,null
TriggerRate,1714470147000000000,num,null,3999,null
TriggerRate,1714470177000000000,num,null,20,null
TriggerRate,1714532608000000000,num,null,0,null
TriggerRate,1714532668000000000,num,null,0,null
TriggerRate,1714532788000000000,num,null,0,null
TriggerRate,1714532848000000000,num,null,0,null
TriggerRate,1714532908000000000,num,null,0,null
TriggerRate,1714532968000000000,num,null,0,null
TriggerRate,1714533028000000000,num,null,0,null
TriggerRate,1714533088000000000,num,null,78,null
TriggerRate,1714533148000000000,num,null,78,null
TriggerRate,1714533238000000000,num,null,103,null
TriggerRate,1714533298000000000,num,null,103,null
TriggerRate,1714533328000000000,num,null,103,null
TriggerRate,1714533388000000000,num,null,103,null
TriggerRate,1714533448000000000,num,null,103,null
TriggerRate,1714533508000000000,num,null,103,null
TriggerRate,1714533568000000000,num,null,103,null
TriggerRate,1714533628000000000,num,null,103,null
TriggerRate,1714533688000000000,num,null,103,null
TriggerRate,1714533748000000000,num,null,103,null
TriggerRate,1714533808000000000,num,null,103,null
TriggerRate,1714533868000000000,num,null,103,null
TriggerRate,1714533928000000000,num,null,103,null
TriggerRate,1714533988000000000,num,null,103,null
TriggerRate,1714534048000000000,num,null,103,null
TriggerRate,1714534108000000000,num,null,103,null
TriggerRate,1714534168000000000,num,null,103,null
TriggerRate,1714534198000000000,num,null,103,null
TriggerRate,1714534288000000000,num,null,95,null
TriggerRate,1714534348000000000,num,null,95,null
TriggerRate,1714534408000000000,num,null,95,null
TriggerRate,1714534468000000000,num,null,95,null
TriggerRate,1714534528000000000,num,null,95,null
TriggerRate,1714534588000000000,num,null,95,null
TriggerRate,1714534648000000000,num,null,95,null
TriggerRate,1714534708000000000,num,null,95,null
TriggerRate,1714534768000000000,num,null,95,null
TriggerRate,1714534828000000000,num,null,95,null
TriggerRate,1714534888000000000,num,null,95,null
TriggerRate,1714534948000000000,num,null,95,null
TriggerRate,1714535008000000000,num,null,95,null
TriggerRate,1714535068000000000,num,null,95,null
TriggerRate,1714535128000000000,num,null,95,null
TriggerRate,1714535188000000000,num,null,95,null
TriggerRate,1714535248000000000,num,null,95,null
TriggerRate,1714535308000000000,num,null,95,null
TriggerRate,1714535368000000000,num,null,95,null
TriggerRate,1714535428000000000,num,null,95,null
TriggerRate,1714535488000000000,num,null,95,null
TriggerRate,1714535548000000000,num,null,95,null
TriggerRate,1714535608000000000,num,null,95,null
TriggerRate,1714535668000000000,num,null,95,null
TriggerRate,1714535728000000000,num,null,95,null
TriggerRate,1714535968000000000,num,null,95,null
TriggerRate,1714536028000000000,num,null,95,null
TriggerRate,1714536088000000000,num,null,95,null
TriggerRate,1714536178000000000,num,null,95,null
TriggerRate,1714536208000000000,num,null,95,null
TriggerRate,1714536268000000000,num,null,95,null
TriggerRate,1714536298000000000,num,null,95,null
TriggerRate,1714536388000000000,num,null,95,null
TriggerRate,1714536448000000000,num,null,95,null
TriggerRate,1714536508000000000,num,null,95,null
TriggerRate,1714536568000000000,num,null,65535,null
TriggerRate,1714536628000000000,num,null,65535,null
TriggerRate,1714536688000000000,num,null,104,null
TriggerRate,1714536748000000000,num,null,104,null
TriggerRate,1714536808000000000,num,null,104,null
TriggerRate,1714536868000000000,num,null,104,null
TriggerRate,1714536928000000000,num,null,105,null
TriggerRate,1714536988000000000,num,null,105,null
TriggerRate,1714537048000000000,num,null,109,null
TriggerRate,1714537108000000000,num,null,109,null
TriggerRate,1714537168000000000,num,null,105,null
TriggerRate,1714537228000000000,num,null,105,null
TriggerRate,1714537288000000000,num,null,106,null
TriggerRate,1714537348000000000,num,null,106,null
TriggerRate,1714537408000000000,num,null,103,null
TriggerRate,1714537468000000000,num,null,103,null
TriggerRate,1714537528000000000,num,null,104,null
TriggerRate,1714537588000000000,num,null,104,null
TriggerRate,1714537648000000000,num,null,105,null
TriggerRate,1714537708000000000,num,null,105,null
TriggerRate,1714537768000000000,num,null,107,null
TriggerRate,1714537828000000000,num,null,107,null
TriggerRate,1714537888000000000,num,null,105,null
TriggerRate,1714537978000000000,num,null,104,null
TriggerRate,1714538008000000000,num,null,104,null
TriggerRate,1714538068000000000,num,null,104,null
TriggerRate,1714538128000000000,num,null,104,null
TriggerRate,1714538188000000000,num,null,104,null
TriggerRate,1714538248000000000,num,null,106,null
TriggerRate,1714538308000000000,num,null,106,null
TriggerRate,1714538368000000000,num,null,106,null
TriggerRate,1714538428000000000,num,null,106,null
TriggerRate,1714538488000000000,num,null,104,null
TriggerRate,1714538548000000000,num,null,104,null
TriggerRate,1714538608000000000,num,null,106,null
TriggerRate,1714538668000000000,num,null,106,null
TriggerRate,1714538728000000000,num,null,105,null
TriggerRate,1714538788000000000,num,null,105,null
TriggerRate,1714538848000000000,num,null,104,null
TriggerRate,1714538908000000000,num,null,104,null
TriggerRate,1714538968000000000,num,null,104,null
TriggerRate,1714539028000000000,num,null,104,null
TriggerRate,1714539088000000000,num,null,104,null
TriggerRate,1714539148000000000,num,null,104,null
TriggerRate,1714539208000000000,num,null,106,null
TriggerRate,1714539268000000000,num,null,106,null
TriggerRate,1714539328000000000,num,null,108,null
TriggerRate,1714539388000000000,num,null,108,null
TriggerRate,1714539448000000000,num,null,103,null
TriggerRate,1714539508000000000,num,null,103,null
TriggerRate,1714539568000000000,num,null,103,null
TriggerRate,1714539628000000000,num,null,103,null
TriggerRate,1714539688000000000,num,null,105,null
TriggerRate,1714539748000000000,num,null,105,null
TriggerRate,1714539808000000000,num,null,104,null
TriggerRate,1714539868000000000,num,null,104,null
TriggerRate,1714539928000000000,num,null,107,null
TriggerRate,1714539988000000000,num,null,107,null
TriggerRate,1714540048000000000,num,null,106,null
TriggerRate,1714540108000000000,num,null,106,null
TriggerRate,1714540168000000000,num,null,106,null
TriggerRate,1714540228000000000,num,null,106,null
TriggerRate,1714540288000000000,num,null,103,null
TriggerRate,1714540348000000000,num,null,103,null
TriggerRate,1714540408000000000,num,null,103,null
TriggerRate,1714540498000000000,num,null,105,null
TriggerRate,1714540528000000000,num,null,105,null
TriggerRate,1714540588000000000,num,null,105,null
TriggerRate,1714540648000000000,num,null,107,null
TriggerRate,1714540708000000000,num,null,107,null
TriggerRate,1714540768000000000,num,null,106,null
TriggerRate,1714540828000000000,num,null,106,null
TriggerRate,1714540888000000000,num,null,104,null
TriggerRate,1714540948000000000,num,null,104,null
TriggerRate,1714541008000000000,num,null,104,null
TriggerRate,1714541068000000000,num,null,104,null
TriggerRate,1714541128000000000,num,null,103,null
TriggerRate,1714541188000000000,num,null,103,null
TriggerRate,1714541248000000000,num,null,102,null
TriggerRate,1714541308000000000,num,null,102,null
TriggerRate,1714541368000000000,num,null,104,null
TriggerRate,1714541428000000000,num,null,104,null
TriggerRate,1714541488000000000,num,null,107,null
TriggerRate,1714541548000000000,num,null,107,null
TriggerRate,1714541608000000000,num,null,103,null
TriggerRate,1714541668000000000,num,null,103,null
TriggerRate,1714541728000000000,num,null,108,null
TriggerRate,1714541788000000000,num,null,108,null
TriggerRate,1714541848000000000,num,null,108,null
TriggerRate,1714541908000000000,num,null,108,null
TriggerRate,1714541968000000000,num,null,108,null
TriggerRate,1714542028000000000,num,null,108,null
TriggerRate,1714542088000000000,num,null,103,null
TriggerRate,1714542148000000000,num,null,103,null
TriggerRate,1714542208000000000,num,null,105,null
TriggerRate,1714542268000000000,num,null,105,null
TriggerRate,1714542328000000000,num,null,107,null
TriggerRate,1714542388000000000,num,null,107,null
TriggerRate,1714542448000000000,num,null,108,null
TriggerRate,1714542508000000000,num,null,108,null
TriggerRate,1714542568000000000,num,null,107,null
TriggerRate,1714542628000000000,num,null,107,null
TriggerRate,1714542688000000000,num,null,104,null
TriggerRate,1714542748000000000,num,null,104,null
TriggerRate,1714542808000000000,num,null,103,null
TriggerRate,1714542868000000000,num,null,103,null
TriggerRate,1714542928000000000,num,null,104,null
TriggerRate,1714542988000000000,num,null,104,null
TriggerRate,1714543048000000000,num,null,105,null
TriggerRate,1714543108000000000,num,null,105,null
TriggerRate,1714543168000000000,num,null,105,null
TriggerRate,1714543228000000000,num,null,105,null
TriggerRate,1714543288000000000,num,null,104,null
TriggerRate,1714543348000000000,num,null,104,null
TriggerRate,1714543408000000000,num,null,102,null
TriggerRate,1714543468000000000,num,null,102,null
TriggerRate,1714543528000000000,num,null,106,null
TriggerRate,1714543588000000000,num,null,106,null
TriggerRate,1714543648000000000,num,null,102,null
TriggerRate,1714543708000000000,num,null,102,null
TriggerRate,1714543768000000000,num,null,107,null
TriggerRate,1714543828000000000,num,null,107,null
TriggerRate,1714543888000000000,num,null,106,null
TriggerRate,1714543948000000000,num,null,106,null
TriggerRate,1714544008000000000,num,null,106,null
TriggerRate,1714544068000000000,num,null,106,null
TriggerRate,1714544128000000000,num,null,103,null
TriggerRate,1714544188000000000,num,null,103,null
TriggerRate,1714544248000000000,num,null,105,null
TriggerRate,1714544308000000000,num,null,105,null
TriggerRate,1714544368000000000,num,null,105,null
TriggerRate,1714544428000000000,num,null,105,null
TriggerRate,1714544488000000000,num,null,104,null
TriggerRate,1714544548000000000,num,null,104,null
TriggerRate,1714544608000000000,num,null,103,null
TriggerRate,1714544668000000000,num,null,103,null
TriggerRate,1714544728000000000,num,null,106,null
TriggerRate,1714544788000000000,num,null,106,null
TriggerRate,1714544848000000000,num,null,104,null
TriggerRate,1714544908000000000,num,null,104,null
TriggerRate,1714544968000000000,num,null,102,null
TriggerRate,1714545028000000000,num,null,102,null
TriggerRate,1714545088000000000,num,null,108,null
TriggerRate,1714545148000000000,num,null,108,null
TriggerRate,1714545208000000000,num,null,104,null
TriggerRate,1714545268000000000,num,null,104,null
TriggerRate,1714545328000000000,num,null,104,null
TriggerRate,1714545388000000000,num,null,104,null
TriggerRate,1714545448000000000,num,null,104,null
TriggerRate,1714545508000000000,num,null,104,null
TriggerRate,1714545568000000000,num,null,107,null
TriggerRate,1714545628000000000,num,null,107,null
TriggerRate,1714545688000000000,num,null,104,null
TriggerRate,1714545748000000000,num,null,104,null
TriggerRate,1714545808000000000,num,null,104,null
TriggerRate,1714545868000000000,num,null,104,null
TriggerRate,1714545928000000000,num,null,104,null
TriggerRate,1714545988000000000,num,null,104,null
TriggerRate,1714546048000000000,num,null,103,null
TriggerRate,1714546108000000000,num,null,103,null
TriggerRate,1714546168000000000,num,null,103,null
TriggerRate,1714546228000000000,num,null,103,null
TriggerRate,1714546288000000000,num,null,105,null
TriggerRate,1714546348000000000,num,null,105,null
TriggerRate,1714546408000000000,num,null,106,null
TriggerRate,1714546468000000000,num,null,106,null
TriggerRate,1714546528000000000,num,null,106,null
TriggerRate,1714546588000000000,num,null,106,null
TriggerRate,1714546648000000000,num,null,107,null
TriggerRate,1714546708000000000,num,null,107,null
TriggerRate,1714546768000000000,num,null,104,null
TriggerRate,1714546828000000000,num,null,104,null
TriggerRate,1714546888000000000,num,null,107,null
TriggerRate,1714546948000000000,num,null,107,null
TriggerRate,1714547008000000000,num,null,105,null
TriggerRate,1714547068000000000,num,null,105,null
TriggerRate,1714547128000000000,num,null,107,null
TriggerRate,1714547188000000000,num,null,107,null
TriggerRate,1714547248000000000,num,null,104,null
TriggerRate,1714547308000000000,num,null,104,null
TriggerRate,1714547368000000000,num,null,103,null
TriggerRate,1714547428000000000,num,null,103,null
TriggerRate,1714547488000000000,num,null,105,null
TriggerRate,1714547548000000000,num,null,105,null
TriggerRate,1714547608000000000,num,null,107,null
TriggerRate,1714547668000000000,num,null,107,null
TriggerRate,1714547728000000000,num,null,110,null
TriggerRate,1714547788000000000,num,null,110,null
TriggerRate,1714547848000000000,num,null,106,null
TriggerRate,1714547908000000000,num,null,106,null
TriggerRate,1714547968000000000,num,null,103,null
TriggerRate,1714548028000000000,num,null,103,null
TriggerRate,1714548088000000000,num,null,104,null
TriggerRate,1714548148000000000,num,null,104,null
TriggerRate,1714548208000000000,num,null,106,null
TriggerRate,1714548268000000000,num,null,106,null
TriggerRate,1714548328000000000,num,null,104,null
TriggerRate,1714548388000000000,num,null,104,null
TriggerRate,1714548448000000000,num,null,106,null
TriggerRate,1714548508000000000,num,null,106,null
TriggerRate,1714548568000000000,num,null,104,null
TriggerRate,1714548628000000000,num,null,104,null
TriggerRate,1714548688000000000,num,null,107,null
TriggerRate,1714548748000000000,num,null,107,null
TriggerRate,1714548808000000000,num,null,105,null
TriggerRate,1714548868000000000,num,null,105,null
TriggerRate,1714548928000000000,num,null,104,null
TriggerRate,1714548988000000000,num,null,104,null
TriggerRate,1714549048000000000,num,null,104,null
TriggerRate,1714549108000000000,num,null,104,null
TriggerRate,1714549168000000000,num,null,104,null
TriggerRate,1714549228000000000,num,null,104,null
TriggerRate,1714549288000000000,num,null,104,null
TriggerRate,1714549348000000000,num,null,104,null
TriggerRate,1714549408000000000,num,null,105,null
TriggerRate,1714549468000000000,num,null,105,null
TriggerRate,1714549528000000000,num,null,105,null
TriggerRate,1714549588000000000,num,null,105,null
TriggerRate,1714549648000000000,num,null,103,null
TriggerRate,1714549708000000000,num,null,103,null
TriggerRate,1714549768000000000,num,null,105,null
TriggerRate,1714549828000000000,num,null,105,null
TriggerRate,1714549888000000000,num,null,103,null
TriggerRate,1714549948000000000,num,null,103,null
TriggerRate,1714550008000000000,num,null,107,null
TriggerRate,1714550068000000000,num,null,107,null
TriggerRate,1714550128000000000,num,null,106,null
TriggerRate,1714550188000000000,num,null,106,null
TriggerRate,1714550248000000000,num,null,105,null
TriggerRate,1714550308000000000,num,null,105,null
TriggerRate,1714550368000000000,num,null,105,null
TriggerRate,1714550428000000000,num,null,105,null
TriggerRate,1714550488000000000,num,null,109,null
TriggerRate,1714550548000000000,num,null,109,null
TriggerRate,1714550608000000000,num,null,106,null
TriggerRate,1714550668000000000,num,null,106,null
TriggerRate,1714550728000000000,num,null,103,null
TriggerRate,1714550788000000000,num,null,103,null
TriggerRate,1714550848000000000,num,null,104,null
TriggerRate,1714550908000000000,num,null,104,null
TriggerRate,1714550968000000000,num,null,108,null
TriggerRate,1714551028000000000,num,null,108,null
TriggerRate,1714551088000000000,num,null,107,null
TriggerRate,1714551148000000000,num,null,107,null
TriggerRate,1714551208000000000,num,null,104,null
TriggerRate,1714551268000000000,num,null,104,null
TriggerRate,1714551328000000000,num,null,105,null
TriggerRate,1714551388000000000,num,null,105,null
TriggerRate,1714551448000000000,num,null,106,null
TriggerRate,1714551508000000000,num,null,106,null
TriggerRate,1714551568000000000,num,null,107,null
TriggerRate,1714551628000000000,num,null,107,null
TriggerRate,1714551688000000000,num,null,103,null
TriggerRate,1714551748000000000,num,null,103,null
TriggerRate,1714551808000000000,num,null,104,null
TriggerRate,1714551868000000000,num,null,104,null
TriggerRate,1714551928000000000,num,null,105,null
TriggerRate,1714551988000000000,num,null,105,null
TriggerRate,1714552048000000000,num,null,108,null
TriggerRate,1714552108000000000,num,null,108,null
TriggerRate,1714552168000000000,num,null,104,null
TriggerRate,1714552228000000000,num,null,104,null
TriggerRate,1714552288000000000,num,null,107,null
TriggerRate,1714552348000000000,num,null,107,null
TriggerRate,1714552408000000000,num,null,103,null
TriggerRate,1714552468000000000,num,null,103,null
TriggerRate,1714552528000000000,num,null,106,null
TriggerRate,1714552588000000000,num,null,106,null
TriggerRate,1714552648000000000,num,null,105,null
TriggerRate,1714552708000000000,num,null,105,null
TriggerRate,1714552768000000000,num,null,106,null
TriggerRate,1714552828000000000,num,null,106,null
TriggerRate,1714552888000000000,num,null,105,null
TriggerRate,1714552948000000000,num,null,105,null
TriggerRate,1714553008000000000,num,null,107,null
TriggerRate,1714553068000000000,num,null,107,null
TriggerRate,1714553128000000000,num,null,108,null
TriggerRate,1714553188000000000,num,null,108,null
TriggerRate,1714553248000000000,num,null,108,null
TriggerRate,1714553308000000000,num,null,108,null
TriggerRate,1714553368000000000,num,null,104,null
TriggerRate,1714553428000000000,num,null,104,null
TriggerRate,1714553488000000000,num,null,108,null
TriggerRate,1714553548000000000,num,null,108,null
TriggerRate,1714553608000000000,num,null,701,null
TriggerRate,1714553668000000000,num,null,701,null
TriggerRate,1714553728000000000,num,null,106,null
TriggerRate,1714553788000000000,num,null,106,null
TriggerRate,1714553848000000000,num,null,105,null
TriggerRate,1714553908000000000,num,null,105,null
TriggerRate,1714553968000000000,num,null,109,null
TriggerRate,1714554028000000000,num,null,109,null
TriggerRate,1714554088000000000,num,null,109,null
TriggerRate,1714554148000000000,num,null,109,null
TriggerRate,1714554208000000000,num,null,107,null
TriggerRate,1714554268000000000,num,null,107,null
TriggerRate,1714554328000000000,num,null,106,null
TriggerRate,1714554388000000000,num,null,89,null
TriggerRate,1714618729000000000,num,null,0,null
TriggerRate,1714618789000000000,num,null,0,null
TriggerRate,1714618909000000000,num,null,0,null
TriggerRate,1714618969000000000,num,null,0,null
TriggerRate,1714619029000000000,num,null,0,null
TriggerRate,1714619089000000000,num,null,34,null
TriggerRate,1714619149000000000,num,null,34,null
TriggerRate,1714619209000000000,num,null,103,null
TriggerRate,1714619269000000000,num,null,103,null
TriggerRate,1714619329000000000,num,null,103,null
TriggerRate,1714619389000000000,num,null,103,null
TriggerRate,1714619449000000000,num,null,103,null
TriggerRate,1714619509000000000,num,null,103,null
TriggerRate,1714619569000000000,num,null,103,null
TriggerRate,1714619629000000000,num,null,103,null
TriggerRate,1714619689000000000,num,null,103,null
TriggerRate,1714619749000000000,num,null,103,null
TriggerRate,1714619809000000000,num,null,103,null
TriggerRate,1714619869000000000,num,null,103,null
TriggerRate,1714619929000000000,num,null,103,null
TriggerRate,1714619989000000000,num,null,103,null
TriggerRate,1714620049000000000,num,null,103,null
TriggerRate,1714620109000000000,num,null,103,null
TriggerRate,1714620169000000000,num,null,103,null
TriggerRate,1714620229000000000,num,null,103,null
TriggerRate,1714620289000000000,num,null,21,null
TriggerRate,1714620349000000000,num,null,21,null
TriggerRate,1714620409000000000,num,null,21,null
TriggerRate,1714620469000000000,num,null,21,null
TriggerRate,1714620529000000000,num,null,21,null
TriggerRate,1714620589000000000,num,null,21,null
TriggerRate,1714620649000000000,num,null,21,null
TriggerRate,1714620709000000000,num,null,21,null
TriggerRate,1714620769000000000,num,null,21,null
TriggerRate,1714620829000000000,num,null,21,null
TriggerRate,1714620889000000000,num,null,21,null
TriggerRate,1714620949000000000,num,null,21,null
TriggerRate,1714621009000000000,num,null,21,null
TriggerRate,1714621069000000000,num,null,21,null
TriggerRate,1714621129000000000,num,null,21,null
TriggerRate,1714621189000000000,num,null,21,null
TriggerRate,1714621249000000000,num,null,21,null
TriggerRate,1714621309000000000,num,null,21,null
TriggerRate,1714621369000000000,num,null,21,null
TriggerRate,1714621429000000000,num,null,21,null
TriggerRate,1714621489000000000,num,null,21,null
TriggerRate,1714621549000000000,num,null,21,null
TriggerRate,1714621609000000000,num,null,21,null
TriggerRate,1714621669000000000,num,null,21,null
TriggerRate,1714621849000000000,num,null,21,null
TriggerRate,1714621909000000000,num,null,21,null
TriggerRate,1714621969000000000,num,null,21,null
TriggerRate,1714622029000000000,num,null,21,null
TriggerRate,1714622089000000000,num,null,21,null
TriggerRate,1714622149000000000,num,null,21,null
TriggerRate,1714622209000000000,num,null,21,null
TriggerRate,1714622269000000000,num,null,21,null
TriggerRate,1714622329000000000,num,null,21,null
TriggerRate,1714622359000000000,num,null,21,null
TriggerRate,1714622569000000000,num,null,21,null
TriggerRate,1714622629000000000,num,null,21,null
TriggerRate,1714622689000000000,num,null,21,null
TriggerRate,1714622869000000000,num,null,21,null
TriggerRate,1714622929000000000,num,null,21,null
TriggerRate,1714622989000000000,num,null,21,null
TriggerRate,1714623049000000000,num,null,21,null
TriggerRate,1714623109000000000,num,null,21,null
TriggerRate,1714623169000000000,num,null,21,null
TriggerRate,1714623229000000000,num,null,21,null
TriggerRate,1714625089000000000,num,null,0,null
TriggerRate,1714625149000000000,num,null,0,null
TriggerRate,1714625389000000000,num,null,0,null
TriggerRate,1714625449000000000,num,null,0,null
TriggerRate,1714625509000000000,num,null,0,null
TriggerRate,1714625569000000000,num,null,0,null
TriggerRate,1714625629000000000,num,null,0,null
TriggerRate,1714626829000000000,num,null,0,null
TriggerRate,1714626859000000000,num,null,0,null
TriggerRate,1714626949000000000,num,null,0,null
TriggerRate,1714627009000000000,num,null,120,null
TriggerRate,1714627069000000000,num,null,120,null
TriggerRate,1714627129000000000,num,null,124,null
TriggerRate,1714627189000000000,num,null,124,null
TriggerRate,1714627249000000000,num,null,118,null
TriggerRate,1714627309000000000,num,null,118,null
TriggerRate,1714627369000000000,num,null,121,null
TriggerRate,1714627429000000000,num,null,121,null
TriggerRate,1714627489000000000,num,null,123,null
TriggerRate,1714627549000000000,num,null,123,null
TriggerRate,1714627609000000000,num,null,120,null
TriggerRate,1714627669000000000,num,null,120,null
TriggerRate,1714627729000000000,num,null,124,null
TriggerRate,1714627789000000000,num,null,124,null
TriggerRate,1714627849000000000,num,null,121,null
TriggerRate,1714627909000000000,num,null,121,null
TriggerRate,1714627969000000000,num,null,127,null
TriggerRate,1714628029000000000,num,null,127,null
TriggerRate,1714628089000000000,num,null,122,null
TriggerRate,1714628149000000000,num,null,122,null
TriggerRate,1714628209000000000,num,null,118,null
TriggerRate,1714628269000000000,num,null,118,null
TriggerRate,1714628329000000000,num,null,118,null
TriggerRate,1714628389000000000,num,null,118,null
TriggerRate,1714628449000000000,num,null,117,null
TriggerRate,1714628509000000000,num,null,117,null
TriggerRate,1714628569000000000,num,null,114,null
TriggerRate,1714628629000000000,num,null,114,null
TriggerRate,1714628689000000000,num,null,114,null
TriggerRate,1714628749000000000,num,null,114,null
TriggerRate,1714628809000000000,num,null,114,null
TriggerRate,1714628869000000000,num,null,114,null
TriggerRate,1714628929000000000,num,null,111,null
TriggerRate,1714628989000000000,num,null,111,null
TriggerRate,1714629049000000000,num,null,118,null
TriggerRate,1714629109000000000,num,null,118,null
TriggerRate,1714629169000000000,num,null,114,null
TriggerRate,1714629229000000000,num,null,114,null
TriggerRate,1714629289000000000,num,null,118,null
TriggerRate,1714629349000000000,num,null,118,null
TriggerRate,1714629409000000000,num,null,111,null
TriggerRate,1714629469000000000,num,null,111,null
TriggerRate,1714629529000000000,num,null,106,null
TriggerRate,1714629589000000000,num,null,106,null
TriggerRate,1714629649000000000,num,null,103,null
TriggerRate,1714629709000000000,num,null,103,null
TriggerRate,1714629769000000000,num,null,101,null
TriggerRate,1714629829000000000,num,null,101,null
TriggerRate,1714629889000000000,num,null,110,null
TriggerRate,1714629949000000000,num,null,110,null
TriggerRate,1714630009000000000,num,null,103,null
TriggerRate,1714630069000000000,num,null,103,null
TriggerRate,1714630129000000000,num,null,99,null
TriggerRate,1714630189000000000,num,null,99,null
TriggerRate,1714630249000000000,num,null,107,null
TriggerRate,1714630309000000000,num,null,107,null
TriggerRate,1714630369000000000,num,null,105,null
TriggerRate,1714630429000000000,num,null,105,null
TriggerRate,1714630489000000000,num,null,107,null
TriggerRate,1714630549000000000,num,null,107,null
TriggerRate,1714630609000000000,num,null,102,null
TriggerRate,1714630669000000000,num,null,102,null
TriggerRate,1714630729000000000,num,null,100,null
TriggerRate,1714630789000000000,num,null,100,null
TriggerRate,1714630849000000000,num,null,100,null
TriggerRate,1714630909000000000,num,null,100,null
TriggerRate,1714630969000000000,num,null,96,null
TriggerRate,1714631029000000000,num,null,96,null
TriggerRate,1714631089000000000,num,null,97,null
TriggerRate,1714631149000000000,num,null,97,null
TriggerRate,1714631209000000000,num,null,90,null
TriggerRate,1714631269000000000,num,null,90,null
TriggerRate,1714631329000000000,num,null,93,null
TriggerRate,1714631389000000000,num,null,93,null
TriggerRate,1714631449000000000,num,null,95,null
TriggerRate,1714631509000000000,num,null,95,null
TriggerRate,1714631569000000000,num,null,93,null
TriggerRate,1714631629000000000,num,null,93,null
TriggerRate,1714631689000000000,num,null,88,null
TriggerRate,1714631749000000000,num,null,88,null
TriggerRate,1714631809000000000,num,null,91,null
TriggerRate,1714631869000000000,num,null,91,null
TriggerRate,1714631929000000000,num,null,91,null
TriggerRate,1714631989000000000,num,null,91,null
TriggerRate,1714632049000000000,num,null,89,null
TriggerRate,1714632109000000000,num,null,89,null
TriggerRate,1714632169000000000,num,null,87,null
TriggerRate,1714632229000000000,num,null,87,null
TriggerRate,1714632289000000000,num,null,91,null
TriggerRate,1714632349000000000,num,null,91,null
TriggerRate,1714632409000000000,num,null,89,null
TriggerRate,1714632469000000000,num,null,89,null
TriggerRate,1714632529000000000,num,null,86,null
TriggerRate,1714632589000000000,num,null,86,null
TriggerRate,1714632649000000000,num,null,86,null
TriggerRate,1714632709000000000,num,null,86,null
TriggerRate,1714632769000000000,num,null,87,null
TriggerRate,1714632829000000000,num,null,87,null
TriggerRate,1714632889000000000,num,null,88,null
TriggerRate,1714632949000000000,num,null,88,null
TriggerRate,1714633009000000000,num,null,86,null
TriggerRate,1714633069000000000,num,null,86,null
TriggerRate,1714633129000000000,num,null,86,null
TriggerRate,1714633189000000000,num,null,86,null
TriggerRate,1714633249000000000,num,null,87,null
TriggerRate,1714633309000000000,num,null,87,null
TriggerRate,1714633369000000000,num,null,80,null
TriggerRate,1714633429000000000,num,null,80,null
TriggerRate,1714633489000000000,num,null,82,null
TriggerRate,1714633549000000000,num,null,82,null
TriggerRate,1714633609000000000,num,null,83,null
TriggerRate,1714633669000000000,num,null,83,null
TriggerRate,1714633729000000000,num,null,78,null
TriggerRate,1714633789000000000,num,null,78,null
TriggerRate,1714633849000000000,num,null,81,null
TriggerRate,1714633909000000000,num,null,81,null
TriggerRate,1714633969000000000,num,null,80,null
TriggerRate,1714634029000000000,num,null,80,null
TriggerRate,1714634089000000000,num,null,77,null
TriggerRate,1714634149000000000,num,null,77,null
TriggerRate,1714634209000000000,num,null,74,null
TriggerRate,1714634269000000000,num,null,74,null
TriggerRate,1714634329000000000,num,null,77,null
TriggerRate,1714634389000000000,num,null,77,null
TriggerRate,1714634449000000000,num,null,75,null
TriggerRate,1714634509000000000,num,null,75,null
TriggerRate,1714634569000000000,num,null,79,null
TriggerRate,1714634629000000000,num,null,79,null
TriggerRate,1714634689000000000,num,null,80,null
TriggerRate,1714634749000000000,num,null,80,null
TriggerRate,1714634809000000000,num,null,83,null
TriggerRate,1714634869000000000,num,null,83,null
TriggerRate,1714634929000000000,num,null,82,null
TriggerRate,1714634989000000000,num,null,82,null
TriggerRate,1714635049000000000,num,null,77,null
TriggerRate,1714635109000000000,num,null,77,null
TriggerRate,1714635169000000000,num,null,80,null
TriggerRate,1714635229000000000,num,null,80,null
TriggerRate,1714635289000000000,num,null,79,null
TriggerRate,1714635349000000000,num,null,79,null
TriggerRate,1714635409000000000,num,null,78,null
TriggerRate,1714635469000000000,num,null,78,null
TriggerRate,1714635529000000000,num,null,77,null
TriggerRate,1714635589000000000,num,null,77,null
TriggerRate,1714635649000000000,num,null,78,null
TriggerRate,1714635709000000000,num,null,78,null
TriggerRate,1714635769000000000,num,null,74,null
TriggerRate,1714635829000000000,num,null,74,null
TriggerRate,1714635889000000000,num,null,75,null
TriggerRate,1714635949000000000,num,null,75,null
TriggerRate,1714636009000000000,num,null,74,null
TriggerRate,1714636069000000000,num,null,74,null
TriggerRate,1714636129000000000,num,null,75,null
TriggerRate,1714636189000000000,num,null,75,null
TriggerRate,1714636249000000000,num,null,77,null
TriggerRate,1714636309000000000,num,null,77,null
TriggerRate,1714636369000000000,num,null,71,null
TriggerRate,1714636429000000000,num,null,71,null
TriggerRate,1714636489000000000,num,null,77,null
TriggerRate,1714636549000000000,num,null,77,null
TriggerRate,1714636609000000000,num,null,77,null
TriggerRate,1714636669000000000,num,null,77,null
TriggerRate,1714636729000000000,num,null,69,null
TriggerRate,1714636789000000000,num,null,69,null
TriggerRate,1714636849000000000,num,null,77,null
TriggerRate,1714636909000000000,num,null,77,null
TriggerRate,1714636969000000000,num,null,74,null
TriggerRate,1714637029000000000,num,null,74,null
TriggerRate,1714637089000000000,num,null,75,null
TriggerRate,1714637149000000000,num,null,75,null
TriggerRate,1714637209000000000,num,null,78,null
TriggerRate,1714637269000000000,num,null,78,null
TriggerRate,1714637329000000000,num,null,79,null
TriggerRate,1714637389000000000,num,null,79,null
TriggerRate,1714637449000000000,num,null,73,null
TriggerRate,1714637509000000000,num,null,73,null
TriggerRate,1714637569000000000,num,null,76,null
TriggerRate,1714637629000000000,num,null,76,null
TriggerRate,1714637689000000000,num,null,73,null
TriggerRate,1714637749000000000,num,null,73,null
TriggerRate,1714637809000000000,num,null,76,null
TriggerRate,1714637869000000000,num,null,76,null
TriggerRate,1714637929000000000,num,null,74,null
TriggerRate,1714637989000000000,num,null,74,null
TriggerRate,1714638049000000000,num,null,76,null
TriggerRate,1714638109000000000,num,null,76,null
TriggerRate,1714638169000000000,num,null,77,null
TriggerRate,1714638229000000000,num,null,77,null
TriggerRate,1714638289000000000,num,null,78,null
TriggerRate,1714638349000000000,num,null,78,null
TriggerRate,1714638409000000000,num,null,74,null
TriggerRate,1714638469000000000,num,null,74,null
TriggerRate,1714638529000000000,num,null,73,null
TriggerRate,1714638589000000000,num,null,73,null
TriggerRate,1714638649000000000,num,null,73,null
TriggerRate,1714638709000000000,num,null,73,null
TriggerRate,1714638769000000000,num,null,73,null
TriggerRate,1714638829000000000,num,null,73,null
TriggerRate,1714638889000000000,num,null,74,null
TriggerRate,1714638949000000000,num,null,74,null
TriggerRate,1714639009000000000,num,null,75,null
TriggerRate,1714639069000000000,num,null,75,null
TriggerRate,1714639129000000000,num,null,77,null
TriggerRate,1714639189000000000,num,null,77,null
TriggerRate,1714639249000000000,num,null,80,null
TriggerRate,1714639309000000000,num,null,80,null
TriggerRate,1714639369000000000,num,null,77,null
TriggerRate,1714639429000000000,num,null,77,null
TriggerRate,1714639489000000000,num,null,74,null
TriggerRate,1714639549000000000,num,null,74,null
TriggerRate,1714639609000000000,num,null,80,null
TriggerRate,1714639669000000000,num,null,80,null
TriggerRate,1714639729000000000,num,null,77,null
TriggerRate,1714639789000000000,num,null,77,null
TriggerRate,1714639849000000000,num,null,80,null
TriggerRate,1714639909000000000,num,null,80,null
TriggerRate,1714639969000000000,num,null,85,null
TriggerRate,1714640029000000000,num,null,85,null
TriggerRate,1714640089000000000,num,null,76,null
TriggerRate,1714640149000000000,num,null,76,null
TriggerRate,1714640209000000000,num,null,80,null
TriggerRate,1714640269000000000,num,null,80,null
TriggerRate,1714640329000000000,num,null,78,null
TriggerRate,1714640389000000000,num,null,78,null
TriggerRate,1714640449000000000,num,null,79,null
TriggerRate,1714640509000000000,num,null,79,null
TriggerRate,1714640569000000000,num,null,85,null
TriggerRate,1714640629000000000,num,null,85,null
TriggerRate,1714640689000000000,num,null,76,null
TriggerRate,1714640749000000000,num,null,76,null
TriggerRate,1714640809000000000,num,null,80,null
TriggerRate,1714640869000000000,num,null,80,null
TriggerRate,1714640929000000000,num,null,80,null
TriggerRate,1714640989000000000,num,null,80,null
TriggerRate,1714641049000000000,num,null,81,null
TriggerRate,1714641109000000000,num,null,81,null
TriggerRate,1714641169000000000,num,null,85,null
TriggerRate,1714641229000000000,num,null,85,null
TriggerRate,1714641289000000000,num,null,80,null
TriggerRate,1714641349000000000,num,null,80,null
TriggerRate,1714641409000000000,num,null,86,null
TriggerRate,1714641469000000000,num,null,86,null
TriggerRate,1714641529000000000,num,null,87,null
TriggerRate,1714641589000000000,num,null,87,null
TriggerRate,1714641649000000000,num,null,84,null
TriggerRate,1714641709000000000,num,null,84,null
TriggerRate,1714641769000000000,num,null,86,null
TriggerRate,1714641829000000000,num,null,86,null
TriggerRate,1714641889000000000,num,null,79,null
TriggerRate,1714641949000000000,num,null,79,null
TriggerRate,1714642009000000000,num,null,83,null
TriggerRate,1714642069000000000,num,null,83,null
TriggerRate,1714642129000000000,num,null,84,null
TriggerRate,1714642189000000000,num,null,84,null
TriggerRate,1714642249000000000,num,null,85,null
TriggerRate,1714642309000000000,num,null,85,null
TriggerRate,1714642369000000000,num,null,89,null
TriggerRate,1714642429000000000,num,null,89,null
TriggerRate,1714642489000000000,num,null,92,null
TriggerRate,1714642549000000000,num,null,92,null
TriggerRate,1714642609000000000,num,null,98,null
TriggerRate,1714642669000000000,num,null,98,null
TriggerRate,1714642729000000000,num,null,97,null
TriggerRate,1714642759000000000,num,null,97,null
TriggerRate,1714642819000000000,num,null,38,null
TriggerRate,1714678669000000000,num,null,38,null
TriggerRate,1714678729000000000,num,null,38,null
TriggerRate,1714678789000000000,num,null,38,null
TriggerRate,1714678849000000000,num,null,38,null
TriggerRate,1714678909000000000,num,null,38,null
TriggerRate,1714678969000000000,num,null,38,null
TriggerRate,1714681258000000000,num,null,0,null
TriggerRate,1714681288000000000,num,null,0,null
TriggerRate,1714681348000000000,num,null,0,null
TriggerRate,1714681408000000000,num,null,0,null
TriggerRate,1714681468000000000,num,null,0,null
TriggerRate,1714681528000000000,num,null,0,null
TriggerRate,1714681588000000000,num,null,0,null
TriggerRate,1714681648000000000,num,null,0,null
TriggerRate,1714681708000000000,num,null,0,null
TriggerRate,1714681768000000000,num,null,0,null
TriggerRate,1714681798000000000,num,null,0,null
TriggerRate,1714682248000000000,num,null,0,null
TriggerRate,1714683748000000000,num,null,0,null
TriggerRate,1714683808000000000,num,null,0,null
TriggerRate,1714684475000000000,num,null,0,null
TriggerRate,1714684535000000000,num,null,0,null
TriggerRate,1714684595000000000,num,null,0,null
TriggerRate,1714684655000000000,num,null,0,null
TriggerRate,1714684715000000000,num,null,0,null
TriggerRate,1714684775000000000,num,null,0,null
TriggerRate,1714684835000000000,num,null,0,null
TriggerRate,1714684895000000000,num,null,0,null
TriggerRate,1714684925000000000,num,null,0,null
TriggerRate,1714685375000000000,num,null,0,null
TriggerRate,1714685435000000000,num,null,0,null
TriggerRate,1714685495000000000,num,null,0,null
TriggerRate,1714705491000000000,num,null,0,null
TriggerRate,1714705551000000000,num,null,0,null
TriggerRate,1714705671000000000,num,null,0,null
TriggerRate,1714705731000000000,num,null,0,null
TriggerRate,1714705791000000000,num,null,0,null
TriggerRate,1714705851000000000,num,null,18,null
TriggerRate,1714705911000000000,num,null,18,null
TriggerRate,1714705971000000000,num,null,102,null
TriggerRate,1714706031000000000,num,null,102,null
TriggerRate,1714706091000000000,num,null,102,null
TriggerRate,1714706151000000000,num,null,102,null
TriggerRate,1714706211000000000,num,null,102,null
TriggerRate,1714706271000000000,num,null,102,null
TriggerRate,1714706331000000000,num,null,102,null
TriggerRate,1714706391000000000,num,null,102,null
TriggerRate,1714706451000000000,num,null,102,null
TriggerRate,1714706511000000000,num,null,102,null
TriggerRate,1714706571000000000,num,null,102,null
TriggerRate,1714706631000000000,num,null,102,null
TriggerRate,1714706691000000000,num,null,102,null
TriggerRate,1714706751000000000,num,null,102,null
TriggerRate,1714706811000000000,num,null,102,null
TriggerRate,1714706871000000000,num,null,102,null
TriggerRate,1714706931000000000,num,null,102,null
TriggerRate,1714706991000000000,num,null,102,null
TriggerRate,1714707021000000000,num,null,102,null
TriggerRate,1714707111000000000,num,null,11,null
TriggerRate,1714707171000000000,num,null,11,null
TriggerRate,1714707231000000000,num,null,11,null
TriggerRate,1714707291000000000,num,null,11,null
TriggerRate,1714707351000000000,num,null,11,null
TriggerRate,1714707411000000000,num,null,11,null
TriggerRate,1714707471000000000,num,null,11,null
TriggerRate,1714707531000000000,num,null,11,null
TriggerRate,1714707591000000000,num,null,11,null
TriggerRate,1714707651000000000,num,null,11,null
TriggerRate,1714707711000000000,num,null,11,null
TriggerRate,1714707771000000000,num,null,11,null
TriggerRate,1714707831000000000,num,null,11,null
TriggerRate,1714707891000000000,num,null,11,null
TriggerRate,1714707951000000000,num,null,11,null
TriggerRate,1714708011000000000,num,null,11,null
TriggerRate,1714708071000000000,num,null,11,null
TriggerRate,1714708131000000000,num,null,11,null
TriggerRate,1714708191000000000,num,null,11,null
TriggerRate,1714708251000000000,num,null,11,null
TriggerRate,1714708311000000000,num,null,11,null
TriggerRate,1714708371000000000,num,null,11,null
TriggerRate,1714708431000000000,num,null,11,null
TriggerRate,1714708491000000000,num,null,11,null
TriggerRate,1714708551000000000,num,null,11,null
TriggerRate,1714708611000000000,num,null,11,null
TriggerRate,1714708671000000000,num,null,11,null
TriggerRate,1714708731000000000,num,null,11,null
TriggerRate,1714708791000000000,num,null,11,null
TriggerRate,1714708851000000000,num,null,11,null
TriggerRate,1714708911000000000,num,null,11,null
TriggerRate,1714708971000000000,num,null,11,null
TriggerRate,1714709031000000000,num,null,11,null
TriggerRate,1714709061000000000,num,null,11,null
TriggerRate,1714709271000000000,num,null,11,null
TriggerRate,1714709331000000000,num,null,11,null
TriggerRate,1714709391000000000,num,null,11,null
TriggerRate,1714709421000000000,num,null,11,null
TriggerRate,1714709871000000000,num,null,11,null
TriggerRate,1714710171000000000,num,null,11,null
TriggerRate,1714710291000000000,num,null,11,null
TriggerRate,1714710351000000000,num,null,11,null
TriggerRate,1714710411000000000,num,null,11,null
TriggerRate,1714710471000000000,num,null,11,null
TriggerRate,1714710531000000000,num,null,11,null
TriggerRate,1714710591000000000,num,null,11,null
TriggerRate,1714710651000000000,num,null,11,null
TriggerRate,1714710711000000000,num,null,11,null
TriggerRate,1714710771000000000,num,null,11,null
TriggerRate,1714710831000000000,num,null,11,null
TriggerRate,1714710891000000000,num,null,11,null
TriggerRate,1714710951000000000,num,null,11,null
TriggerRate,1714711011000000000,num,null,11,null
TriggerRate,1714711071000000000,num,null,11,null
TriggerRate,1714711131000000000,num,null,11,null
TriggerRate,1714711191000000000,num,null,11,null
TriggerRate,1714711251000000000,num,null,11,null
TriggerRate,1714711311000000000,num,null,11,null
TriggerRate,1714711371000000000,num,null,11,null
TriggerRate,1714711431000000000,num,null,11,null
TriggerRate,1714711491000000000,num,null,11,null
TriggerRate,1714711551000000000,num,null,11,null
TriggerRate,1714711611000000000,num,null,11,null
TriggerRate,1714711671000000000,num,null,11,null
TriggerRate,1714711731000000000,num,null,11,null
TriggerRate,1714711791000000000,num,null,11,null
TriggerRate,1714711851000000000,num,null,11,null
TriggerRate,1714711911000000000,num,null,11,null
TriggerRate,1714711971000000000,num,null,11,null
TriggerRate,1714712031000000000,num,null,11,null
TriggerRate,1714712091000000000,num,null,11,null
TriggerRate,1714712151000000000,num,null,11,null
TriggerRate,1714712211000000000,num,null,11,null
TriggerRate,1714712271000000000,num,null,11,null
TriggerRate,1714712331000000000,num,null,11,null
TriggerRate,1714712391000000000,num,null,11,null
TriggerRate,1714712451000000000,num,null,11,null
TriggerRate,1714712511000000000,num,null,11,null
TriggerRate,1714712571000000000,num,null,11,null
TriggerRate,1714712631000000000,num,null,11,null
TriggerRate,1714712691000000000,num,null,11,null
TriggerRate,1714712751000000000,num,null,11,null
TriggerRate,1714712811000000000,num,null,11,null
TriggerRate,1714712871000000000,num,null,11,null
TriggerRate,1714712931000000000,num,null,11,null
TriggerRate,1714712991000000000,num,null,11,null
TriggerRate,1714713051000000000,num,null,11,null
TriggerRate,1714713111000000000,num,null,11,null
TriggerRate,1714713171000000000,num,null,11,null
TriggerRate,1714713231000000000,num,null,11,null
TriggerRate,1714713291000000000,num,null,11,null
TriggerRate,1714713351000000000,num,null,11,null
TriggerRate,1714713411000000000,num,null,11,null
TriggerRate,1714713471000000000,num,null,11,null
TriggerRate,1714713531000000000,num,null,11,null
TriggerRate,1714713591000000000,num,null,11,null
TriggerRate,1714713651000000000,num,null,11,null
TriggerRate,1714713711000000000,num,null,11,null
TriggerRate,1714713771000000000,num,null,11,null
TriggerRate,1714713831000000000,num,null,11,null
TriggerRate,1714713891000000000,num,null,11,null
TriggerRate,1714713951000000000,num,null,11,null
TriggerRate,1714714011000000000,num,null,11,null
TriggerRate,1714714071000000000,num,null,11,null
TriggerRate,1714714131000000000,num,null,11,null
TriggerRate,1714714191000000000,num,null,11,null
TriggerRate,1714714251000000000,num,null,11,null
TriggerRate,1714714311000000000,num,null,11,null
TriggerRate,1714714371000000000,num,null,11,null
TriggerRate,1714714431000000000,num,null,11,null
TriggerRate,1714714491000000000,num,null,11,null
TriggerRate,1714714551000000000,num,null,11,null
TriggerRate,1714714611000000000,num,null,11,null
TriggerRate,1714714671000000000,num,null,11,null
TriggerRate,1714714731000000000,num,null,11,null
TriggerRate,1714714791000000000,num,null,11,null
TriggerRate,1714714851000000000,num,null,11,null
TriggerRate,1714714911000000000,num,null,11,null
TriggerRate,1714714971000000000,num,null,11,null
TriggerRate,1714715031000000000,num,null,11,null
TriggerRate,1714715091000000000,num,null,11,null
TriggerRate,1714715151000000000,num,null,11,null
TriggerRate,1714715211000000000,num,null,11,null
TriggerRate,1714715271000000000,num,null,11,null
TriggerRate,1714715331000000000,num,null,11,null
TriggerRate,1714715391000000000,num,null,11,null
TriggerRate,1714715451000000000,num,null,11,null
TriggerRate,1714715511000000000,num,null,11,null
TriggerRate,1714715571000000000,num,null,11,null
TriggerRate,1714715631000000000,num,null,11,null
TriggerRate,1714715691000000000,num,null,11,null
TriggerRate,1714715751000000000,num,null,11,null
TriggerRate,1714715811000000000,num,null,11,null
TriggerRate,1714715871000000000,num,null,11,null
TriggerRate,1714715931000000000,num,null,11,null
TriggerRate,1714715991000000000,num,null,11,null
TriggerRate,1714716051000000000,num,null,11,null
TriggerRate,1714716111000000000,num,null,11,null
TriggerRate,1714716171000000000,num,null,11,null
TriggerRate,1714716231000000000,num,null,11,null
TriggerRate,1714716291000000000,num,null,11,null
TriggerRate,1714716351000000000,num,null,11,null
TriggerRate,1714716411000000000,num,null,11,null
TriggerRate,1714716471000000000,num,null,11,null
TriggerRate,1714716531000000000,num,null,11,null
TriggerRate,1714716591000000000,num,null,11,null
TriggerRate,1714716651000000000,num,null,11,null
TriggerRate,1714716711000000000,num,null,11,null
TriggerRate,1714716771000000000,num,null,11,null
TriggerRate,1714716831000000000,num,null,11,null
TriggerRate,1714716891000000000,num,null,11,null
TriggerRate,1714716951000000000,num,null,11,null
TriggerRate,1714717011000000000,num,null,11,null
TriggerRate,1714717071000000000,num,null,11,null
TriggerRate,1714717131000000000,num,null,11,null
TriggerRate,1714717191000000000,num,null,11,null
TriggerRate,1714717251000000000,num,null,11,null
TriggerRate,1714717311000000000,num,null,11,null
TriggerRate,1714717371000000000,num,null,11,null
TriggerRate,1714717431000000000,num,null,11,null
TriggerRate,1714717491000000000,num,null,11,null
TriggerRate,1714717551000000000,num,null,11,null
TriggerRate,1714717611000000000,num,null,11,null
TriggerRate,1714717671000000000,num,null,11,null
TriggerRate,1714717731000000000,num,null,11,null
TriggerRate,1714717791000000000,num,null,11,null
TriggerRate,1714717851000000000,num,null,11,null
TriggerRate,1714717911000000000,num,null,11,null
TriggerRate,1714717971000000000,num,null,11,null
TriggerRate,1714718031000000000,num,null,11,null
TriggerRate,1714718091000000000,num,null,11,null
TriggerRate,1714718151000000000,num,null,11,null
TriggerRate,1714718211000000000,num,null,11,null
TriggerRate,1714718271000000000,num,null,11,null
TriggerRate,1714718331000000000,num,null,11,null
TriggerRate,1714718391000000000,num,null,11,null
TriggerRate,1714718451000000000,num,null,11,null
TriggerRate,1714718511000000000,num,null,11,null
TriggerRate,1714718571000000000,num,null,11,null
TriggerRate,1714718631000000000,num,null,11,null
TriggerRate,1714718691000000000,num,null,11,null
TriggerRate,1714718751000000000,num,null,11,null
TriggerRate,1714718811000000000,num,null,11,null
TriggerRate,1714718871000000000,num,null,11,null
TriggerRate,1714718931000000000,num,null,11,null
TriggerRate,1714718991000000000,num,null,11,null
TriggerRate,1714719051000000000,num,null,11,null
TriggerRate,1714719111000000000,num,null,11,null
TriggerRate,1714719171000000000,num,null,11,null
TriggerRate,1714719231000000000,num,null,11,null
TriggerRate,1714719291000000000,num,null,11,null
TriggerRate,1714719351000000000,num,null,11,null
TriggerRate,1714719411000000000,num,null,11,null
TriggerRate,1714719471000000000,num,null,11,null
TriggerRate,1714719531000000000,num,null,11,null
TriggerRate,1714719591000000000,num,null,11,null
TriggerRate,1714719651000000000,num,null,11,null
TriggerRate,1714719711000000000,num,null,11,null
TriggerRate,1714719771000000000,num,null,11,null
TriggerRate,1714719831000000000,num,null,11,null
TriggerRate,1714719891000000000,num,null,11,null
TriggerRate,1714719951000000000,num,null,11,null
TriggerRate,1714720011000000000,num,null,11,null
TriggerRate,1714720071000000000,num,null,11,null
TriggerRate,1714720131000000000,num,null,11,null
TriggerRate,1714720191000000000,num,null,11,null
TriggerRate,1714720251000000000,num,null,11,null
TriggerRate,1714720311000000000,num,null,11,null
TriggerRate,1714720371000000000,num,null,11,null
TriggerRate,1714720431000000000,num,null,11,null
TriggerRate,1714720491000000000,num,null,11,null
TriggerRate,1714720551000000000,num,null,11,null
TriggerRate,1714720611000000000,num,null,11,null
TriggerRate,1714720671000000000,num,null,11,null
TriggerRate,1714720731000000000,num,null,11,null
TriggerRate,1714720791000000000,num,null,11,null
TriggerRate,1714720851000000000,num,null,11,null
TriggerRate,1714720911000000000,num,null,11,null
TriggerRate,1714720971000000000,num,null,11,null
TriggerRate,1714721031000000000,num,null,11,null
TriggerRate,1714721091000000000,num,null,11,null
TriggerRate,1714721151000000000,num,null,11,null
TriggerRate,1714721211000000000,num,null,11,null
TriggerRate,1714721271000000000,num,null,11,null
TriggerRate,1714721331000000000,num,null,11,null
TriggerRate,1714721391000000000,num,null,11,null
TriggerRate,1714721451000000000,num,null,11,null
TriggerRate,1714721511000000000,num,null,11,null
TriggerRate,1714721571000000000,num,null,11,null
TriggerRate,1714721631000000000,num,null,11,null
TriggerRate,1714721691000000000,num,null,11,null
TriggerRate,1714721751000000000,num,null,11,null
TriggerRate,1714721811000000000,num,null,11,null
TriggerRate,1714721871000000000,num,null,11,null
TriggerRate,1714721931000000000,num,null,11,null
TriggerRate,1714721991000000000,num,null,11,null
TriggerRate,1714722051000000000,num,null,11,null
TriggerRate,1714722111000000000,num,null,11,null
TriggerRate,1714722171000000000,num,null,11,null
TriggerRate,1714722231000000000,num,null,11,null
TriggerRate,1714722291000000000,num,null,11,null
TriggerRate,1714722351000000000,num,null,11,null
TriggerRate,1714722411000000000,num,null,11,null
TriggerRate,1714722471000000000,num,null,11,null
TriggerRate,1714722531000000000,num,null,11,null
TriggerRate,1714722591000000000,num,null,11,null
TriggerRate,1714722651000000000,num,null,11,null
TriggerRate,1714722711000000000,num,null,11,null
TriggerRate,1714722771000000000,num,null,11,null
TriggerRate,1714722831000000000,num,null,11,null
TriggerRate,1714722891000000000,num,null,11,null
TriggerRate,1714722951000000000,num,null,11,null
TriggerRate,1714723011000000000,num,null,11,null
TriggerRate,1714723071000000000,num,null,11,null
TriggerRate,1714723131000000000,num,null,11,null
TriggerRate,1714723191000000000,num,null,11,null
TriggerRate,1714723251000000000,num,null,11,null
TriggerRate,1714723311000000000,num,null,11,null
TriggerRate,1714723371000000000,num,null,11,null
TriggerRate,1714723431000000000,num,null,11,null
TriggerRate,1714723491000000000,num,null,11,null
TriggerRate,1714723551000000000,num,null,11,null
TriggerRate,1714723611000000000,num,null,11,null
TriggerRate,1714723671000000000,num,null,11,null
TriggerRate,1714723731000000000,num,null,11,null
TriggerRate,1714723791000000000,num,null,11,null
TriggerRate,1714723851000000000,num,null,11,null
TriggerRate,1714723911000000000,num,null,11,null
TriggerRate,1714723971000000000,num,null,11,null
TriggerRate,1714724031000000000,num,null,11,null
TriggerRate,1714724091000000000,num,null,11,null
TriggerRate,1714724151000000000,num,null,11,null
TriggerRate,1714724211000000000,num,null,11,null
TriggerRate,1714724271000000000,num,null,11,null
TriggerRate,1714724331000000000,num,null,11,null
TriggerRate,1714724391000000000,num,null,11,null
TriggerRate,1714724451000000000,num,null,11,null
TriggerRate,1714724511000000000,num,null,11,null
TriggerRate,1714724571000000000,num,null,11,null
TriggerRate,1714724631000000000,num,null,11,null
TriggerRate,1714724691000000000,num,null,11,null
TriggerRate,1714724751000000000,num,null,11,null
TriggerRate,1714724811000000000,num,null,11,null
TriggerRate,1714724871000000000,num,null,11,null
TriggerRate,1714724931000000000,num,null,11,null
TriggerRate,1714724991000000000,num,null,11,null
TriggerRate,1714725051000000000,num,null,11,null
TriggerRate,1714725111000000000,num,null,11,null
TriggerRate,1714725171000000000,num,null,11,null
TriggerRate,1714725231000000000,num,null,11,null
TriggerRate,1714725291000000000,num,null,11,null
TriggerRate,1714725351000000000,num,null,11,null
TriggerRate,1714725411000000000,num,null,11,null
TriggerRate,1714725471000000000,num,null,11,null
TriggerRate,1714725531000000000,num,null,11,null
TriggerRate,1714725591000000000,num,null,11,null
TriggerRate,1714725651000000000,num,null,11,null
TriggerRate,1714725711000000000,num,null,11,null
TriggerRate,1714725771000000000,num,null,11,null
TriggerRate,1714725831000000000,num,null,11,null
TriggerRate,1714725891000000000,num,null,11,null
TriggerRate,1714725951000000000,num,null,11,null
TriggerRate,1714726011000000000,num,null,11,null
TriggerRate,1714726071000000000,num,null,11,null
TriggerRate,1714726131000000000,num,null,11,null
TriggerRate,1714726191000000000,num,null,11,null
TriggerRate,1714726251000000000,num,null,11,null
TriggerRate,1714726311000000000,num,null,11,null
TriggerRate,1714726371000000000,num,null,11,null
TriggerRate,1714726431000000000,num,null,11,null
TriggerRate,1714726491000000000,num,null,11,null
TriggerRate,1714726551000000000,num,null,11,null
TriggerRate,1714726611000000000,num,null,11,null
TriggerRate,1714726671000000000,num,null,11,null
TriggerRate,1714726731000000000,num,null,11,null
TriggerRate,1714726791000000000,num,null,11,null
TriggerRate,1714726851000000000,num,null,11,null
TriggerRate,1714726911000000000,num,null,11,null
TriggerRate,1714726971000000000,num,null,11,null
TriggerRate,1714727031000000000,num,null,11,null
TriggerRate,1714727091000000000,num,null,11,null
TriggerRate,1714727151000000000,num,null,11,null
TriggerRate,1714727211000000000,num,null,11,null
TriggerRate,1714727271000000000,num,null,11,null
TriggerRate,1714727331000000000,num,null,11,null
TriggerRate,1714727391000000000,num,null,11,null
TriggerRate,1714727451000000000,num,null,11,null
TriggerRate,1714727511000000000,num,null,11,null
TriggerRate,1714727571000000000,num,null,11,null
TriggerRate,1714727631000000000,num,null,11,null
TriggerRate,1714727691000000000,num,null,11,null
TriggerRate,1714727751000000000,num,null,11,null
TriggerRate,1714727811000000000,num,null,11,null
TriggerRate,1714727871000000000,num,null,11,null
TriggerRate,1714727931000000000,num,null,11,null
TriggerRate,1714727991000000000,num,null,11,null
TriggerRate,1714728051000000000,num,null,11,null
TriggerRate,1714728111000000000,num,null,11,null
TriggerRate,1714728171000000000,num,null,11,null
TriggerRate,1714728231000000000,num,null,11,null
TriggerRate,1714728291000000000,num,null,11,null
TriggerRate,1714728351000000000,num,null,11,null
TriggerRate,1714728411000000000,num,null,11,null
TriggerRate,1714728471000000000,num,null,11,null
TriggerRate,1714728531000000000,num,null,11,null
TriggerRate,1714728591000000000,num,null,11,null
TriggerRate,1714728651000000000,num,null,11,null
TriggerRate,1714728711000000000,num,null,11,null
TriggerRate,1714728771000000000,num,null,11,null
TriggerRate,1714728831000000000,num,null,11,null
TriggerRate,1714728891000000000,num,null,11,null
TriggerRate,1714728951000000000,num,null,11,null
TriggerRate,1714729011000000000,num,null,11,null
TriggerRate,1714729071000000000,num,null,11,null
TriggerRate,1714729131000000000,num,null,11,null
TriggerRate,1714729191000000000,num,null,11,null
TriggerRate,1714729251000000000,num,null,11,null
TriggerRate,1714729311000000000,num,null,11,null
TriggerRate,1714729371000000000,num,null,11,null
TriggerRate,1714729431000000000,num,null,11,null
TriggerRate,1714729491000000000,num,null,11,null
TriggerRate,1714729551000000000,num,null,11,null
TriggerRate,1714729611000000000,num,null,11,null
TriggerRate,1714729671000000000,num,null,11,null
TriggerRate,1714729731000000000,num,null,11,null
TriggerRate,1714729791000000000,num,null,11,null
TriggerRate,1714729851000000000,num,null,11,null
TriggerRate,1714729911000000000,num,null,11,null
TriggerRate,1714729971000000000,num,null,11,null
TriggerRate,1714730031000000000,num,null,11,null
TriggerRate,1714730091000000000,num,null,11,null
TriggerRate,1714730151000000000,num,null,11,null
TriggerRate,1714730211000000000,num,null,11,null
TriggerRate,1714730271000000000,num,null,11,null
TriggerRate,1714730331000000000,num,null,11,null
TriggerRate,1714730391000000000,num,null,11,null
TriggerRate,1714730451000000000,num,null,11,null
TriggerRate,1714730511000000000,num,null,11,null
TriggerRate,1714730571000000000,num,null,11,null
TriggerRate,1714730631000000000,num,null,11,null
TriggerRate,1714730691000000000,num,null,11,null
TriggerRate,1714730751000000000,num,null,11,null
TriggerRate,1714730811000000000,num,null,11,null
TriggerRate,1714730871000000000,num,null,11,null
TriggerRate,1714730931000000000,num,null,11,null
TriggerRate,1714730991000000000,num,null,11,null
TriggerRate,1714731051000000000,num,null,11,null
TriggerRate,1714731111000000000,num,null,11,null
TriggerRate,1714731171000000000,num,null,11,null
TriggerRate,1714731231000000000,num,null,11,null
TriggerRate,1714731291000000000,num,null,11,null
TriggerRate,1714731351000000000,num,null,11,null
TriggerRate,1714731411000000000,num,null,11,null
TriggerRate,1714731471000000000,num,null,11,null
TriggerRate,1714731531000000000,num,null,11,null
TriggerRate,1714731591000000000,num,null,11,null
TriggerRate,1714731651000000000,num,null,11,null
TriggerRate,1714731711000000000,num,null,11,null
TriggerRate,1714731771000000000,num,null,11,null
TriggerRate,1714731831000000000,num,null,11,null
TriggerRate,1714731891000000000,num,null,11,null
TriggerRate,1714731951000000000,num,null,11,null
TriggerRate,1714732011000000000,num,null,11,null
TriggerRate,1714732071000000000,num,null,11,null
TriggerRate,1714732131000000000,num,null,11,null
TriggerRate,1714732191000000000,num,null,11,null
TriggerRate,1714732251000000000,num,null,11,null
TriggerRate,1714732311000000000,num,null,11,null
TriggerRate,1714732371000000000,num,null,11,null
TriggerRate,1714732431000000000,num,null,11,null
TriggerRate,1714732491000000000,num,null,11,null
TriggerRate,1714732551000000000,num,null,11,null
TriggerRate,1714732611000000000,num,null,11,null
TriggerRate,1714732671000000000,num,null,11,null
TriggerRate,1714732731000000000,num,null,11,null
TriggerRate,1714732791000000000,num,null,11,null
TriggerRate,1714732851000000000,num,null,11,null
TriggerRate,1714732911000000000,num,null,11,null
TriggerRate,1714732971000000000,num,null,11,null
TriggerRate,1714733031000000000,num,null,11,null
TriggerRate,1714733091000000000,num,null,11,null
TriggerRate,1714733151000000000,num,null,11,null
TriggerRate,1714733211000000000,num,null,11,null
TriggerRate,1714733271000000000,num,null,11,null
TriggerRate,1714733331000000000,num,null,11,null
TriggerRate,1714733391000000000,num,null,11,null
TriggerRate,1714733451000000000,num,null,11,null
TriggerRate,1714733511000000000,num,null,11,null
TriggerRate,1714733571000000000,num,null,11,null
TriggerRate,1714733631000000000,num,null,11,null
TriggerRate,1714733691000000000,num,null,11,null
TriggerRate,1714733751000000000,num,null,11,null
TriggerRate,1714733811000000000,num,null,11,null
TriggerRate,1714733871000000000,num,null,11,null
TriggerRate,1714733931000000000,num,null,11,null
TriggerRate,1714733991000000000,num,null,11,null
TriggerRate,1714734051000000000,num,null,11,null
TriggerRate,1714734111000000000,num,null,11,null
TriggerRate,1714734171000000000,num,null,11,null
TriggerRate,1714734231000000000,num,null,11,null
TriggerRate,1714734291000000000,num,null,11,null
TriggerRate,1714734351000000000,num,null,11,null
TriggerRate,1714734411000000000,num,null,11,null
TriggerRate,1714734471000000000,num,null,11,null
TriggerRate,1714734531000000000,num,null,11,null
TriggerRate,1714734591000000000,num,null,11,null
TriggerRate,1714734651000000000,num,null,11,null
TriggerRate,1714734711000000000,num,null,11,null
TriggerRate,1714734771000000000,num,null,11,null
TriggerRate,1714734831000000000,num,null,11,null
TriggerRate,1714734891000000000,num,null,11,null
TriggerRate,1714734951000000000,num,null,11,null
TriggerRate,1714793081000000000,num,null,0,null
TriggerRate,1714793141000000000,num,null,0,null
TriggerRate,1714793261000000000,num,null,0,null
TriggerRate,1714793321000000000,num,null,0,null
TriggerRate,1714793381000000000,num,null,0,null
TriggerRate,1714793441000000000,num,null,18,null
TriggerRate,1714793501000000000,num,null,18,null
TriggerRate,1714793561000000000,num,null,102,null
TriggerRate,1714793621000000000,num,null,102,null
TriggerRate,1714793681000000000,num,null,102,null
TriggerRate,1714793741000000000,num,null,102,null
TriggerRate,1714793801000000000,num,null,102,null
TriggerRate,1714793861000000000,num,null,102,null
TriggerRate,1714793921000000000,num,null,102,null
TriggerRate,1714793981000000000,num,null,102,null
TriggerRate,1714794041000000000,num,null,102,null
TriggerRate,1714794101000000000,num,null,102,null
TriggerRate,1714794161000000000,num,null,102,null
TriggerRate,1714794221000000000,num,null,102,null
TriggerRate,1714794281000000000,num,null,102,null
TriggerRate,1714794341000000000,num,null,102,null
TriggerRate,1714794401000000000,num,null,102,null
TriggerRate,1714794461000000000,num,null,102,null
TriggerRate,1714794521000000000,num,null,102,null
TriggerRate,1714794581000000000,num,null,102,null
TriggerRate,1714794641000000000,num,null,101,null
TriggerRate,1714794701000000000,num,null,101,null
TriggerRate,1714794761000000000,num,null,101,null
TriggerRate,1714794821000000000,num,null,101,null
TriggerRate,1714795301000000000,num,null,101,null
TriggerRate,1714795361000000000,num,null,101,null
TriggerRate,1714795421000000000,num,null,101,null
TriggerRate,1714795451000000000,num,null,101,null
TriggerRate,1714795541000000000,num,null,101,null
TriggerRate,1714795601000000000,num,null,101,null
TriggerRate,1714796021000000000,num,null,101,null
TriggerRate,1714796051000000000,num,null,101,null
TriggerRate,1714796141000000000,num,null,101,null
TriggerRate,1714796201000000000,num,null,65535,null
TriggerRate,1714796261000000000,num,null,65535,null
TriggerRate,1714796321000000000,num,null,3999,null
TriggerRate,1714796381000000000,num,null,3999,null
TriggerRate,1714796441000000000,num,null,3999,null
TriggerRate,1714796501000000000,num,null,3999,null
TriggerRate,1714796561000000000,num,null,3999,null
TriggerRate,1714796621000000000,num,null,3999,null
TriggerRate,1714796681000000000,num,null,3999,null
TriggerRate,1714796741000000000,num,null,3999,null
TriggerRate,1714796801000000000,num,null,3999,null
TriggerRate,1714796861000000000,num,null,3999,null
TriggerRate,1714796921000000000,num,null,3999,null
TriggerRate,1714796981000000000,num,null,3999,null
TriggerRate,1714797041000000000,num,null,65535,null
TriggerRate,1714797101000000000,num,null,65535,null
TriggerRate,1714797161000000000,num,null,3999,null
TriggerRate,1714797221000000000,num,null,3999,null
TriggerRate,1714797281000000000,num,null,3999,null
TriggerRate,1714797311000000000,num,null,3999,null
TriggerRate,1714797401000000000,num,null,3999,null
TriggerRate,1714797461000000000,num,null,3999,null
TriggerRate,1714797521000000000,num,null,3999,null
TriggerRate,1714797581000000000,num,null,3999,null
TriggerRate,1714797641000000000,num,null,65535,null
TriggerRate,1714797701000000000,num,null,65535,null
TriggerRate,1714797761000000000,num,null,3999,null
TriggerRate,1714797821000000000,num,null,3999,null
TriggerRate,1714797881000000000,num,null,3999,null
TriggerRate,1714797941000000000,num,null,3999,null
TriggerRate,1714798001000000000,num,null,3999,null
TriggerRate,1714798061000000000,num,null,3999,null
TriggerRate,1714798121000000000,num,null,3999,null
TriggerRate,1714798181000000000,num,null,3999,null
TriggerRate,1714798241000000000,num,null,3999,null
TriggerRate,1714798301000000000,num,null,3999,null
TriggerRate,1714798361000000000,num,null,3999,null
TriggerRate,1714798421000000000,num,null,3999,null
TriggerRate,1714798451000000000,num,null,3999,null
TriggerRate,1714798511000000000,num,null,797,null
TriggerRate,1714798848000000000,num,null,0,null
TriggerRate,1714798908000000000,num,null,0,null
TriggerRate,1714799088000000000,num,null,0,null
TriggerRate,1714799148000000000,num,null,0,null
TriggerRate,1714799208000000000,num,null,0,null
TriggerRate,1714799268000000000,num,null,0,null
TriggerRate,1714799328000000000,num,null,0,null
TriggerRate,1714799388000000000,num,null,0,null
TriggerRate,1714799868000000000,num,null,0,null
TriggerRate,1714799898000000000,num,null,0,null
TriggerRate,1714799988000000000,num,null,0,null
TriggerRate,1714800048000000000,num,null,3513,null
TriggerRate,1714800108000000000,num,null,3513,null
TriggerRate,1714800168000000000,num,null,3999,null
TriggerRate,1714800228000000000,num,null,3999,null
TriggerRate,1714800288000000000,num,null,3999,null
TriggerRate,1714800348000000000,num,null,3999,null
TriggerRate,1714800408000000000,num,null,1171,null
TriggerRate,1714800468000000000,num,null,1171,null
TriggerRate,1714800498000000000,num,null,1171,null
TriggerRate,1714800828000000000,num,null,1171,null
TriggerRate,1714800888000000000,num,null,65535,null
TriggerRate,1714800948000000000,num,null,65535,null
TriggerRate,1714801008000000000,num,null,3999,null
TriggerRate,1714801068000000000,num,null,3999,null
TriggerRate,1714801128000000000,num,null,3999,null
TriggerRate,1714801188000000000,num,null,3999,null
TriggerRate,1714801248000000000,num,null,3999,null
TriggerRate,1714801308000000000,num,null,3999,null
TriggerRate,1714801368000000000,num,null,3999,null
TriggerRate,1714801428000000000,num,null,3999,null
TriggerRate,1714801488000000000,num,null,703,null
TriggerRate,1714801518000000000,num,null,703,null
TriggerRate,1714801908000000000,num,null,703,null
TriggerRate,1714801968000000000,num,null,703,null
TriggerRate,1714802028000000000,num,null,703,null
TriggerRate,1714802088000000000,num,null,65535,null
TriggerRate,1714802148000000000,num,null,65535,null
TriggerRate,1714802208000000000,num,null,3999,null
TriggerRate,1714802268000000000,num,null,3999,null
TriggerRate,1714802328000000000,num,null,3999,null
TriggerRate,1714802388000000000,num,null,3999,null
TriggerRate,1714802448000000000,num,null,3999,null
TriggerRate,1714802508000000000,num,null,3999,null
TriggerRate,1714802568000000000,num,null,3999,null
TriggerRate,1714802628000000000,num,null,3999,null
TriggerRate,1714802688000000000,num,null,3999,null
TriggerRate,1714802748000000000,num,null,3999,null
TriggerRate,1714802808000000000,num,null,3999,null
TriggerRate,1714802868000000000,num,null,3999,null
TriggerRate,1714802928000000000,num,null,3999,null
TriggerRate,1714802988000000000,num,null,3999,null
TriggerRate,1714803048000000000,num,null,3999,null
TriggerRate,1714803108000000000,num,null,3999,null
TriggerRate,1714888688000000000,num,null,0,null
TriggerRate,1714984562000000000,num,null,3999,null
TriggerRate,1715079630000000000,num,null,7,null
TriggerRate,1715226370000000000,num,null,81,null
TriggerRate,1715317827000000000,num,null,0,null
TriggerRate,1715317887000000000,num,null,0,null
TriggerRate,1715317947000000000,num,null,0,null
TriggerRate,1715318007000000000,num,null,0,null
TriggerRate,1715318067000000000,num,null,0,null
TriggerRate,1715318127000000000,num,null,0,null
TriggerRate,1715318187000000000,num,null,0,null
TriggerRate,1715318277000000000,num,null,0,null
TriggerRate,1715318307000000000,num,null,0,null
TriggerRate,1715318367000000000,num,null,0,null
TriggerRate,1715318427000000000,num,null,0,null
TriggerRate,1715318487000000000,num,null,0,null
TriggerRate,1715318547000000000,num,null,0,null
TriggerRate,1715318577000000000,num,null,0,null
TriggerRate,1715318917000000000,num,null,0,null
TriggerRate,1715318977000000000,num,null,0,null
TriggerRate,1715319037000000000,num,null,0,null
TriggerRate,1715319097000000000,num,null,0,null
TriggerRate,1715319157000000000,num,null,0,null
TriggerRate,1715319217000000000,num,null,0,null
TriggerRate,1715319277000000000,num,null,0,null
TriggerRate,1715319337000000000,num,null,0,null
TriggerRate,1715319397000000000,num,null,0,null
TriggerRate,1715319457000000000,num,null,0,null
TriggerRate,1715319517000000000,num,null,0,null
TriggerRate,1715319577000000000,num,null,0,null
TriggerRate,1715319637000000000,num,null,0,null
TriggerRate,1715319697000000000,num,null,0,null
TriggerRate,1715319757000000000,num,null,0,null
TriggerRate,1715319817000000000,num,null,0,null
TriggerRate,1715319877000000000,num,null,0,null
TriggerRate,1715319907000000000,num,null,0,null
TriggerRate,1715320914000000000,num,null,0,null
TriggerRate,1715320974000000000,num,null,0,null
TriggerRate,1715321034000000000,num,null,0,null
TriggerRate,1715321064000000000,num,null,0,null
TriggerRate,1715321514000000000,num,null,0,null
TriggerRate,1715321544000000000,num,null,0,null
TriggerRate,1715321634000000000,num,null,0,null
TriggerRate,1715321694000000000,num,null,94,null
TriggerRate,1715321754000000000,num,null,94,null
TriggerRate,1715321814000000000,num,null,103,null
TriggerRate,1715321874000000000,num,null,103,null
TriggerRate,1715321934000000000,num,null,103,null
TriggerRate,1715321994000000000,num,null,103,null
TriggerRate,1715322054000000000,num,null,103,null
TriggerRate,1715322114000000000,num,null,103,null
TriggerRate,1715322174000000000,num,null,103,null
TriggerRate,1715322234000000000,num,null,103,null
TriggerRate,1715322294000000000,num,null,103,null
TriggerRate,1715322354000000000,num,null,103,null
TriggerRate,1715322414000000000,num,null,103,null
TriggerRate,1715322474000000000,num,null,103,null
TriggerRate,1715322534000000000,num,null,103,null
TriggerRate,1715322594000000000,num,null,103,null
TriggerRate,1715322654000000000,num,null,103,null
TriggerRate,1715322714000000000,num,null,103,null
TriggerRate,1715322774000000000,num,null,103,null
TriggerRate,1715322834000000000,num,null,103,null
TriggerRate,1715322894000000000,num,null,103,null
TriggerRate,1715322954000000000,num,null,103,null
TriggerRate,1715323014000000000,num,null,103,null
TriggerRate,1715323074000000000,num,null,103,null
TriggerRate,1715323104000000000,num,null,103,null
TriggerRate,1715323554000000000,num,null,8,null
TriggerRate,1715323614000000000,num,null,8,null
TriggerRate,1715323674000000000,num,null,8,null
TriggerRate,1715323734000000000,num,null,8,null
TriggerRate,1715323794000000000,num,null,8,null
TriggerRate,1715323854000000000,num,null,8,null
TriggerRate,1715323884000000000,num,null,8,null
TriggerRate,1715323974000000000,num,null,65535,null
TriggerRate,1715324034000000000,num,null,65535,null
TriggerRate,1715324094000000000,num,null,149,null
TriggerRate,1715324154000000000,num,null,149,null
TriggerRate,1715324214000000000,num,null,148,null
TriggerRate,1715324274000000000,num,null,148,null
TriggerRate,1715324334000000000,num,null,146,null
TriggerRate,1715324394000000000,num,null,146,null
TriggerRate,1715324454000000000,num,null,139,null
TriggerRate,1715324514000000000,num,null,139,null
TriggerRate,1715324574000000000,num,null,136,null
TriggerRate,1715324634000000000,num,null,136,null
TriggerRate,1715324694000000000,num,null,138,null
TriggerRate,1715324754000000000,num,null,138,null
TriggerRate,1715324814000000000,num,null,141,null
TriggerRate,1715324874000000000,num,null,141,null
TriggerRate,1715324934000000000,num,null,137,null
TriggerRate,1715324994000000000,num,null,137,null
TriggerRate,1715325054000000000,num,null,140,null
TriggerRate,1715325114000000000,num,null,140,null
TriggerRate,1715325174000000000,num,null,137,null
TriggerRate,1715325234000000000,num,null,137,null
TriggerRate,1715325294000000000,num,null,132,null
TriggerRate,1715325354000000000,num,null,132,null
TriggerRate,1715325414000000000,num,null,128,null
TriggerRate,1715325474000000000,num,null,128,null
TriggerRate,1715325534000000000,num,null,143,null
TriggerRate,1715325594000000000,num,null,143,null
TriggerRate,1715325654000000000,num,null,141,null
TriggerRate,1715325714000000000,num,null,141,null
TriggerRate,1715325774000000000,num,null,136,null
TriggerRate,1715325834000000000,num,null,136,null
TriggerRate,1715325894000000000,num,null,144,null
TriggerRate,1715325954000000000,num,null,144,null
TriggerRate,1715326014000000000,num,null,135,null
TriggerRate,1715326074000000000,num,null,135,null
TriggerRate,1715326134000000000,num,null,136,null
TriggerRate,1715326194000000000,num,null,136,null
TriggerRate,1715326254000000000,num,null,130,null
TriggerRate,1715326314000000000,num,null,130,null
TriggerRate,1715326374000000000,num,null,132,null
TriggerRate,1715326434000000000,num,null,132,null
TriggerRate,1715326494000000000,num,null,137,null
TriggerRate,1715326554000000000,num,null,137,null
TriggerRate,1715326614000000000,num,null,133,null
TriggerRate,1715326674000000000,num,null,133,null
TriggerRate,1715326734000000000,num,null,137,null
TriggerRate,1715326794000000000,num,null,137,null
TriggerRate,1715326854000000000,num,null,134,null
TriggerRate,1715326914000000000,num,null,134,null
TriggerRate,1715326974000000000,num,null,137,null
TriggerRate,1715327034000000000,num,null,137,null
TriggerRate,1715327094000000000,num,null,136,null
TriggerRate,1715327154000000000,num,null,136,null
TriggerRate,1715327214000000000,num,null,135,null
TriggerRate,1715327274000000000,num,null,135,null
TriggerRate,1715327334000000000,num,null,133,null
TriggerRate,1715327394000000000,num,null,133,null
TriggerRate,1715327454000000000,num,null,136,null
TriggerRate,1715327514000000000,num,null,136,null
TriggerRate,1715327574000000000,num,null,134,null
TriggerRate,1715327634000000000,num,null,134,null
TriggerRate,1715327694000000000,num,null,137,null
TriggerRate,1715327754000000000,num,null,137,null
TriggerRate,1715327814000000000,num,null,137,null
TriggerRate,1715327874000000000,num,null,137,null
TriggerRate,1715327934000000000,num,null,139,null
TriggerRate,1715327994000000000,num,null,139,null
TriggerRate,1715328054000000000,num,null,136,null
TriggerRate,1715328114000000000,num,null,136,null
TriggerRate,1715328174000000000,num,null,138,null
TriggerRate,1715328234000000000,num,null,138,null
TriggerRate,1715328294000000000,num,null,134,null
TriggerRate,1715328354000000000,num,null,134,null
TriggerRate,1715328414000000000,num,null,136,null
TriggerRate,1715328474000000000,num,null,136,null
TriggerRate,1715328534000000000,num,null,141,null
TriggerRate,1715328594000000000,num,null,141,null
TriggerRate,1715328654000000000,num,null,143,null
TriggerRate,1715328714000000000,num,null,143,null
TriggerRate,1715328774000000000,num,null,132,null
TriggerRate,1715328834000000000,num,null,132,null
TriggerRate,1715328894000000000,num,null,139,null
TriggerRate,1715328954000000000,num,null,139,null
TriggerRate,1715329014000000000,num,null,140,null
TriggerRate,1715329074000000000,num,null,140,null
TriggerRate,1715329134000000000,num,null,137,null
TriggerRate,1715329194000000000,num,null,137,null
TriggerRate,1715329254000000000,num,null,140,null
TriggerRate,1715329314000000000,num,null,140,null
TriggerRate,1715329374000000000,num,null,134,null
TriggerRate,1715329434000000000,num,null,134,null
TriggerRate,1715329494000000000,num,null,137,null
TriggerRate,1715329554000000000,num,null,137,null
TriggerRate,1715329614000000000,num,null,734,null
TriggerRate,1715329674000000000,num,null,734,null
TriggerRate,1715329734000000000,num,null,132,null
TriggerRate,1715329794000000000,num,null,132,null
TriggerRate,1715329854000000000,num,null,135,null
TriggerRate,1715329914000000000,num,null,135,null
TriggerRate,1715329974000000000,num,null,128,null
TriggerRate,1715330034000000000,num,null,128,null
TriggerRate,1715330094000000000,num,null,140,null
TriggerRate,1715330154000000000,num,null,140,null
TriggerRate,1715330214000000000,num,null,129,null
TriggerRate,1715330274000000000,num,null,129,null
TriggerRate,1715330334000000000,num,null,133,null
TriggerRate,1715330394000000000,num,null,133,null
TriggerRate,1715330454000000000,num,null,134,null
TriggerRate,1715330514000000000,num,null,134,null
TriggerRate,1715330574000000000,num,null,136,null
TriggerRate,1715330634000000000,num,null,136,null
TriggerRate,1715330694000000000,num,null,295,null
TriggerRate,1715330754000000000,num,null,295,null
TriggerRate,1715330814000000000,num,null,767,null
TriggerRate,1715330874000000000,num,null,767,null
TriggerRate,1715330934000000000,num,null,140,null
TriggerRate,1715330994000000000,num,null,140,null
TriggerRate,1715331054000000000,num,null,132,null
TriggerRate,1715331114000000000,num,null,132,null
TriggerRate,1715331174000000000,num,null,138,null
TriggerRate,1715331234000000000,num,null,138,null
TriggerRate,1715331294000000000,num,null,131,null
TriggerRate,1715331354000000000,num,null,131,null
TriggerRate,1715331414000000000,num,null,137,null
TriggerRate,1715331474000000000,num,null,137,null
TriggerRate,1715331534000000000,num,null,3999,null
TriggerRate,1715331594000000000,num,null,3999,null
TriggerRate,1715331654000000000,num,null,134,null
TriggerRate,1715331714000000000,num,null,134,null
TriggerRate,1715331774000000000,num,null,3832,null
TriggerRate,1715331834000000000,num,null,3832,null
TriggerRate,1715331894000000000,num,null,1873,null
TriggerRate,1715331954000000000,num,null,1873,null
TriggerRate,1715332014000000000,num,null,143,null
TriggerRate,1715332074000000000,num,null,143,null
TriggerRate,1715332134000000000,num,null,134,null
TriggerRate,1715332194000000000,num,null,134,null
TriggerRate,1715332254000000000,num,null,183,null
TriggerRate,1715332314000000000,num,null,183,null
TriggerRate,1715332374000000000,num,null,135,null
TriggerRate,1715332434000000000,num,null,135,null
TriggerRate,1715332494000000000,num,null,130,null
TriggerRate,1715332554000000000,num,null,130,null
TriggerRate,1715332614000000000,num,null,134,null
TriggerRate,1715332674000000000,num,null,134,null
TriggerRate,1715332734000000000,num,null,142,null
TriggerRate,1715332794000000000,num,null,142,null
TriggerRate,1715332854000000000,num,null,133,null
TriggerRate,1715332914000000000,num,null,133,null
TriggerRate,1715332974000000000,num,null,128,null
TriggerRate,1715333034000000000,num,null,128,null
TriggerRate,1715333094000000000,num,null,134,null
TriggerRate,1715333154000000000,num,null,134,null
TriggerRate,1715333214000000000,num,null,125,null
TriggerRate,1715333274000000000,num,null,125,null
TriggerRate,1715333334000000000,num,null,135,null
TriggerRate,1715333394000000000,num,null,135,null
TriggerRate,1715333454000000000,num,null,136,null
TriggerRate,1715333514000000000,num,null,136,null
TriggerRate,1715333574000000000,num,null,137,null
TriggerRate,1715333634000000000,num,null,137,null
TriggerRate,1715333814000000000,num,null,174,null
TriggerRate,1715333874000000000,num,null,174,null
TriggerRate,1715333934000000000,num,null,226,null
TriggerRate,1715333994000000000,num,null,226,null
TriggerRate,1715334054000000000,num,null,213,null
TriggerRate,1715334114000000000,num,null,213,null
TriggerRate,1715334174000000000,num,null,146,null
TriggerRate,1715334234000000000,num,null,146,null
TriggerRate,1715334294000000000,num,null,126,null
TriggerRate,1715334354000000000,num,null,126,null
TriggerRate,1715334414000000000,num,null,129,null
TriggerRate,1715334474000000000,num,null,129,null
TriggerRate,1715334534000000000,num,null,128,null
TriggerRate,1715334594000000000,num,null,128,null
TriggerRate,1715334654000000000,num,null,132,null
TriggerRate,1715334714000000000,num,null,132,null
TriggerRate,1715334774000000000,num,null,129,null
TriggerRate,1715334834000000000,num,null,129,null
TriggerRate,1715334894000000000,num,null,133,null
TriggerRate,1715334954000000000,num,null,133,null
TriggerRate,1715335014000000000,num,null,132,null
TriggerRate,1715335074000000000,num,null,132,null
TriggerRate,1715335134000000000,num,null,129,null
TriggerRate,1715335194000000000,num,null,129,null
TriggerRate,1715335254000000000,num,null,125,null
TriggerRate,1715335314000000000,num,null,125,null
TriggerRate,1715335374000000000,num,null,133,null
TriggerRate,1715335434000000000,num,null,133,null
TriggerRate,1715335494000000000,num,null,148,null
TriggerRate,1715335554000000000,num,null,148,null
TriggerRate,1715335614000000000,num,null,139,null
TriggerRate,1715335674000000000,num,null,139,null
TriggerRate,1715335734000000000,num,null,148,null
TriggerRate,1715335794000000000,num,null,148,null
TriggerRate,1715335854000000000,num,null,128,null
TriggerRate,1715335914000000000,num,null,128,null
TriggerRate,1715335974000000000,num,null,125,null
TriggerRate,1715336034000000000,num,null,125,null
TriggerRate,1715336094000000000,num,null,129,null
TriggerRate,1715336154000000000,num,null,129,null
TriggerRate,1715336214000000000,num,null,129,null
TriggerRate,1715336274000000000,num,null,129,null
TriggerRate,1715336334000000000,num,null,132,null
TriggerRate,1715336394000000000,num,null,132,null
TriggerRate,1715336454000000000,num,null,129,null
TriggerRate,1715336514000000000,num,null,129,null
TriggerRate,1715336574000000000,num,null,133,null
TriggerRate,1715336634000000000,num,null,133,null
TriggerRate,1715336694000000000,num,null,126,null
TriggerRate,1715336754000000000,num,null,126,null
TriggerRate,1715336814000000000,num,null,127,null
TriggerRate,1715336874000000000,num,null,127,null
TriggerRate,1715336934000000000,num,null,358,null
TriggerRate,1715336994000000000,num,null,358,null
TriggerRate,1715337054000000000,num,null,135,null
TriggerRate,1715337114000000000,num,null,135,null
TriggerRate,1715337174000000000,num,null,135,null
TriggerRate,1715337234000000000,num,null,135,null
TriggerRate,1715337294000000000,num,null,126,null
TriggerRate,1715337354000000000,num,null,126,null
TriggerRate,1715337414000000000,num,null,127,null
TriggerRate,1715337474000000000,num,null,127,null
TriggerRate,1715337534000000000,num,null,131,null
TriggerRate,1715337594000000000,num,null,131,null
TriggerRate,1715337654000000000,num,null,134,null
TriggerRate,1715337714000000000,num,null,134,null
TriggerRate,1715337774000000000,num,null,134,null
TriggerRate,1715337834000000000,num,null,134,null
TriggerRate,1715337894000000000,num,null,138,null
TriggerRate,1715337954000000000,num,null,138,null
TriggerRate,1715338014000000000,num,null,144,null
TriggerRate,1715338074000000000,num,null,144,null
TriggerRate,1715338134000000000,num,null,139,null
TriggerRate,1715338194000000000,num,null,139,null
TriggerRate,1715338254000000000,num,null,200,null
TriggerRate,1715338314000000000,num,null,200,null
TriggerRate,1715338374000000000,num,null,165,null
TriggerRate,1715338434000000000,num,null,165,null
TriggerRate,1715338494000000000,num,null,146,null
TriggerRate,1715338554000000000,num,null,146,null
TriggerRate,1715338614000000000,num,null,134,null
TriggerRate,1715394775000000000,num,null,134,null
TriggerRate,1715395172000000000,num,null,0,null
TriggerRate,1715395232000000000,num,null,0,null
TriggerRate,1715395472000000000,num,null,0,null
TriggerRate,1715395532000000000,num,null,0,null
TriggerRate,1715395592000000000,num,null,0,null
TriggerRate,1715395652000000000,num,null,0,null
TriggerRate,1715395712000000000,num,null,0,null
TriggerRate,1715395772000000000,num,null,0,null
TriggerRate,1715395832000000000,num,null,0,null
TriggerRate,1715395892000000000,num,null,0,null
TriggerRate,1715396192000000000,num,null,0,null
TriggerRate,1715396252000000000,num,null,0,null
TriggerRate,1715396312000000000,num,null,0,null
TriggerRate,1715396372000000000,num,null,0,null
TriggerRate,1715396432000000000,num,null,0,null
TriggerRate,1715396492000000000,num,null,0,null
TriggerRate,1715396552000000000,num,null,0,null
TriggerRate,1715396612000000000,num,null,0,null
TriggerRate,1715396672000000000,num,null,0,null
TriggerRate,1715396732000000000,num,null,0,null
TriggerRate,1715396792000000000,num,null,0,null
TriggerRate,1715396852000000000,num,null,0,null
TriggerRate,1715396882000000000,num,null,0,null
TriggerRate,1715397092000000000,num,null,0,null
TriggerRate,1715397152000000000,num,null,0,null
TriggerRate,1715397212000000000,num,null,0,null
TriggerRate,1715397272000000000,num,null,0,null
TriggerRate,1715397332000000000,num,null,0,null
TriggerRate,1715397362000000000,num,null,0,null
TriggerRate,1715398052000000000,num,null,0,null
TriggerRate,1715398082000000000,num,null,0,null
TriggerRate,1715398292000000000,num,null,0,null
TriggerRate,1715398352000000000,num,null,0,null
TriggerRate,1715398412000000000,num,null,0,null
TriggerRate,1715398472000000000,num,null,0,null
TriggerRate,1715398532000000000,num,null,0,null
TriggerRate,1715398828000000000,num,null,0,null
TriggerRate,1715398888000000000,num,null,0,null
TriggerRate,1715398948000000000,num,null,0,null
TriggerRate,1715399008000000000,num,null,0,null
TriggerRate,1715399068000000000,num,null,0,null
TriggerRate,1715399128000000000,num,null,0,null
TriggerRate,1715399188000000000,num,null,0,null
TriggerRate,1715399556000000000,num,null,0,null
TriggerRate,1715399616000000000,num,null,0,null
TriggerRate,1715399736000000000,num,null,0,null
TriggerRate,1715399796000000000,num,null,0,null
TriggerRate,1715399856000000000,num,null,0,null
TriggerRate,1715399916000000000,num,null,0,null
TriggerRate,1715399976000000000,num,null,0,null
TriggerRate,1715400036000000000,num,null,108,null
TriggerRate,1715400096000000000,num,null,108,null
TriggerRate,1715400156000000000,num,null,102,null
TriggerRate,1715400216000000000,num,null,102,null
TriggerRate,1715400276000000000,num,null,102,null
TriggerRate,1715400336000000000,num,null,102,null
TriggerRate,1715400396000000000,num,null,102,null
TriggerRate,1715400456000000000,num,null,102,null
TriggerRate,1715400516000000000,num,null,102,null
TriggerRate,1715400576000000000,num,null,102,null
TriggerRate,1715400636000000000,num,null,102,null
TriggerRate,1715400696000000000,num,null,102,null
TriggerRate,1715400756000000000,num,null,102,null
TriggerRate,1715400816000000000,num,null,102,null
TriggerRate,1715400876000000000,num,null,102,null
TriggerRate,1715400936000000000,num,null,102,null
TriggerRate,1715400996000000000,num,null,102,null
TriggerRate,1715401056000000000,num,null,102,null
TriggerRate,1715401116000000000,num,null,102,null
TriggerRate,1715401176000000000,num,null,102,null
TriggerRate,1715401206000000000,num,null,102,null
TriggerRate,1715401296000000000,num,null,8,null
TriggerRate,1715401356000000000,num,null,8,null
TriggerRate,1715401416000000000,num,null,8,null
TriggerRate,1715401476000000000,num,null,8,null
TriggerRate,1715401536000000000,num,null,8,null
TriggerRate,1715401596000000000,num,null,8,null
TriggerRate,1715401656000000000,num,null,8,null
TriggerRate,1715401716000000000,num,null,8,null
TriggerRate,1715401776000000000,num,null,8,null
TriggerRate,1715402136000000000,num,null,8,null
TriggerRate,1715402196000000000,num,null,8,null
TriggerRate,1715402256000000000,num,null,8,null
TriggerRate,1715402316000000000,num,null,8,null
TriggerRate,1715402376000000000,num,null,8,null
TriggerRate,1715402406000000000,num,null,8,null
TriggerRate,1715402496000000000,num,null,8,null
TriggerRate,1715402526000000000,num,null,8,null
TriggerRate,1715402736000000000,num,null,8,null
TriggerRate,1715402796000000000,num,null,8,null
TriggerRate,1715402856000000000,num,null,8,null
TriggerRate,1715403096000000000,num,null,8,null
TriggerRate,1715403336000000000,num,null,8,null
TriggerRate,1715403396000000000,num,null,8,null
TriggerRate,1715403456000000000,num,null,8,null
TriggerRate,1715403576000000000,num,null,8,null
TriggerRate,1715403636000000000,num,null,8,null
TriggerRate,1715403666000000000,num,null,8,null
TriggerRate,1715403936000000000,num,null,8,null
TriggerRate,1715403996000000000,num,null,8,null
TriggerRate,1715404536000000000,num,null,6,null
TriggerRate,1715404596000000000,num,null,6,null
TriggerRate,1715404656000000000,num,null,6,null
TriggerRate,1715404716000000000,num,null,6,null
TriggerRate,1715404776000000000,num,null,6,null
TriggerRate,1715404806000000000,num,null,6,null
TriggerRate,1715405076000000000,num,null,6,null
TriggerRate,1715405136000000000,num,null,6,null
TriggerRate,1715405676000000000,num,null,6,null
TriggerRate,1715405736000000000,num,null,6,null
TriggerRate,1715405796000000000,num,null,65535,null
TriggerRate,1715405856000000000,num,null,65535,null
TriggerRate,1715405916000000000,num,null,102,null
TriggerRate,1715405976000000000,num,null,102,null
TriggerRate,1715406036000000000,num,null,102,null
TriggerRate,1715406096000000000,num,null,102,null
TriggerRate,1715406156000000000,num,null,103,null
TriggerRate,1715406216000000000,num,null,103,null
TriggerRate,1715406276000000000,num,null,103,null
TriggerRate,1715406336000000000,num,null,103,null
TriggerRate,1715406396000000000,num,null,102,null
TriggerRate,1715406456000000000,num,null,39,null
TriggerRate,1715406516000000000,num,null,39,null
TriggerRate,1715406546000000000,num,null,39,null
TriggerRate,1715406636000000000,num,null,39,null
TriggerRate,1715406666000000000,num,null,39,null
TriggerRate,1715406936000000000,num,null,39,null
TriggerRate,1715406996000000000,num,null,39,null
TriggerRate,1715407176000000000,num,null,39,null
TriggerRate,1715407847000000000,num,null,0,null
TriggerRate,1715407907000000000,num,null,0,null
TriggerRate,1715408147000000000,num,null,0,null
TriggerRate,1715408207000000000,num,null,0,null
TriggerRate,1715408267000000000,num,null,0,null
TriggerRate,1715408327000000000,num,null,0,null
TriggerRate,1715408387000000000,num,null,0,null
TriggerRate,1715408807000000000,num,null,0,null
TriggerRate,1715408867000000000,num,null,0,null
TriggerRate,1715408927000000000,num,null,0,null
TriggerRate,1715408987000000000,num,null,0,null
TriggerRate,1715409047000000000,num,null,190,null
TriggerRate,1715409077000000000,num,null,190,null
TriggerRate,1715409137000000000,num,null,88,null
TriggerRate,1715409462000000000,num,null,0,null
TriggerRate,1715409522000000000,num,null,0,null
TriggerRate,1715409762000000000,num,null,0,null
TriggerRate,1715409822000000000,num,null,0,null
TriggerRate,1715409882000000000,num,null,0,null
TriggerRate,1715409912000000000,num,null,0,null
TriggerRate,1715410002000000000,num,null,0,null
TriggerRate,1715410062000000000,num,null,0,null
TriggerRate,1715410482000000000,num,null,0,null
TriggerRate,1715410542000000000,num,null,0,null
TriggerRate,1715410602000000000,num,null,0,null
TriggerRate,1715410662000000000,num,null,65535,null
TriggerRate,1715410722000000000,num,null,65535,null
TriggerRate,1715410782000000000,num,null,905,null
TriggerRate,1715410842000000000,num,null,905,null
TriggerRate,1715410902000000000,num,null,3999,null
TriggerRate,1715410962000000000,num,null,3999,null
TriggerRate,1715411022000000000,num,null,3999,null
TriggerRate,1715411082000000000,num,null,3999,null
TriggerRate,1715411112000000000,num,null,3999,null
TriggerRate,1715494848000000000,num,null,0,null
TriggerRate,1715494908000000000,num,null,0,null
TriggerRate,1715495028000000000,num,null,0,null
TriggerRate,1715495088000000000,num,null,0,null
TriggerRate,1715495148000000000,num,null,0,null
TriggerRate,1715495208000000000,num,null,18,null
TriggerRate,1715495268000000000,num,null,18,null
TriggerRate,1715495328000000000,num,null,102,null
TriggerRate,1715495388000000000,num,null,102,null
TriggerRate,1715495448000000000,num,null,102,null
TriggerRate,1715495508000000000,num,null,102,null
TriggerRate,1715495568000000000,num,null,102,null
TriggerRate,1715495628000000000,num,null,102,null
TriggerRate,1715495688000000000,num,null,102,null
TriggerRate,1715495748000000000,num,null,102,null
TriggerRate,1715495808000000000,num,null,102,null
TriggerRate,1715495868000000000,num,null,102,null
TriggerRate,1715495928000000000,num,null,102,null
TriggerRate,1715495988000000000,num,null,102,null
TriggerRate,1715496048000000000,num,null,102,null
TriggerRate,1715496108000000000,num,null,102,null
TriggerRate,1715496168000000000,num,null,102,null
TriggerRate,1715496228000000000,num,null,102,null
TriggerRate,1715496288000000000,num,null,102,null
TriggerRate,1715496348000000000,num,null,102,null
TriggerRate,1715496408000000000,num,null,102,null
TriggerRate,1715496468000000000,num,null,20,null
TriggerRate,1715496528000000000,num,null,20,null
TriggerRate,1715496588000000000,num,null,20,null
TriggerRate,1715496648000000000,num,null,20,null
TriggerRate,1715496708000000000,num,null,20,null
TriggerRate,1715496768000000000,num,null,20,null
TriggerRate,1715496828000000000,num,null,20,null
TriggerRate,1715496888000000000,num,null,20,null
TriggerRate,1715496948000000000,num,null,20,null
TriggerRate,1715497008000000000,num,null,20,null
TriggerRate,1715497068000000000,num,null,20,null
TriggerRate,1715497308000000000,num,null,20,null
TriggerRate,1715497368000000000,num,null,20,null
TriggerRate,1715497428000000000,num,null,20,null
TriggerRate,1715497488000000000,num,null,20,null
TriggerRate,1715497548000000000,num,null,20,null
TriggerRate,1715497608000000000,num,null,20,null
TriggerRate,1715497668000000000,num,null,20,null
TriggerRate,1715497728000000000,num,null,65535,null
TriggerRate,1715497788000000000,num,null,65535,null
TriggerRate,1715497848000000000,num,null,129,null
TriggerRate,1715497908000000000,num,null,129,null
TriggerRate,1715497968000000000,num,null,124,null
TriggerRate,1715498028000000000,num,null,124,null
TriggerRate,1715498088000000000,num,null,126,null
TriggerRate,1715498148000000000,num,null,126,null
TriggerRate,1715498208000000000,num,null,121,null
TriggerRate,1715498268000000000,num,null,121,null
TriggerRate,1715498328000000000,num,null,117,null
TriggerRate,1715498389000000000,num,null,117,null
TriggerRate,1715498449000000000,num,null,305,null
TriggerRate,1715498508000000000,num,null,305,null
TriggerRate,1715498568000000000,num,null,1132,null
TriggerRate,1715498628000000000,num,null,1132,null
TriggerRate,1715498688000000000,num,null,119,null
TriggerRate,1715498748000000000,num,null,119,null
TriggerRate,1715498808000000000,num,null,112,null
TriggerRate,1715498868000000000,num,null,112,null
TriggerRate,1715498928000000000,num,null,121,null
TriggerRate,1715498989000000000,num,null,121,null
TriggerRate,1715499048000000000,num,null,116,null
TriggerRate,1715499108000000000,num,null,116,null
TriggerRate,1715499168000000000,num,null,118,null
TriggerRate,1715499228000000000,num,null,118,null
TriggerRate,1715499288000000000,num,null,113,null
TriggerRate,1715499348000000000,num,null,113,null
TriggerRate,1715499408000000000,num,null,121,null
TriggerRate,1715499469000000000,num,null,121,null
TriggerRate,1715499529000000000,num,null,116,null
TriggerRate,1715499589000000000,num,null,116,null
TriggerRate,1715499649000000000,num,null,121,null
TriggerRate,1715499709000000000,num,null,121,null
TriggerRate,1715499769000000000,num,null,113,null
TriggerRate,1715499829000000000,num,null,113,null
TriggerRate,1715499889000000000,num,null,116,null
TriggerRate,1715499949000000000,num,null,116,null
TriggerRate,1715500009000000000,num,null,115,null
TriggerRate,1715500069000000000,num,null,115,null
TriggerRate,1715500129000000000,num,null,116,null
TriggerRate,1715500189000000000,num,null,116,null
TriggerRate,1715500249000000000,num,null,113,null
TriggerRate,1715500309000000000,num,null,113,null
TriggerRate,1715500369000000000,num,null,116,null
TriggerRate,1715500429000000000,num,null,116,null
TriggerRate,1715500489000000000,num,null,119,null
TriggerRate,1715500549000000000,num,null,119,null
TriggerRate,1715500609000000000,num,null,122,null
TriggerRate,1715500669000000000,num,null,122,null
TriggerRate,1715500729000000000,num,null,120,null
TriggerRate,1715500789000000000,num,null,120,null
TriggerRate,1715500849000000000,num,null,115,null
TriggerRate,1715500909000000000,num,null,115,null
TriggerRate,1715500969000000000,num,null,112,null
TriggerRate,1715501029000000000,num,null,112,null
TriggerRate,1715501089000000000,num,null,119,null
TriggerRate,1715501149000000000,num,null,119,null
TriggerRate,1715501209000000000,num,null,115,null
TriggerRate,1715501269000000000,num,null,115,null
TriggerRate,1715501329000000000,num,null,114,null
TriggerRate,1715501389000000000,num,null,114,null
TriggerRate,1715501449000000000,num,null,116,null
TriggerRate,1715501509000000000,num,null,116,null
TriggerRate,1715501569000000000,num,null,108,null
TriggerRate,1715501629000000000,num,null,108,null
TriggerRate,1715501689000000000,num,null,114,null
TriggerRate,1715501749000000000,num,null,114,null
TriggerRate,1715501809000000000,num,null,464,null
TriggerRate,1715501869000000000,num,null,464,null
TriggerRate,1715501929000000000,num,null,119,null
TriggerRate,1715501989000000000,num,null,119,null
TriggerRate,1715502049000000000,num,null,111,null
TriggerRate,1715502109000000000,num,null,111,null
TriggerRate,1715502169000000000,num,null,119,null
TriggerRate,1715502229000000000,num,null,119,null
TriggerRate,1715502289000000000,num,null,123,null
TriggerRate,1715502349000000000,num,null,123,null
TriggerRate,1715502409000000000,num,null,116,null
TriggerRate,1715502469000000000,num,null,116,null
TriggerRate,1715502529000000000,num,null,114,null
TriggerRate,1715502589000000000,num,null,114,null
TriggerRate,1715502649000000000,num,null,112,null
TriggerRate,1715502709000000000,num,null,112,null
TriggerRate,1715502769000000000,num,null,113,null
TriggerRate,1715502829000000000,num,null,113,null
TriggerRate,1715502889000000000,num,null,110,null
TriggerRate,1715502949000000000,num,null,110,null
TriggerRate,1715503009000000000,num,null,664,null
TriggerRate,1715503069000000000,num,null,664,null
TriggerRate,1715503129000000000,num,null,111,null
TriggerRate,1715503189000000000,num,null,111,null
TriggerRate,1715503249000000000,num,null,112,null
TriggerRate,1715503309000000000,num,null,112,null
TriggerRate,1715503369000000000,num,null,111,null
TriggerRate,1715503429000000000,num,null,111,null
TriggerRate,1715503489000000000,num,null,115,null
TriggerRate,1715503549000000000,num,null,115,null
TriggerRate,1715503609000000000,num,null,116,null
TriggerRate,1715503669000000000,num,null,116,null
TriggerRate,1715503729000000000,num,null,116,null
TriggerRate,1715503789000000000,num,null,116,null
TriggerRate,1715503849000000000,num,null,117,null
TriggerRate,1715503909000000000,num,null,117,null
TriggerRate,1715503969000000000,num,null,110,null
TriggerRate,1715504029000000000,num,null,110,null
TriggerRate,1715504089000000000,num,null,114,null
TriggerRate,1715504149000000000,num,null,114,null
TriggerRate,1715504209000000000,num,null,109,null
TriggerRate,1715504269000000000,num,null,109,null
TriggerRate,1715504329000000000,num,null,113,null
TriggerRate,1715504389000000000,num,null,113,null
TriggerRate,1715504449000000000,num,null,111,null
TriggerRate,1715504509000000000,num,null,111,null
TriggerRate,1715504569000000000,num,null,113,null
TriggerRate,1715504629000000000,num,null,113,null
TriggerRate,1715504689000000000,num,null,107,null
TriggerRate,1715504749000000000,num,null,107,null
TriggerRate,1715504809000000000,num,null,113,null
TriggerRate,1715504869000000000,num,null,113,null
TriggerRate,1715504929000000000,num,null,113,null
TriggerRate,1715504989000000000,num,null,113,null
TriggerRate,1715505049000000000,num,null,114,null
TriggerRate,1715505109000000000,num,null,114,null
TriggerRate,1715505169000000000,num,null,111,null
TriggerRate,1715505229000000000,num,null,111,null
TriggerRate,1715505289000000000,num,null,113,null
TriggerRate,1715505349000000000,num,null,113,null
TriggerRate,1715505409000000000,num,null,113,null
TriggerRate,1715505469000000000,num,null,113,null
TriggerRate,1715505529000000000,num,null,112,null
TriggerRate,1715505589000000000,num,null,112,null
TriggerRate,1715505649000000000,num,null,114,null
TriggerRate,1715505709000000000,num,null,114,null
TriggerRate,1715505769000000000,num,null,113,null
TriggerRate,1715505829000000000,num,null,113,null
TriggerRate,1715505889000000000,num,null,107,null
TriggerRate,1715505949000000000,num,null,107,null
TriggerRate,1715506009000000000,num,null,114,null
TriggerRate,1715506069000000000,num,null,114,null
TriggerRate,1715506129000000000,num,null,112,null
TriggerRate,1715506189000000000,num,null,112,null
TriggerRate,1715506249000000000,num,null,109,null
TriggerRate,1715506309000000000,num,null,109,null
TriggerRate,1715506369000000000,num,null,113,null
TriggerRate,1715506429000000000,num,null,113,null
TriggerRate,1715506489000000000,num,null,110,null
TriggerRate,1715506549000000000,num,null,110,null
TriggerRate,1715506609000000000,num,null,109,null
TriggerRate,1715506669000000000,num,null,109,null
TriggerRate,1715506729000000000,num,null,112,null
TriggerRate,1715506789000000000,num,null,112,null
TriggerRate,1715506849000000000,num,null,110,null
TriggerRate,1715506909000000000,num,null,110,null
TriggerRate,1715506969000000000,num,null,115,null
TriggerRate,1715507029000000000,num,null,115,null
TriggerRate,1715507089000000000,num,null,112,null
TriggerRate,1715507149000000000,num,null,112,null
TriggerRate,1715507209000000000,num,null,110,null
TriggerRate,1715507269000000000,num,null,110,null
TriggerRate,1715507329000000000,num,null,115,null
TriggerRate,1715507389000000000,num,null,115,null
TriggerRate,1715507449000000000,num,null,112,null
TriggerRate,1715507509000000000,num,null,112,null
TriggerRate,1715507569000000000,num,null,112,null
TriggerRate,1715507629000000000,num,null,112,null
TriggerRate,1715507689000000000,num,null,113,null
TriggerRate,1715507749000000000,num,null,113,null
TriggerRate,1715507809000000000,num,null,117,null
TriggerRate,1715507869000000000,num,null,117,null
TriggerRate,1715507929000000000,num,null,109,null
TriggerRate,1715507989000000000,num,null,109,null
TriggerRate,1715508049000000000,num,null,111,null
TriggerRate,1715508109000000000,num,null,111,null
TriggerRate,1715508169000000000,num,null,108,null
TriggerRate,1715508229000000000,num,null,108,null
TriggerRate,1715508289000000000,num,null,112,null
TriggerRate,1715508349000000000,num,null,112,null
TriggerRate,1715508409000000000,num,null,111,null
TriggerRate,1715508469000000000,num,null,111,null
TriggerRate,1715508529000000000,num,null,112,null
TriggerRate,1715508589000000000,num,null,112,null
TriggerRate,1715508649000000000,num,null,115,null
TriggerRate,1715508709000000000,num,null,115,null
TriggerRate,1715508769000000000,num,null,112,null
TriggerRate,1715508829000000000,num,null,112,null
TriggerRate,1715508889000000000,num,null,117,null
TriggerRate,1715508949000000000,num,null,117,null
TriggerRate,1715509009000000000,num,null,112,null
TriggerRate,1715509069000000000,num,null,112,null
TriggerRate,1715509129000000000,num,null,114,null
TriggerRate,1715509189000000000,num,null,114,null
TriggerRate,1715509249000000000,num,null,114,null
TriggerRate,1715509309000000000,num,null,114,null
TriggerRate,1715509369000000000,num,null,112,null
TriggerRate,1715509429000000000,num,null,112,null
TriggerRate,1715509489000000000,num,null,111,null
TriggerRate,1715509549000000000,num,null,111,null
TriggerRate,1715509609000000000,num,null,116,null
TriggerRate,1715509669000000000,num,null,116,null
TriggerRate,1715509729000000000,num,null,115,null
TriggerRate,1715509789000000000,num,null,115,null
TriggerRate,1715509849000000000,num,null,113,null
TriggerRate,1715509909000000000,num,null,113,null
TriggerRate,1715509969000000000,num,null,114,null
TriggerRate,1715510029000000000,num,null,114,null
TriggerRate,1715510089000000000,num,null,112,null
TriggerRate,1715510149000000000,num,null,112,null
TriggerRate,1715510209000000000,num,null,116,null
TriggerRate,1715510269000000000,num,null,116,null
TriggerRate,1715510329000000000,num,null,115,null
TriggerRate,1715510389000000000,num,null,115,null
TriggerRate,1715510449000000000,num,null,122,null
TriggerRate,1715510509000000000,num,null,122,null
TriggerRate,1715510569000000000,num,null,112,null
TriggerRate,1715510629000000000,num,null,112,null
TriggerRate,1715510689000000000,num,null,116,null
TriggerRate,1715510749000000000,num,null,116,null
TriggerRate,1715510809000000000,num,null,118,null
TriggerRate,1715510869000000000,num,null,118,null
TriggerRate,1715510929000000000,num,null,119,null
TriggerRate,1715510989000000000,num,null,119,null
TriggerRate,1715511049000000000,num,null,119,null
TriggerRate,1715511109000000000,num,null,119,null
TriggerRate,1715511169000000000,num,null,122,null
TriggerRate,1715511199000000000,num,null,122,null
TriggerRate,1715585200000000000,num,null,0,null
TriggerRate,1715585260000000000,num,null,0,null
TriggerRate,1715585380000000000,num,null,0,null
TriggerRate,1715585440000000000,num,null,0,null
TriggerRate,1715585500000000000,num,null,0,null
TriggerRate,1715585560000000000,num,null,0,null
TriggerRate,1715585620000000000,num,null,0,null
TriggerRate,1715585680000000000,num,null,91,null
TriggerRate,1715585740000000000,num,null,91,null
TriggerRate,1715585800000000000,num,null,102,null
TriggerRate,1715585860000000000,num,null,102,null
TriggerRate,1715585920000000000,num,null,102,null
TriggerRate,1715585980000000000,num,null,102,null
TriggerRate,1715586040000000000,num,null,102,null
TriggerRate,1715586100000000000,num,null,102,null
TriggerRate,1715586160000000000,num,null,102,null
TriggerRate,1715586220000000000,num,null,102,null
TriggerRate,1715586280000000000,num,null,102,null
TriggerRate,1715586340000000000,num,null,102,null
TriggerRate,1715586400000000000,num,null,102,null
TriggerRate,1715586460000000000,num,null,102,null
TriggerRate,1715586520000000000,num,null,102,null
TriggerRate,1715586580000000000,num,null,102,null
TriggerRate,1715586640000000000,num,null,102,null
TriggerRate,1715586700000000000,num,null,102,null
TriggerRate,1715586760000000000,num,null,102,null
TriggerRate,1715586790000000000,num,null,102,null
TriggerRate,1715586880000000000,num,null,98,null
TriggerRate,1715586940000000000,num,null,98,null
TriggerRate,1715587120000000000,num,null,98,null
TriggerRate,1715587180000000000,num,null,98,null
TriggerRate,1715587240000000000,num,null,98,null
TriggerRate,1715587300000000000,num,null,98,null
TriggerRate,1715587360000000000,num,null,98,null
TriggerRate,1715587420000000000,num,null,98,null
TriggerRate,1715587540000000000,num,null,98,null
TriggerRate,1715587600000000000,num,null,98,null
TriggerRate,1715587660000000000,num,null,98,null
TriggerRate,1715587720000000000,num,null,65535,null
TriggerRate,1715587780000000000,num,null,65535,null
TriggerRate,1715587840000000000,num,null,119,null
TriggerRate,1715587900000000000,num,null,119,null
TriggerRate,1715587960000000000,num,null,118,null
TriggerRate,1715588020000000000,num,null,118,null
TriggerRate,1715588080000000000,num,null,123,null
TriggerRate,1715588140000000000,num,null,123,null
TriggerRate,1715588200000000000,num,null,123,null
TriggerRate,1715588260000000000,num,null,123,null
TriggerRate,1715588320000000000,num,null,116,null
TriggerRate,1715588380000000000,num,null,116,null
TriggerRate,1715588440000000000,num,null,114,null
TriggerRate,1715588500000000000,num,null,114,null
TriggerRate,1715588560000000000,num,null,116,null
TriggerRate,1715588620000000000,num,null,116,null
TriggerRate,1715588680000000000,num,null,117,null
TriggerRate,1715588740000000000,num,null,117,null
TriggerRate,1715588800000000000,num,null,123,null
TriggerRate,1715588860000000000,num,null,123,null
TriggerRate,1715588920000000000,num,null,113,null
TriggerRate,1715588980000000000,num,null,113,null
TriggerRate,1715589040000000000,num,null,119,null
TriggerRate,1715589100000000000,num,null,119,null
TriggerRate,1715589160000000000,num,null,115,null
TriggerRate,1715589220000000000,num,null,115,null
TriggerRate,1715589280000000000,num,null,113,null
TriggerRate,1715589340000000000,num,null,113,null
TriggerRate,1715589400000000000,num,null,117,null
TriggerRate,1715589460000000000,num,null,117,null
TriggerRate,1715589520000000000,num,null,119,null
TriggerRate,1715589580000000000,num,null,119,null
TriggerRate,1715589640000000000,num,null,115,null
TriggerRate,1715589700000000000,num,null,115,null
TriggerRate,1715589760000000000,num,null,113,null
TriggerRate,1715589820000000000,num,null,113,null
TriggerRate,1715589880000000000,num,null,114,null
TriggerRate,1715589940000000000,num,null,114,null
TriggerRate,1715590000000000000,num,null,116,null
TriggerRate,1715590060000000000,num,null,116,null
TriggerRate,1715590120000000000,num,null,115,null
TriggerRate,1715590180000000000,num,null,115,null
TriggerRate,1715590240000000000,num,null,113,null
TriggerRate,1715590300000000000,num,null,113,null
TriggerRate,1715590360000000000,num,null,114,null
TriggerRate,1715590420000000000,num,null,114,null
TriggerRate,1715590480000000000,num,null,118,null
TriggerRate,1715590540000000000,num,null,118,null
TriggerRate,1715590600000000000,num,null,112,null
TriggerRate,1715590660000000000,num,null,112,null
TriggerRate,1715590720000000000,num,null,119,null
TriggerRate,1715590780000000000,num,null,119,null
TriggerRate,1715590840000000000,num,null,118,null
TriggerRate,1715590900000000000,num,null,118,null
TriggerRate,1715590960000000000,num,null,111,null
TriggerRate,1715591020000000000,num,null,111,null
TriggerRate,1715591080000000000,num,null,116,null
TriggerRate,1715591140000000000,num,null,116,null
TriggerRate,1715591200000000000,num,null,108,null
TriggerRate,1715591260000000000,num,null,108,null
TriggerRate,1715591320000000000,num,null,111,null
TriggerRate,1715591380000000000,num,null,111,null
TriggerRate,1715591440000000000,num,null,111,null
TriggerRate,1715591500000000000,num,null,111,null
TriggerRate,1715591560000000000,num,null,110,null
TriggerRate,1715591620000000000,num,null,110,null
TriggerRate,1715591680000000000,num,null,113,null
TriggerRate,1715591740000000000,num,null,113,null
TriggerRate,1715591800000000000,num,null,113,null
TriggerRate,1715591860000000000,num,null,113,null
TriggerRate,1715591920000000000,num,null,111,null
TriggerRate,1715591980000000000,num,null,111,null
TriggerRate,1715592040000000000,num,null,108,null
TriggerRate,1715592100000000000,num,null,108,null
TriggerRate,1715592160000000000,num,null,114,null
TriggerRate,1715592220000000000,num,null,114,null
TriggerRate,1715592280000000000,num,null,116,null
TriggerRate,1715592340000000000,num,null,116,null
TriggerRate,1715592400000000000,num,null,109,null
TriggerRate,1715592460000000000,num,null,109,null
TriggerRate,1715592520000000000,num,null,114,null
TriggerRate,1715592580000000000,num,null,114,null
TriggerRate,1715592640000000000,num,null,112,null
TriggerRate,1715592700000000000,num,null,112,null
TriggerRate,1715592760000000000,num,null,109,null
TriggerRate,1715592820000000000,num,null,109,null
TriggerRate,1715592880000000000,num,null,113,null
TriggerRate,1715592940000000000,num,null,113,null
TriggerRate,1715593000000000000,num,null,109,null
TriggerRate,1715593060000000000,num,null,109,null
TriggerRate,1715593120000000000,num,null,115,null
TriggerRate,1715593180000000000,num,null,115,null
TriggerRate,1715593240000000000,num,null,113,null
TriggerRate,1715593300000000000,num,null,113,null
TriggerRate,1715593360000000000,num,null,115,null
TriggerRate,1715593420000000000,num,null,115,null
TriggerRate,1715593480000000000,num,null,119,null
TriggerRate,1715593540000000000,num,null,119,null
TriggerRate,1715593600000000000,num,null,115,null
TriggerRate,1715593660000000000,num,null,115,null
TriggerRate,1715593720000000000,num,null,111,null
TriggerRate,1715593780000000000,num,null,111,null
TriggerRate,1715593840000000000,num,null,112,null
TriggerRate,1715593900000000000,num,null,112,null
TriggerRate,1715593960000000000,num,null,115,null
TriggerRate,1715594020000000000,num,null,115,null
TriggerRate,1715594080000000000,num,null,113,null
TriggerRate,1715594140000000000,num,null,113,null
TriggerRate,1715594200000000000,num,null,115,null
TriggerRate,1715594260000000000,num,null,115,null
TriggerRate,1715594320000000000,num,null,116,null
TriggerRate,1715594380000000000,num,null,116,null
TriggerRate,1715594440000000000,num,null,115,null
TriggerRate,1715594500000000000,num,null,115,null
TriggerRate,1715594560000000000,num,null,116,null
TriggerRate,1715594620000000000,num,null,116,null
TriggerRate,1715594680000000000,num,null,112,null
TriggerRate,1715594740000000000,num,null,112,null
TriggerRate,1715594800000000000,num,null,112,null
TriggerRate,1715594860000000000,num,null,112,null
TriggerRate,1715594920000000000,num,null,114,null
TriggerRate,1715594980000000000,num,null,114,null
TriggerRate,1715595040000000000,num,null,116,null
TriggerRate,1715595100000000000,num,null,116,null
TriggerRate,1715595160000000000,num,null,115,null
TriggerRate,1715595220000000000,num,null,115,null
TriggerRate,1715595280000000000,num,null,113,null
TriggerRate,1715595340000000000,num,null,113,null
TriggerRate,1715595400000000000,num,null,117,null
TriggerRate,1715595460000000000,num,null,117,null
TriggerRate,1715595520000000000,num,null,114,null
TriggerRate,1715595580000000000,num,null,114,null
TriggerRate,1715595640000000000,num,null,111,null
TriggerRate,1715595700000000000,num,null,111,null
TriggerRate,1715595760000000000,num,null,111,null
TriggerRate,1715595820000000000,num,null,111,null
TriggerRate,1715595880000000000,num,null,110,null
TriggerRate,1715595940000000000,num,null,110,null
TriggerRate,1715596000000000000,num,null,111,null
TriggerRate,1715596060000000000,num,null,111,null
TriggerRate,1715596120000000000,num,null,114,null
TriggerRate,1715596180000000000,num,null,114,null
TriggerRate,1715596240000000000,num,null,112,null
TriggerRate,1715596300000000000,num,null,112,null
TriggerRate,1715596360000000000,num,null,117,null
TriggerRate,1715596420000000000,num,null,117,null
TriggerRate,1715596480000000000,num,null,113,null
TriggerRate,1715596540000000000,num,null,113,null
TriggerRate,1715596600000000000,num,null,114,null
TriggerRate,1715596660000000000,num,null,114,null
TriggerRate,1715596720000000000,num,null,111,null
TriggerRate,1715596780000000000,num,null,111,null
TriggerRate,1715596840000000000,num,null,115,null
TriggerRate,1715596900000000000,num,null,115,null
TriggerRate,1715596960000000000,num,null,111,null
TriggerRate,1715597020000000000,num,null,111,null
TriggerRate,1715597080000000000,num,null,110,null
TriggerRate,1715597140000000000,num,null,110,null
TriggerRate,1715597200000000000,num,null,113,null
TriggerRate,1715597260000000000,num,null,113,null
TriggerRate,1715597320000000000,num,null,113,null
TriggerRate,1715597380000000000,num,null,113,null
TriggerRate,1715597440000000000,num,null,113,null
TriggerRate,1715597500000000000,num,null,113,null
TriggerRate,1715597560000000000,num,null,114,null
TriggerRate,1715597620000000000,num,null,114,null
TriggerRate,1715597680000000000,num,null,7,null
TriggerRate,1715672208000000000,num,null,0,null
TriggerRate,1715672268000000000,num,null,0,null
TriggerRate,1715672388000000000,num,null,0,null
TriggerRate,1715672448000000000,num,null,0,null
TriggerRate,1715672508000000000,num,null,0,null
TriggerRate,1715672568000000000,num,null,18,null
TriggerRate,1715672628000000000,num,null,18,null
TriggerRate,1715672688000000000,num,null,102,null
TriggerRate,1715672748000000000,num,null,102,null
TriggerRate,1715672808000000000,num,null,102,null
TriggerRate,1715672868000000000,num,null,102,null
TriggerRate,1715672928000000000,num,null,102,null
TriggerRate,1715672988000000000,num,null,102,null
TriggerRate,1715673048000000000,num,null,102,null
TriggerRate,1715673108000000000,num,null,102,null
TriggerRate,1715673168000000000,num,null,102,null
TriggerRate,1715673228000000000,num,null,102,null
TriggerRate,1715673288000000000,num,null,102,null
TriggerRate,1715673348000000000,num,null,102,null
TriggerRate,1715673408000000000,num,null,102,null
TriggerRate,1715673468000000000,num,null,102,null
TriggerRate,1715673528000000000,num,null,102,null
TriggerRate,1715673588000000000,num,null,102,null
TriggerRate,1715673648000000000,num,null,102,null
TriggerRate,1715673708000000000,num,null,102,null
TriggerRate,1715673768000000000,num,null,96,null
TriggerRate,1715673828000000000,num,null,96,null
TriggerRate,1715673888000000000,num,null,96,null
TriggerRate,1715673948000000000,num,null,96,null
TriggerRate,1715674008000000000,num,null,96,null
TriggerRate,1715674068000000000,num,null,96,null
TriggerRate,1715674128000000000,num,null,96,null
TriggerRate,1715674188000000000,num,null,96,null
TriggerRate,1715674248000000000,num,null,96,null
TriggerRate,1715674308000000000,num,null,96,null
TriggerRate,1715674368000000000,num,null,96,null
TriggerRate,1715674428000000000,num,null,96,null
TriggerRate,1715674488000000000,num,null,96,null
TriggerRate,1715674548000000000,num,null,96,null
TriggerRate,1715674608000000000,num,null,96,null
TriggerRate,1715674668000000000,num,null,96,null
TriggerRate,1715674728000000000,num,null,96,null
TriggerRate,1715674788000000000,num,null,96,null
TriggerRate,1715675028000000000,num,null,96,null
TriggerRate,1715675088000000000,num,null,96,null
TriggerRate,1715675148000000000,num,null,96,null
TriggerRate,1715675268000000000,num,null,96,null
TriggerRate,1715675328000000000,num,null,96,null
TriggerRate,1715677127000000000,num,null,0,null
TriggerRate,1715677157000000000,num,null,0,null
TriggerRate,1715677367000000000,num,null,0,null
TriggerRate,1715677427000000000,num,null,0,null
TriggerRate,1715677487000000000,num,null,0,null
TriggerRate,1715677517000000000,num,null,0,null
TriggerRate,1715677607000000000,num,null,0,null
TriggerRate,1715677667000000000,num,null,0,null
TriggerRate,1715760288000000000,num,null,0,null
TriggerRate,1715760318000000000,num,null,0,null
TriggerRate,1715760408000000000,num,null,0,null
TriggerRate,1715760468000000000,num,null,0,null
TriggerRate,1715760528000000000,num,null,0,null
TriggerRate,1715760588000000000,num,null,0,null
TriggerRate,1715760648000000000,num,null,42,null
TriggerRate,1715760708000000000,num,null,42,null
TriggerRate,1715760768000000000,num,null,102,null
TriggerRate,1715760828000000000,num,null,102,null
TriggerRate,1715760888000000000,num,null,102,null
TriggerRate,1715760948000000000,num,null,102,null
TriggerRate,1715761008000000000,num,null,102,null
TriggerRate,1715761068000000000,num,null,102,null
TriggerRate,1715761128000000000,num,null,102,null
TriggerRate,1715761188000000000,num,null,102,null
TriggerRate,1715761248000000000,num,null,102,null
TriggerRate,1715761308000000000,num,null,102,null
TriggerRate,1715761368000000000,num,null,102,null
TriggerRate,1715761428000000000,num,null,102,null
TriggerRate,1715761488000000000,num,null,102,null
TriggerRate,1715761548000000000,num,null,102,null
TriggerRate,1715761608000000000,num,null,102,null
TriggerRate,1715761668000000000,num,null,102,null
TriggerRate,1715761728000000000,num,null,102,null
TriggerRate,1715761788000000000,num,null,102,null
TriggerRate,1715761848000000000,num,null,8,null
TriggerRate,1715761908000000000,num,null,8,null
TriggerRate,1715761968000000000,num,null,8,null
TriggerRate,1715762028000000000,num,null,8,null
TriggerRate,1715762088000000000,num,null,8,null
TriggerRate,1715762148000000000,num,null,8,null
TriggerRate,1715762208000000000,num,null,8,null
TriggerRate,1715762268000000000,num,null,8,null
TriggerRate,1715762328000000000,num,null,8,null
TriggerRate,1715762388000000000,num,null,8,null
TriggerRate,1715762448000000000,num,null,8,null
TriggerRate,1715762508000000000,num,null,8,null
TriggerRate,1715762568000000000,num,null,8,null
TriggerRate,1715762628000000000,num,null,8,null
TriggerRate,1715762688000000000,num,null,8,null
TriggerRate,1715762748000000000,num,null,8,null
TriggerRate,1715762808000000000,num,null,8,null
TriggerRate,1715762868000000000,num,null,8,null
TriggerRate,1715762928000000000,num,null,8,null
TriggerRate,1715762988000000000,num,null,8,null
TriggerRate,1715763048000000000,num,null,8,null
TriggerRate,1715763108000000000,num,null,8,null
TriggerRate,1715763138000000000,num,null,8,null
TriggerRate,1715763348000000000,num,null,8,null
TriggerRate,1715763408000000000,num,null,8,null
TriggerRate,1715763468000000000,num,null,8,null
TriggerRate,1715763498000000000,num,null,8,null
TriggerRate,1715763588000000000,num,null,8,null
TriggerRate,1715763648000000000,num,null,8,null
TriggerRate,1715764848000000000,num,null,8,null
TriggerRate,1715765208000000000,num,null,8,null
TriggerRate,1715765268000000000,num,null,8,null
TriggerRate,1715765298000000000,num,null,8,null
TriggerRate,1715765748000000000,num,null,8,null
TriggerRate,1715765808000000000,num,null,8,null
TriggerRate,1715765868000000000,num,null,8,null
TriggerRate,1715765898000000000,num,null,8,null
TriggerRate,1715766235000000000,num,null,0,null
TriggerRate,1715766295000000000,num,null,0,null
TriggerRate,1715766535000000000,num,null,0,null
TriggerRate,1715766595000000000,num,null,0,null
TriggerRate,1715766655000000000,num,null,0,null
TriggerRate,1715766715000000000,num,null,0,null
TriggerRate,1715766775000000000,num,null,0,null
TriggerRate,1715804197000000000,num,null,0,null
TriggerRate,1715804257000000000,num,null,0,null
TriggerRate,1715804317000000000,num,null,0,null
TriggerRate,1715804347000000000,num,null,0,null
TriggerRate,1715804557000000000,num,null,0,null
TriggerRate,1715804617000000000,num,null,0,null
TriggerRate,1715804677000000000,num,null,0,null
TriggerRate,1715804737000000000,num,null,0,null
TriggerRate,1715804797000000000,num,null,0,null
TriggerRate,1715804827000000000,num,null,0,null
TriggerRate,1715847398000000000,num,null,0,null
TriggerRate,1715847458000000000,num,null,0,null
TriggerRate,1715847578000000000,num,null,0,null
TriggerRate,1715847638000000000,num,null,0,null
TriggerRate,1715847698000000000,num,null,0,null
TriggerRate,1715847758000000000,num,null,19,null
TriggerRate,1715847818000000000,num,null,19,null
TriggerRate,1715847878000000000,num,null,103,null
TriggerRate,1715847938000000000,num,null,103,null
TriggerRate,1715847998000000000,num,null,103,null
TriggerRate,1715848058000000000,num,null,103,null
TriggerRate,1715848118000000000,num,null,103,null
TriggerRate,1715848178000000000,num,null,103,null
TriggerRate,1715848238000000000,num,null,103,null
TriggerRate,1715848298000000000,num,null,103,null
TriggerRate,1715848358000000000,num,null,103,null
TriggerRate,1715848418000000000,num,null,103,null
TriggerRate,1715848478000000000,num,null,103,null
TriggerRate,1715848538000000000,num,null,103,null
TriggerRate,1715848598000000000,num,null,103,null
TriggerRate,1715848658000000000,num,null,103,null
TriggerRate,1715848718000000000,num,null,103,null
TriggerRate,1715848778000000000,num,null,103,null
TriggerRate,1715848838000000000,num,null,103,null
TriggerRate,1715848898000000000,num,null,103,null
TriggerRate,1715848928000000000,num,null,103,null
TriggerRate,1715849018000000000,num,null,9,null
TriggerRate,1715849078000000000,num,null,9,null
TriggerRate,1715849138000000000,num,null,9,null
TriggerRate,1715849198000000000,num,null,9,null
TriggerRate,1715849258000000000,num,null,9,null
TriggerRate,1715849318000000000,num,null,9,null
TriggerRate,1715849378000000000,num,null,9,null
TriggerRate,1715849438000000000,num,null,9,null
TriggerRate,1715849498000000000,num,null,9,null
TriggerRate,1715849558000000000,num,null,9,null
TriggerRate,1715849618000000000,num,null,9,null
TriggerRate,1715849678000000000,num,null,9,null
TriggerRate,1715849738000000000,num,null,9,null
TriggerRate,1715849798000000000,num,null,9,null
TriggerRate,1715849858000000000,num,null,9,null
TriggerRate,1715849918000000000,num,null,9,null
TriggerRate,1715849978000000000,num,null,9,null
TriggerRate,1715850038000000000,num,null,9,null
TriggerRate,1715850098000000000,num,null,9,null
TriggerRate,1715850158000000000,num,null,9,null
TriggerRate,1715850218000000000,num,null,9,null
TriggerRate,1715850278000000000,num,null,9,null
TriggerRate,1715850338000000000,num,null,9,null
TriggerRate,1715850398000000000,num,null,9,null
TriggerRate,1715850458000000000,num,null,9,null
TriggerRate,1715850518000000000,num,null,9,null
TriggerRate,1715850578000000000,num,null,9,null
TriggerRate,1715850638000000000,num,null,9,null
TriggerRate,1715850878000000000,num,null,9,null
TriggerRate,1715850938000000000,num,null,9,null
TriggerRate,1715850998000000000,num,null,9,null
TriggerRate,1715851118000000000,num,null,9,null
TriggerRate,1715851178000000000,num,null,9,null
TriggerRate,1715851598000000000,num,null,9,null
TriggerRate,1715851658000000000,num,null,9,null
TriggerRate,1715851718000000000,num,null,65535,null
TriggerRate,1715851778000000000,num,null,65535,null
TriggerRate,1715851838000000000,num,null,42,null
TriggerRate,1715851898000000000,num,null,42,null
TriggerRate,1715851958000000000,num,null,40,null
TriggerRate,1715852018000000000,num,null,40,null
TriggerRate,1715852078000000000,num,null,33,null
TriggerRate,1715852138000000000,num,null,33,null
TriggerRate,1715852198000000000,num,null,28,null
TriggerRate,1715852258000000000,num,null,28,null
TriggerRate,1715852318000000000,num,null,23,null
TriggerRate,1715852378000000000,num,null,23,null
TriggerRate,1715852438000000000,num,null,22,null
TriggerRate,1715852498000000000,num,null,22,null
TriggerRate,1715852558000000000,num,null,19,null
TriggerRate,1715852618000000000,num,null,19,null
TriggerRate,1715852678000000000,num,null,17,null
TriggerRate,1715852738000000000,num,null,17,null
TriggerRate,1715852798000000000,num,null,19,null
TriggerRate,1715852858000000000,num,null,19,null
TriggerRate,1715852918000000000,num,null,16,null
TriggerRate,1715852978000000000,num,null,16,null
TriggerRate,1715853038000000000,num,null,15,null
TriggerRate,1715853098000000000,num,null,15,null
TriggerRate,1715853158000000000,num,null,14,null
TriggerRate,1715853218000000000,num,null,14,null
TriggerRate,1715853278000000000,num,null,16,null
TriggerRate,1715853338000000000,num,null,16,null
TriggerRate,1715853398000000000,num,null,15,null
TriggerRate,1715853458000000000,num,null,15,null
TriggerRate,1715853518000000000,num,null,15,null
TriggerRate,1715853578000000000,num,null,15,null
TriggerRate,1715853638000000000,num,null,15,null
TriggerRate,1715853698000000000,num,null,15,null
TriggerRate,1715853758000000000,num,null,14,null
TriggerRate,1715853818000000000,num,null,14,null
TriggerRate,1715853878000000000,num,null,13,null
TriggerRate,1715853938000000000,num,null,13,null
TriggerRate,1715853998000000000,num,null,14,null
TriggerRate,1715854058000000000,num,null,14,null
TriggerRate,1715854118000000000,num,null,15,null
TriggerRate,1715854178000000000,num,null,15,null
TriggerRate,1715854238000000000,num,null,13,null
TriggerRate,1715854298000000000,num,null,13,null
TriggerRate,1715854358000000000,num,null,14,null
TriggerRate,1715854418000000000,num,null,14,null
TriggerRate,1715854478000000000,num,null,14,null
TriggerRate,1715854538000000000,num,null,14,null
TriggerRate,1715854598000000000,num,null,14,null
TriggerRate,1715854658000000000,num,null,14,null
TriggerRate,1715854718000000000,num,null,15,null
TriggerRate,1715854778000000000,num,null,15,null
TriggerRate,1715854838000000000,num,null,12,null
TriggerRate,1715854898000000000,num,null,12,null
TriggerRate,1715854958000000000,num,null,14,null
TriggerRate,1715855018000000000,num,null,14,null
TriggerRate,1715855078000000000,num,null,13,null
TriggerRate,1715855138000000000,num,null,13,null
TriggerRate,1715855198000000000,num,null,15,null
TriggerRate,1715855258000000000,num,null,15,null
TriggerRate,1715855318000000000,num,null,14,null
TriggerRate,1715855378000000000,num,null,14,null
TriggerRate,1715855438000000000,num,null,14,null
TriggerRate,1715855498000000000,num,null,14,null
TriggerRate,1715855558000000000,num,null,15,null
TriggerRate,1715855618000000000,num,null,15,null
TriggerRate,1715855678000000000,num,null,16,null
TriggerRate,1715855738000000000,num,null,16,null
TriggerRate,1715855798000000000,num,null,13,null
TriggerRate,1715855858000000000,num,null,13,null
TriggerRate,1715855918000000000,num,null,15,null
TriggerRate,1715855978000000000,num,null,15,null
TriggerRate,1715856038000000000,num,null,15,null
TriggerRate,1715856098000000000,num,null,15,null
TriggerRate,1715856158000000000,num,null,16,null
TriggerRate,1715856218000000000,num,null,16,null
TriggerRate,1715856278000000000,num,null,19,null
TriggerRate,1715856338000000000,num,null,19,null
TriggerRate,1715856398000000000,num,null,21,null
TriggerRate,1715856458000000000,num,null,21,null
TriggerRate,1715856518000000000,num,null,21,null
TriggerRate,1715856578000000000,num,null,21,null
TriggerRate,1715856638000000000,num,null,15,null
TriggerRate,1716023868000000000,num,null,0,null
TriggerRate,1716023928000000000,num,null,0,null
TriggerRate,1716024048000000000,num,null,0,null
TriggerRate,1716024108000000000,num,null,0,null
TriggerRate,1716024168000000000,num,null,0,null
TriggerRate,1716024228000000000,num,null,18,null
TriggerRate,1716024288000000000,num,null,18,null
TriggerRate,1716024348000000000,num,null,102,null
TriggerRate,1716024408000000000,num,null,102,null
TriggerRate,1716024468000000000,num,null,102,null
TriggerRate,1716024528000000000,num,null,102,null
TriggerRate,1716024588000000000,num,null,102,null
TriggerRate,1716024648000000000,num,null,102,null
TriggerRate,1716024708000000000,num,null,102,null
TriggerRate,1716024768000000000,num,null,102,null
TriggerRate,1716024828000000000,num,null,102,null
TriggerRate,1716024888000000000,num,null,102,null
TriggerRate,1716024948000000000,num,null,102,null
TriggerRate,1716025008000000000,num,null,102,null
TriggerRate,1716025068000000000,num,null,102,null
TriggerRate,1716025128000000000,num,null,102,null
TriggerRate,1716025188000000000,num,null,102,null
TriggerRate,1716025248000000000,num,null,102,null
TriggerRate,1716025308000000000,num,null,102,null
TriggerRate,1716025368000000000,num,null,102,null
TriggerRate,1716025428000000000,num,null,102,null
TriggerRate,1716025488000000000,num,null,52,null
TriggerRate,1716025548000000000,num,null,52,null
TriggerRate,1716025608000000000,num,null,52,null
TriggerRate,1716025668000000000,num,null,52,null
TriggerRate,1716025728000000000,num,null,52,null
TriggerRate,1716025788000000000,num,null,52,null
TriggerRate,1716025848000000000,num,null,52,null
TriggerRate,1716025908000000000,num,null,52,null
TriggerRate,1716026148000000000,num,null,52,null
TriggerRate,1716026208000000000,num,null,52,null
TriggerRate,1716026268000000000,num,null,52,null
TriggerRate,1716026328000000000,num,null,52,null
TriggerRate,1716026388000000000,num,null,52,null
TriggerRate,1716026448000000000,num,null,52,null
TriggerRate,1716026508000000000,num,null,52,null
TriggerRate,1716026568000000000,num,null,52,null
TriggerRate,1716026628000000000,num,null,65535,null
TriggerRate,1716026688000000000,num,null,65535,null
TriggerRate,1716026748000000000,num,null,104,null
TriggerRate,1716026808000000000,num,null,104,null
TriggerRate,1716026868000000000,num,null,107,null
TriggerRate,1716026928000000000,num,null,107,null
TriggerRate,1716026988000000000,num,null,106,null
TriggerRate,1716027048000000000,num,null,106,null
TriggerRate,1716027108000000000,num,null,108,null
TriggerRate,1716027168000000000,num,null,108,null
TriggerRate,1716027228000000000,num,null,108,null
TriggerRate,1716027288000000000,num,null,108,null
TriggerRate,1716027348000000000,num,null,107,null
TriggerRate,1716027408000000000,num,null,107,null
TriggerRate,1716027468000000000,num,null,103,null
TriggerRate,1716027528000000000,num,null,103,null
TriggerRate,1716027588000000000,num,null,105,null
TriggerRate,1716027648000000000,num,null,105,null
TriggerRate,1716027708000000000,num,null,109,null
TriggerRate,1716027768000000000,num,null,109,null
TriggerRate,1716027828000000000,num,null,111,null
TriggerRate,1716027888000000000,num,null,111,null
TriggerRate,1716027948000000000,num,null,103,null
TriggerRate,1716028008000000000,num,null,103,null
TriggerRate,1716028068000000000,num,null,106,null
TriggerRate,1716028128000000000,num,null,106,null
TriggerRate,1716028188000000000,num,null,107,null
TriggerRate,1716028248000000000,num,null,107,null
TriggerRate,1716028308000000000,num,null,108,null
TriggerRate,1716028368000000000,num,null,108,null
TriggerRate,1716028428000000000,num,null,107,null
TriggerRate,1716028488000000000,num,null,107,null
TriggerRate,1716028548000000000,num,null,109,null
TriggerRate,1716028608000000000,num,null,109,null
TriggerRate,1716028668000000000,num,null,107,null
TriggerRate,1716028728000000000,num,null,107,null
TriggerRate,1716028788000000000,num,null,107,null
TriggerRate,1716028848000000000,num,null,107,null
TriggerRate,1716028908000000000,num,null,109,null
TriggerRate,1716028968000000000,num,null,109,null
TriggerRate,1716029028000000000,num,null,115,null
TriggerRate,1716029088000000000,num,null,115,null
TriggerRate,1716029148000000000,num,null,111,null
TriggerRate,1716029208000000000,num,null,111,null
TriggerRate,1716029268000000000,num,null,112,null
TriggerRate,1716029328000000000,num,null,112,null
TriggerRate,1716029358000000000,num,null,112,null
TriggerRate,1716085106000000000,num,null,0,null
TriggerRate,1716085166000000000,num,null,0,null
TriggerRate,1716085286000000000,num,null,0,null
TriggerRate,1716085346000000000,num,null,0,null
TriggerRate,1716085436000000000,num,null,0,null
TriggerRate,1716085466000000000,num,null,0,null
TriggerRate,1716085526000000000,num,null,0,null
TriggerRate,1716085586000000000,num,null,101,null
TriggerRate,1716085646000000000,num,null,101,null
TriggerRate,1716085706000000000,num,null,102,null
TriggerRate,1716085796000000000,num,null,102,null
TriggerRate,1716085856000000000,num,null,102,null
TriggerRate,1716085886000000000,num,null,102,null
TriggerRate,1716085946000000000,num,null,102,null
TriggerRate,1716086006000000000,num,null,102,null
TriggerRate,1716086096000000000,num,null,102,null
TriggerRate,1716086156000000000,num,null,102,null
TriggerRate,1716086186000000000,num,null,102,null
TriggerRate,1716086246000000000,num,null,102,null
TriggerRate,1716086306000000000,num,null,102,null
TriggerRate,1716086366000000000,num,null,102,null
TriggerRate,1716086426000000000,num,null,102,null
TriggerRate,1716086516000000000,num,null,102,null
TriggerRate,1716086576000000000,num,null,102,null
TriggerRate,1716086606000000000,num,null,102,null
TriggerRate,1716086666000000000,num,null,102,null
TriggerRate,1716086726000000000,num,null,102,null
TriggerRate,1716086756000000000,num,null,102,null
TriggerRate,1716086876000000000,num,null,7,null
TriggerRate,1716086906000000000,num,null,7,null
TriggerRate,1716086966000000000,num,null,7,null
TriggerRate,1716087026000000000,num,null,7,null
TriggerRate,1716087086000000000,num,null,7,null
TriggerRate,1716087146000000000,num,null,7,null
TriggerRate,1716087236000000000,num,null,7,null
TriggerRate,1716087296000000000,num,null,7,null
TriggerRate,1716087356000000000,num,null,7,null
TriggerRate,1716087386000000000,num,null,7,null
TriggerRate,1716087446000000000,num,null,7,null
TriggerRate,1716087506000000000,num,null,7,null
TriggerRate,1716087596000000000,num,null,7,null
TriggerRate,1716087656000000000,num,null,7,null
TriggerRate,1716234880000000000,num,null,0,null
TriggerRate,1716234910000000000,num,null,0,null
TriggerRate,1716238004000000000,num,null,0,null
TriggerRate,1716238064000000000,num,null,0,null
TriggerRate,1716238124000000000,num,null,0,null
TriggerRate,1716238184000000000,num,null,0,null
TriggerRate,1716238244000000000,num,null,0,null
TriggerRate,1716238304000000000,num,null,0,null
TriggerRate,1716238364000000000,num,null,0,null
TriggerRate,1716238424000000000,num,null,3958,null
TriggerRate,1716238484000000000,num,null,3958,null
TriggerRate,1716238544000000000,num,null,3999,null
TriggerRate,1716238604000000000,num,null,3999,null
TriggerRate,1716238664000000000,num,null,3999,null
TriggerRate,1716238724000000000,num,null,3999,null
TriggerRate,1716238784000000000,num,null,0,null
TriggerRate,1716238844000000000,num,null,0,null
TriggerRate,1716238904000000000,num,null,3999,null
TriggerRate,1716238964000000000,num,null,3999,null
TriggerRate,1716239024000000000,num,null,3999,null
TriggerRate,1716239084000000000,num,null,3999,null
TriggerRate,1716239144000000000,num,null,3999,null
TriggerRate,1716239204000000000,num,null,3999,null
TriggerRate,1716239264000000000,num,null,3999,null
TriggerRate,1716239324000000000,num,null,3999,null
TriggerRate,1716239384000000000,num,null,3999,null
TriggerRate,1716239444000000000,num,null,3999,null
TriggerRate,1716239504000000000,num,null,3999,null
TriggerRate,1716239564000000000,num,null,3999,null
TriggerRate,1716239624000000000,num,null,3999,null
TriggerRate,1716239684000000000,num,null,3999,null
TriggerRate,1716239744000000000,num,null,3999,null
TriggerRate,1716239804000000000,num,null,3999,null
TriggerRate,1716239864000000000,num,null,3999,null
TriggerRate,1716239924000000000,num,null,3999,null
TriggerRate,1716239984000000000,num,null,3999,null
TriggerRate,1716240044000000000,num,null,3999,null
TriggerRate,1716240104000000000,num,null,3999,null
TriggerRate,1716240164000000000,num,null,3999,null
TriggerRate,1716240224000000000,num,null,3999,null
TriggerRate,1716240284000000000,num,null,3999,null
TriggerRate,1716240344000000000,num,null,3999,null
TriggerRate,1716240404000000000,num,null,3999,null
TriggerRate,1716240464000000000,num,null,3999,null
TriggerRate,1716240524000000000,num,null,3999,null
TriggerRate,1716240584000000000,num,null,3999,null
TriggerRate,1716240644000000000,num,null,3999,null
TriggerRate,1716240704000000000,num,null,3999,null
TriggerRate,1716240764000000000,num,null,3999,null
TriggerRate,1716240824000000000,num,null,3999,null
TriggerRate,1716240884000000000,num,null,3999,null
TriggerRate,1716240944000000000,num,null,3999,null
TriggerRate,1716241004000000000,num,null,3999,null
TriggerRate,1716241064000000000,num,null,3999,null
TriggerRate,1716241124000000000,num,null,3999,null
TriggerRate,1716241184000000000,num,null,3999,null
TriggerRate,1716241244000000000,num,null,3999,null
TriggerRate,1716241304000000000,num,null,3999,null
TriggerRate,1716241364000000000,num,null,3999,null
TriggerRate,1716241424000000000,num,null,3999,null
TriggerRate,1716241484000000000,num,null,3999,null
TriggerRate,1716241544000000000,num,null,3999,null
TriggerRate,1716241604000000000,num,null,3999,null
TriggerRate,1716241664000000000,num,null,3999,null
TriggerRate,1716241724000000000,num,null,3999,null
TriggerRate,1716241784000000000,num,null,3999,null
TriggerRate,1716241844000000000,num,null,3999,null
TriggerRate,1716241904000000000,num,null,3999,null
TriggerRate,1716241964000000000,num,null,3999,null
TriggerRate,1716242024000000000,num,null,3999,null
TriggerRate,1716242084000000000,num,null,3999,null
TriggerRate,1716242144000000000,num,null,3999,null
TriggerRate,1716242204000000000,num,null,3999,null
TriggerRate,1716242264000000000,num,null,3999,null
TriggerRate,1716242324000000000,num,null,3999,null
TriggerRate,1716242384000000000,num,null,3999,null
TriggerRate,1716242444000000000,num,null,3999,null
TriggerRate,1716242504000000000,num,null,3999,null
TriggerRate,1716242564000000000,num,null,3999,null
TriggerRate,1716242624000000000,num,null,3999,null
TriggerRate,1716242684000000000,num,null,3999,null
TriggerRate,1716242744000000000,num,null,3999,null
TriggerRate,1716242804000000000,num,null,3999,null
TriggerRate,1716242864000000000,num,null,3999,null
TriggerRate,1716242924000000000,num,null,3999,null
TriggerRate,1716242984000000000,num,null,3999,null
TriggerRate,1716243044000000000,num,null,3999,null
TriggerRate,1716243104000000000,num,null,3999,null
TriggerRate,1716243164000000000,num,null,3999,null
TriggerRate,1716243224000000000,num,null,3999,null
TriggerRate,1716243284000000000,num,null,3999,null
TriggerRate,1716243344000000000,num,null,3999,null
TriggerRate,1716243404000000000,num,null,3999,null
TriggerRate,1716243464000000000,num,null,3999,null
TriggerRate,1716243524000000000,num,null,3999,null
TriggerRate,1716243584000000000,num,null,3999,null
TriggerRate,1716243644000000000,num,null,3999,null
TriggerRate,1716243704000000000,num,null,3999,null
TriggerRate,1716243764000000000,num,null,3999,null
TriggerRate,1716243824000000000,num,null,3999,null
TriggerRate,1716243884000000000,num,null,3999,null
TriggerRate,1716243944000000000,num,null,3999,null
TriggerRate,1716244004000000000,num,null,3999,null
TriggerRate,1716244064000000000,num,null,3999,null
TriggerRate,1716244124000000000,num,null,3999,null
TriggerRate,1716244184000000000,num,null,3999,null
TriggerRate,1716244244000000000,num,null,3999,null
TriggerRate,1716244304000000000,num,null,3999,null
TriggerRate,1716244364000000000,num,null,3999,null
TriggerRate,1716244424000000000,num,null,3999,null
TriggerRate,1716244484000000000,num,null,3999,null
TriggerRate,1716244544000000000,num,null,3999,null
TriggerRate,1716244604000000000,num,null,3999,null
TriggerRate,1716244664000000000,num,null,737,null
TriggerRate,1716244724000000000,num,null,737,null
TriggerRate,1716244784000000000,num,null,0,null
TriggerRate,1716244844000000000,num,null,0,null
TriggerRate,1716244904000000000,num,null,0,null
TriggerRate,1716244964000000000,num,null,0,null
TriggerRate,1716245024000000000,num,null,0,null
TriggerRate,1716245084000000000,num,null,0,null
TriggerRate,1716245144000000000,num,null,0,null
TriggerRate,1716245204000000000,num,null,0,null
TriggerRate,1716245264000000000,num,null,0,null
TriggerRate,1716245324000000000,num,null,0,null
TriggerRate,1716245384000000000,num,null,0,null
TriggerRate,1716245444000000000,num,null,0,null
TriggerRate,1716245504000000000,num,null,0,null
TriggerRate,1716245564000000000,num,null,0,null
TriggerRate,1716245624000000000,num,null,0,null
TriggerRate,1716245684000000000,num,null,0,null
TriggerRate,1716245744000000000,num,null,0,null
TriggerRate,1716245804000000000,num,null,0,null
TriggerRate,1716245864000000000,num,null,0,null
TriggerRate,1716245924000000000,num,null,0,null
TriggerRate,1716245984000000000,num,null,0,null
TriggerRate,1716246044000000000,num,null,0,null
TriggerRate,1716246104000000000,num,null,0,null
TriggerRate,1716246164000000000,num,null,0,null
TriggerRate,1716246224000000000,num,null,0,null
TriggerRate,1716246284000000000,num,null,0,null
TriggerRate,1716246344000000000,num,null,0,null
TriggerRate,1716246404000000000,num,null,0,null
TriggerRate,1716246434000000000,num,null,0,null
TriggerRate,1716246524000000000,num,null,0,null
TriggerRate,1716246584000000000,num,null,0,null
TriggerRate,1716246644000000000,num,null,0,null
TriggerRate,1716246704000000000,num,null,0,null
TriggerRate,1716246764000000000,num,null,0,null
TriggerRate,1716246824000000000,num,null,0,null
TriggerRate,1716246854000000000,num,null,0,null
TriggerRate,1716246944000000000,num,null,0,null
TriggerRate,1716247004000000000,num,null,0,null
TriggerRate,1716247034000000000,num,null,0,null
TriggerRate,1716247656000000000,num,null,0,null
TriggerRate,1716247716000000000,num,null,0,null
TriggerRate,1716247776000000000,num,null,0,null
TriggerRate,1716247836000000000,num,null,0,null
TriggerRate,1716247896000000000,num,null,0,null
TriggerRate,1716247956000000000,num,null,0,null
TriggerRate,1716248016000000000,num,null,0,null
TriggerRate,1716248076000000000,num,null,0,null
TriggerRate,1716248136000000000,num,null,0,null
TriggerRate,1716248196000000000,num,null,0,null
TriggerRate,1716248256000000000,num,null,0,null
TriggerRate,1716248316000000000,num,null,0,null
TriggerRate,1716248376000000000,num,null,0,null
TriggerRate,1716248436000000000,num,null,0,null
TriggerRate,1716248496000000000,num,null,0,null
TriggerRate,1716248556000000000,num,null,3999,null
TriggerRate,1716248616000000000,num,null,3999,null
TriggerRate,1716248676000000000,num,null,0,null
TriggerRate,1716248736000000000,num,null,0,null
TriggerRate,1716248796000000000,num,null,3044,null
TriggerRate,1716248856000000000,num,null,3044,null
TriggerRate,1716248916000000000,num,null,3999,null
TriggerRate,1716248976000000000,num,null,3999,null
TriggerRate,1716249036000000000,num,null,3999,null
TriggerRate,1716249096000000000,num,null,3999,null
TriggerRate,1716249156000000000,num,null,3999,null
TriggerRate,1716249216000000000,num,null,3999,null
TriggerRate,1716249276000000000,num,null,3999,null
TriggerRate,1716249336000000000,num,null,3999,null
TriggerRate,1716249396000000000,num,null,3999,null
TriggerRate,1716249456000000000,num,null,3999,null
TriggerRate,1716249516000000000,num,null,3999,null
TriggerRate,1716249576000000000,num,null,3999,null
TriggerRate,1716249636000000000,num,null,3999,null
TriggerRate,1716249696000000000,num,null,3999,null
TriggerRate,1716249756000000000,num,null,3999,null
TriggerRate,1716249816000000000,num,null,3999,null
TriggerRate,1716249876000000000,num,null,3999,null
TriggerRate,1716249936000000000,num,null,3999,null
TriggerRate,1716249996000000000,num,null,3999,null
TriggerRate,1716250056000000000,num,null,3999,null
TriggerRate,1716250116000000000,num,null,3999,null
TriggerRate,1716250176000000000,num,null,3999,null
TriggerRate,1716250236000000000,num,null,3999,null
TriggerRate,1716250296000000000,num,null,3999,null
TriggerRate,1716250356000000000,num,null,3999,null
TriggerRate,1716250416000000000,num,null,3999,null
TriggerRate,1716250476000000000,num,null,3999,null
TriggerRate,1716250536000000000,num,null,3999,null
TriggerRate,1716250596000000000,num,null,3999,null
TriggerRate,1716250656000000000,num,null,3999,null
TriggerRate,1716250716000000000,num,null,3999,null
TriggerRate,1716250776000000000,num,null,3999,null
TriggerRate,1716250836000000000,num,null,3999,null
TriggerRate,1716250896000000000,num,null,3999,null
TriggerRate,1716250956000000000,num,null,3999,null
TriggerRate,1716251016000000000,num,null,3999,null
TriggerRate,1716251076000000000,num,null,3999,null
TriggerRate,1716251136000000000,num,null,3999,null
TriggerRate,1716251196000000000,num,null,3999,null
TriggerRate,1716251256000000000,num,null,3999,null
TriggerRate,1716251316000000000,num,null,3999,null
TriggerRate,1716251376000000000,num,null,3999,null
TriggerRate,1716251436000000000,num,null,3999,null
TriggerRate,1716251496000000000,num,null,3999,null
TriggerRate,1716251556000000000,num,null,3999,null
TriggerRate,1716251616000000000,num,null,3999,null
TriggerRate,1716251676000000000,num,null,3999,null
TriggerRate,1716251736000000000,num,null,3999,null
TriggerRate,1716251796000000000,num,null,3999,null
TriggerRate,1716251856000000000,num,null,3999,null
TriggerRate,1716251916000000000,num,null,3999,null
TriggerRate,1716251976000000000,num,null,3999,null
TriggerRate,1716252036000000000,num,null,3999,null
TriggerRate,1716252096000000000,num,null,3999,null
TriggerRate,1716252156000000000,num,null,3999,null
TriggerRate,1716252216000000000,num,null,3999,null
TriggerRate,1716252276000000000,num,null,3999,null
TriggerRate,1716252336000000000,num,null,3999,null
TriggerRate,1716252396000000000,num,null,3999,null
TriggerRate,1716252456000000000,num,null,3999,null
TriggerRate,1716252516000000000,num,null,3999,null
TriggerRate,1716252576000000000,num,null,3999,null
TriggerRate,1716252636000000000,num,null,3999,null
TriggerRate,1716252696000000000,num,null,3999,null
TriggerRate,1716252756000000000,num,null,2252,null
TriggerRate,1716252786000000000,num,null,2252,null
TriggerRate,1716354890000000000,num,null,0,null
TriggerRate,1716354950000000000,num,null,0,null
TriggerRate,1716354980000000000,num,null,0,null
TriggerRate,1716355250000000000,num,null,0,null
TriggerRate,1716355280000000000,num,null,0,null
TriggerRate,1716355610000000000,num,null,0,null
TriggerRate,1716355670000000000,num,null,0,null
TriggerRate,1716357050000000000,num,null,35,null
TriggerRate,1716357110000000000,num,null,35,null
TriggerRate,1716357170000000000,num,null,65535,null
TriggerRate,1716357230000000000,num,null,65535,null
TriggerRate,1716357290000000000,num,null,282,null
TriggerRate,1716357350000000000,num,null,282,null
TriggerRate,1716357410000000000,num,null,282,null
TriggerRate,1716357470000000000,num,null,282,null
TriggerRate,1716357530000000000,num,null,283,null
TriggerRate,1716357590000000000,num,null,283,null
TriggerRate,1716357650000000000,num,null,281,null
TriggerRate,1716357710000000000,num,null,281,null
TriggerRate,1716357770000000000,num,null,283,null
TriggerRate,1716357830000000000,num,null,283,null
TriggerRate,1716357890000000000,num,null,285,null
TriggerRate,1716357950000000000,num,null,285,null
TriggerRate,1716358010000000000,num,null,281,null
TriggerRate,1716358070000000000,num,null,281,null
TriggerRate,1716358130000000000,num,null,285,null
TriggerRate,1716358190000000000,num,null,285,null
TriggerRate,1716358250000000000,num,null,282,null
TriggerRate,1716358310000000000,num,null,282,null
TriggerRate,1716358370000000000,num,null,273,null
TriggerRate,1716358490000000000,num,null,273,null
TriggerRate,1716358550000000000,num,null,273,null
TriggerRate,1716358580000000000,num,null,273,null
TriggerRate,1716358670000000000,num,null,273,null
TriggerRate,1716358730000000000,num,null,273,null
TriggerRate,1716358790000000000,num,null,273,null
TriggerRate,1716358850000000000,num,null,273,null
TriggerRate,1716358910000000000,num,null,273,null
TriggerRate,1716359090000000000,num,null,65535,null
TriggerRate,1716359150000000000,num,null,65535,null
TriggerRate,1716359210000000000,num,null,1395,null
TriggerRate,1716359270000000000,num,null,1395,null
TriggerRate,1716359330000000000,num,null,1479,null
TriggerRate,1716359390000000000,num,null,1479,null
TriggerRate,1716359450000000000,num,null,1526,null
TriggerRate,1716359510000000000,num,null,749,null
TriggerRate,1716359690000000000,num,null,749,null
TriggerRate,1716359750000000000,num,null,749,null
TriggerRate,1716359780000000000,num,null,749,null
TriggerRate,1716359930000000000,num,null,749,null
TriggerRate,1716359990000000000,num,null,749,null
TriggerRate,1716360050000000000,num,null,65535,null
TriggerRate,1716360110000000000,num,null,65535,null
TriggerRate,1716360170000000000,num,null,889,null
TriggerRate,1716360230000000000,num,null,889,null
TriggerRate,1716360290000000000,num,null,923,null
TriggerRate,1716360320000000000,num,null,175,null
TriggerRate,1716360410000000000,num,null,175,null
TriggerRate,1716360470000000000,num,null,175,null
TriggerRate,1716360530000000000,num,null,175,null
TriggerRate,1716360590000000000,num,null,175,null
TriggerRate,1716360650000000000,num,null,175,null
TriggerRate,1716360710000000000,num,null,175,null
TriggerRate,1716360770000000000,num,null,175,null
TriggerRate,1716360830000000000,num,null,175,null
TriggerRate,1716360890000000000,num,null,175,null
TriggerRate,1716360950000000000,num,null,175,null
TriggerRate,1716361010000000000,num,null,175,null
TriggerRate,1716361070000000000,num,null,175,null
TriggerRate,1716361130000000000,num,null,65535,null
TriggerRate,1716361190000000000,num,null,65535,null
TriggerRate,1716361250000000000,num,null,0,null
TriggerRate,1716361310000000000,num,null,0,null
TriggerRate,1716361370000000000,num,null,0,null
TriggerRate,1716361430000000000,num,null,0,null
TriggerRate,1716361490000000000,num,null,0,null
TriggerRate,1716361550000000000,num,null,0,null
TriggerRate,1716361580000000000,num,null,0,null
TriggerRate,1716361970000000000,num,null,0,null
TriggerRate,1716362030000000000,num,null,0,null
TriggerRate,1716362090000000000,num,null,822,null
TriggerRate,1716362150000000000,num,null,822,null
TriggerRate,1716362210000000000,num,null,736,null
TriggerRate,1716362240000000000,num,null,736,null
TriggerRate,1716362300000000000,num,null,488,null
TriggerRate,1716362390000000000,num,null,488,null
TriggerRate,1716362450000000000,num,null,488,null
TriggerRate,1716362810000000000,num,null,65535,null
TriggerRate,1716362870000000000,num,null,65535,null
TriggerRate,1716362930000000000,num,null,359,null
TriggerRate,1716362990000000000,num,null,359,null
TriggerRate,1716363050000000000,num,null,384,null
TriggerRate,1716363110000000000,num,null,384,null
TriggerRate,1716363140000000000,num,null,304,null
TriggerRate,1716363230000000000,num,null,304,null
TriggerRate,1716363290000000000,num,null,304,null
TriggerRate,1716363350000000000,num,null,304,null
TriggerRate,1716363410000000000,num,null,304,null
TriggerRate,1716363530000000000,num,null,109,null
TriggerRate,1716363590000000000,num,null,109,null
TriggerRate,1716363650000000000,num,null,376,null
TriggerRate,1716363710000000000,num,null,376,null
TriggerRate,1716363770000000000,num,null,382,null
TriggerRate,1716363830000000000,num,null,382,null
TriggerRate,1716363890000000000,num,null,376,null
TriggerRate,1716363950000000000,num,null,376,null
TriggerRate,1716364010000000000,num,null,384,null
TriggerRate,1716364100000000000,num,null,120,null
TriggerRate,1716364490000000000,num,null,68,null
TriggerRate,1716364550000000000,num,null,68,null
TriggerRate,1716364610000000000,num,null,102,null
TriggerRate,1716364670000000000,num,null,102,null
TriggerRate,1716364730000000000,num,null,102,null
TriggerRate,1716364790000000000,num,null,102,null
TriggerRate,1716364850000000000,num,null,102,null
TriggerRate,1716364910000000000,num,null,102,null
TriggerRate,1716364970000000000,num,null,102,null
TriggerRate,1716365030000000000,num,null,102,null
TriggerRate,1716365090000000000,num,null,102,null
TriggerRate,1716365150000000000,num,null,102,null
TriggerRate,1716365210000000000,num,null,102,null
TriggerRate,1716365270000000000,num,null,102,null
TriggerRate,1716365330000000000,num,null,102,null
TriggerRate,1716365510000000000,num,null,75,null
TriggerRate,1716365570000000000,num,null,65535,null
TriggerRate,1716365630000000000,num,null,65535,null
TriggerRate,1716365690000000000,num,null,102,null
TriggerRate,1716365750000000000,num,null,49,null
TriggerRate,1716365870000000000,num,null,49,null
TriggerRate,1716365930000000000,num,null,65535,null
TriggerRate,1716365990000000000,num,null,65535,null
TriggerRate,1716366050000000000,num,null,102,null
TriggerRate,1716366080000000000,num,null,102,null
TriggerRate,1716366230000000000,num,null,85,null
TriggerRate,1716366290000000000,num,null,65535,null
TriggerRate,1716366350000000000,num,null,65535,null
TriggerRate,1716366410000000000,num,null,102,null
TriggerRate,1716366470000000000,num,null,102,null
TriggerRate,1716366710000000000,num,null,79,null
TriggerRate,1716366770000000000,num,null,79,null
TriggerRate,1716366830000000000,num,null,79,null
TriggerRate,1716366890000000000,num,null,79,null
TriggerRate,1716366950000000000,num,null,79,null
TriggerRate,1716367010000000000,num,null,79,null
TriggerRate,1716367070000000000,num,null,79,null
TriggerRate,1716433894000000000,num,null,0,null
TriggerRate,1716433954000000000,num,null,0,null
TriggerRate,1716434014000000000,num,null,0,null
TriggerRate,1716434074000000000,num,null,0,null
TriggerRate,1716434134000000000,num,null,0,null
TriggerRate,1716434194000000000,num,null,0,null
TriggerRate,1716434254000000000,num,null,0,null
TriggerRate,1716434314000000000,num,null,0,null
TriggerRate,1716434374000000000,num,null,0,null
TriggerRate,1716434434000000000,num,null,0,null
TriggerRate,1716434494000000000,num,null,0,null
TriggerRate,1716434554000000000,num,null,0,null
TriggerRate,1716434614000000000,num,null,0,null
TriggerRate,1716434674000000000,num,null,0,null
TriggerRate,1716434734000000000,num,null,0,null
TriggerRate,1716434794000000000,num,null,0,null
TriggerRate,1716434854000000000,num,null,0,null
TriggerRate,1716434914000000000,num,null,0,null
TriggerRate,1716434974000000000,num,null,0,null
TriggerRate,1716435034000000000,num,null,0,null
TriggerRate,1716435094000000000,num,null,0,null
TriggerRate,1716435154000000000,num,null,0,null
TriggerRate,1716435184000000000,num,null,0,null
TriggerRate,1716435574000000000,num,null,0,null
TriggerRate,1716435634000000000,num,null,0,null
TriggerRate,1716435694000000000,num,null,0,null
TriggerRate,1716435724000000000,num,null,0,null
TriggerRate,1716435934000000000,num,null,0,null
TriggerRate,1716435994000000000,num,null,0,null
TriggerRate,1716436054000000000,num,null,113,null
TriggerRate,1716436114000000000,num,null,113,null
TriggerRate,1716436174000000000,num,null,103,null
TriggerRate,1716436234000000000,num,null,103,null
TriggerRate,1716436264000000000,num,null,103,null
TriggerRate,1716436354000000000,num,null,103,null
TriggerRate,1716436414000000000,num,null,103,null
TriggerRate,1716436594000000000,num,null,103,null
TriggerRate,1716436654000000000,num,null,103,null
TriggerRate,1716436714000000000,num,null,103,null
TriggerRate,1716436774000000000,num,null,103,null
TriggerRate,1716436804000000000,num,null,103,null
TriggerRate,1716436864000000000,num,null,103,null
TriggerRate,1716437074000000000,num,null,103,null
TriggerRate,1716437134000000000,num,null,103,null
TriggerRate,1716437194000000000,num,null,103,null
TriggerRate,1716437254000000000,num,null,103,null
TriggerRate,1716437284000000000,num,null,103,null
TriggerRate,1716437434000000000,num,null,103,null
TriggerRate,1716437614000000000,num,null,103,null
TriggerRate,1716437674000000000,num,null,103,null
TriggerRate,1716437734000000000,num,null,103,null
TriggerRate,1716437794000000000,num,null,103,null
TriggerRate,1716437854000000000,num,null,103,null
TriggerRate,1716437974000000000,num,null,103,null
TriggerRate,1716438154000000000,num,null,103,null
TriggerRate,1716438214000000000,num,null,103,null
TriggerRate,1716438274000000000,num,null,103,null
TriggerRate,1716438334000000000,num,null,103,null
TriggerRate,1716438394000000000,num,null,103,null
TriggerRate,1716438454000000000,num,null,103,null
TriggerRate,1716438484000000000,num,null,103,null
TriggerRate,1716438994000000000,num,null,103,null
TriggerRate,1716439024000000000,num,null,103,null
TriggerRate,1716439504000000000,num,null,103,null
TriggerRate,1716440014000000000,num,null,103,null
TriggerRate,1716440074000000000,num,null,103,null
TriggerRate,1716440554000000000,num,null,103,null
TriggerRate,1716440614000000000,num,null,103,null
TriggerRate,1716440974000000000,num,null,103,null
TriggerRate,1716441004000000000,num,null,103,null
TriggerRate,1716441634000000000,num,null,103,null
TriggerRate,1716441994000000000,num,null,103,null
TriggerRate,1716442024000000000,num,null,103,null
TriggerRate,1716442234000000000,num,null,103,null
TriggerRate,1716442294000000000,num,null,103,null
TriggerRate,1716442354000000000,num,null,103,null
TriggerRate,1716442384000000000,num,null,103,null
TriggerRate,1716442474000000000,num,null,103,null
TriggerRate,1716442534000000000,num,null,103,null
TriggerRate,1716442564000000000,num,null,103,null
TriggerRate,1716442954000000000,num,null,103,null
TriggerRate,1716443434000000000,num,null,103,null
TriggerRate,1716443494000000000,num,null,103,null
TriggerRate,1716443914000000000,num,null,103,null
TriggerRate,1716443974000000000,num,null,103,null
TriggerRate,1716444034000000000,num,null,103,null
TriggerRate,1716445531000000000,num,null,13,null
TriggerRate,1716445591000000000,num,null,13,null
TriggerRate,1716445651000000000,num,null,153,null
TriggerRate,1716445711000000000,num,null,153,null
TriggerRate,1716445771000000000,num,null,153,null
TriggerRate,1716445831000000000,num,null,153,null
TriggerRate,1716446611000000000,num,null,52,null
TriggerRate,1716446671000000000,num,null,52,null
TriggerRate,1716446701000000000,num,null,65535,null
TriggerRate,1716516595000000000,num,null,0,null
TriggerRate,1716516655000000000,num,null,0,null
TriggerRate,1716516715000000000,num,null,0,null
TriggerRate,1716516775000000000,num,null,0,null
TriggerRate,1716516805000000000,num,null,0,null
TriggerRate,1716522715000000000,num,null,0,null
TriggerRate,1716522775000000000,num,null,19,null
TriggerRate,1716522835000000000,num,null,19,null
TriggerRate,1716522895000000000,num,null,102,null
TriggerRate,1716522955000000000,num,null,102,null
TriggerRate,1716523015000000000,num,null,102,null
TriggerRate,1716523075000000000,num,null,102,null
TriggerRate,1716523135000000000,num,null,102,null
TriggerRate,1716523195000000000,num,null,102,null
TriggerRate,1716523255000000000,num,null,102,null
TriggerRate,1716523315000000000,num,null,102,null
TriggerRate,1716523375000000000,num,null,102,null
TriggerRate,1716523435000000000,num,null,102,null
TriggerRate,1716523495000000000,num,null,102,null
TriggerRate,1716523555000000000,num,null,102,null
TriggerRate,1716523585000000000,num,null,102,null
TriggerRate,1716525415000000000,num,null,65535,null
TriggerRate,1716525475000000000,num,null,65535,null
TriggerRate,1716525535000000000,num,null,65535,null
TriggerRate,1716525565000000000,num,null,65535,null
TriggerRate,1716526114000000000,num,null,0,null
TriggerRate,1716526174000000000,num,null,0,null
TriggerRate,1716526234000000000,num,null,122,null
TriggerRate,1716526294000000000,num,null,122,null
TriggerRate,1716526354000000000,num,null,102,null
TriggerRate,1716526414000000000,num,null,102,null
TriggerRate,1716526474000000000,num,null,102,null
TriggerRate,1716526534000000000,num,null,102,null
TriggerRate,1716526594000000000,num,null,102,null
TriggerRate,1716526654000000000,num,null,102,null
TriggerRate,1716526714000000000,num,null,102,null
TriggerRate,1716526774000000000,num,null,102,null
TriggerRate,1716526834000000000,num,null,102,null
TriggerRate,1716526894000000000,num,null,102,null
TriggerRate,1716526954000000000,num,null,102,null
TriggerRate,1716527014000000000,num,null,102,null
TriggerRate,1716527074000000000,num,null,102,null
TriggerRate,1716527134000000000,num,null,102,null
TriggerRate,1716527194000000000,num,null,102,null
TriggerRate,1716527254000000000,num,null,102,null
TriggerRate,1716527314000000000,num,null,102,null
TriggerRate,1716527374000000000,num,null,102,null
TriggerRate,1716527434000000000,num,null,102,null
TriggerRate,1716527494000000000,num,null,102,null
TriggerRate,1716527524000000000,num,null,102,null
TriggerRate,1716527614000000000,num,null,102,null
TriggerRate,1716527674000000000,num,null,102,null
TriggerRate,1716527734000000000,num,null,102,null
TriggerRate,1716527794000000000,num,null,102,null
TriggerRate,1716527854000000000,num,null,102,null
TriggerRate,1716527914000000000,num,null,102,null
TriggerRate,1716527974000000000,num,null,102,null
TriggerRate,1716528034000000000,num,null,102,null
TriggerRate,1716528094000000000,num,null,102,null
TriggerRate,1716528154000000000,num,null,102,null
TriggerRate,1716528214000000000,num,null,102,null
TriggerRate,1716528274000000000,num,null,102,null
TriggerRate,1716528334000000000,num,null,102,null
TriggerRate,1716528394000000000,num,null,102,null
TriggerRate,1716528454000000000,num,null,102,null
TriggerRate,1716528514000000000,num,null,102,null
TriggerRate,1716528574000000000,num,null,102,null
TriggerRate,1716528634000000000,num,null,102,null
TriggerRate,1716528694000000000,num,null,102,null
TriggerRate,1716528754000000000,num,null,102,null
TriggerRate,1716528814000000000,num,null,102,null
TriggerRate,1716528874000000000,num,null,102,null
TriggerRate,1716528934000000000,num,null,102,null
TriggerRate,1716528994000000000,num,null,102,null
TriggerRate,1716530434000000000,num,null,103,null
TriggerRate,1716530494000000000,num,null,103,null
TriggerRate,1716530554000000000,num,null,103,null
TriggerRate,1716530614000000000,num,null,103,null
TriggerRate,1716532234000000000,num,null,62,null
TriggerRate,1716532294000000000,num,null,62,null
TriggerRate,1716532354000000000,num,null,62,null
TriggerRate,1716532384000000000,num,null,62,null
TriggerRate,1716532714000000000,num,null,62,null
TriggerRate,1716532774000000000,num,null,62,null
TriggerRate,1716532834000000000,num,null,65535,null
TriggerRate,1716532894000000000,num,null,65535,null
TriggerRate,1716532924000000000,num,null,65535,null
TriggerRate,1716533254000000000,num,null,0,null
TriggerRate,1716533314000000000,num,null,103,null
TriggerRate,1716533374000000000,num,null,103,null
TriggerRate,1716533404000000000,num,null,103,null
TriggerRate,1716534154000000000,num,null,65535,null
TriggerRate,1716534214000000000,num,null,65535,null
TriggerRate,1716534334000000000,num,null,102,null
TriggerRate,1716534394000000000,num,null,102,null
TriggerRate,1716534454000000000,num,null,102,null
TriggerRate,1716534514000000000,num,null,102,null
TriggerRate,1716534574000000000,num,null,102,null
TriggerRate,1716534634000000000,num,null,102,null
TriggerRate,1716534694000000000,num,null,102,null
TriggerRate,1716534754000000000,num,null,102,null
TriggerRate,1716535954000000000,num,null,47,null
TriggerRate,1716536014000000000,num,null,47,null
TriggerRate,1716536074000000000,num,null,65535,null
TriggerRate,1716536134000000000,num,null,65535,null
TriggerRate,1716536194000000000,num,null,102,null
TriggerRate,1716536254000000000,num,null,102,null
TriggerRate,1716536314000000000,num,null,102,null
TriggerRate,1716536374000000000,num,null,102,null
TriggerRate,1716536434000000000,num,null,102,null
TriggerRate,1716536494000000000,num,null,102,null
TriggerRate,1716536554000000000,num,null,102,null
TriggerRate,1716536614000000000,num,null,102,null
TriggerRate,1716536674000000000,num,null,102,null
TriggerRate,1716536734000000000,num,null,102,null
TriggerRate,1716536794000000000,num,null,102,null
TriggerRate,1716536854000000000,num,null,102,null
TriggerRate,1716536914000000000,num,null,102,null
TriggerRate,1716536974000000000,num,null,102,null
TriggerRate,1716537034000000000,num,null,102,null
TriggerRate,1716537094000000000,num,null,102,null
TriggerRate,1716537154000000000,num,null,102,null
TriggerRate,1716537214000000000,num,null,102,null
TriggerRate,1716537274000000000,num,null,102,null
TriggerRate,1716537334000000000,num,null,102,null
TriggerRate,1716537394000000000,num,null,102,null
TriggerRate,1716537454000000000,num,null,102,null
TriggerRate,1716537514000000000,num,null,102,null
TriggerRate,1716537574000000000,num,null,102,null
TriggerRate,1716537634000000000,num,null,102,null
TriggerRate,1716537754000000000,num,null,102,null
TriggerRate,1716537814000000000,num,null,102,null
TriggerRate,1716537874000000000,num,null,102,null
TriggerRate,1716537934000000000,num,null,102,null
TriggerRate,1716537994000000000,num,null,102,null
TriggerRate,1716538054000000000,num,null,102,null
TriggerRate,1716538114000000000,num,null,102,null
TriggerRate,1716538174000000000,num,null,102,null
TriggerRate,1716538234000000000,num,null,102,null
TriggerRate,1716538294000000000,num,null,102,null
TriggerRate,1716538354000000000,num,null,102,null
TriggerRate,1716538414000000000,num,null,102,null
TriggerRate,1716538474000000000,num,null,102,null
TriggerRate,1716538534000000000,num,null,102,null
TriggerRate,1716538594000000000,num,null,102,null
TriggerRate,1716538654000000000,num,null,102,null
TriggerRate,1716538714000000000,num,null,102,null
TriggerRate,1716538774000000000,num,null,102,null
TriggerRate,1716538834000000000,num,null,102,null
TriggerRate,1716538894000000000,num,null,102,null
TriggerRate,1716538954000000000,num,null,102,null
TriggerRate,1716539014000000000,num,null,102,null
TriggerRate,1716539074000000000,num,null,102,null
TriggerRate,1716539134000000000,num,null,102,null
TriggerRate,1716539194000000000,num,null,102,null
TriggerRate,1716539254000000000,num,null,102,null
TriggerRate,1716539314000000000,num,null,102,null
TriggerRate,1716539374000000000,num,null,102,null
TriggerRate,1716539434000000000,num,null,102,null
TriggerRate,1716539494000000000,num,null,102,null
TriggerRate,1716542014000000000,num,null,6,null
TriggerRate,1716542074000000000,num,null,6,null
TriggerRate,1716587494000000000,num,null,6,null
TriggerRate,1716587554000000000,num,null,6,null
TriggerRate,1716587614000000000,num,null,6,null
TriggerRate,1716587644000000000,num,null,6,null
TriggerRate,1716599557000000000,num,null,0,null
TriggerRate,1716599617000000000,num,null,0,null
TriggerRate,1716599677000000000,num,null,0,null
TriggerRate,1716599737000000000,num,null,0,null
TriggerRate,1716599797000000000,num,null,0,null
TriggerRate,1716599857000000000,num,null,0,null
TriggerRate,1716599917000000000,num,null,0,null
TriggerRate,1716599977000000000,num,null,0,null
TriggerRate,1716600037000000000,num,null,0,null
TriggerRate,1716600097000000000,num,null,0,null
TriggerRate,1716600157000000000,num,null,0,null
TriggerRate,1716600217000000000,num,null,0,null
TriggerRate,1716600277000000000,num,null,0,null
TriggerRate,1716600337000000000,num,null,0,null
TriggerRate,1716600397000000000,num,null,0,null
TriggerRate,1716600457000000000,num,null,0,null
TriggerRate,1716600517000000000,num,null,0,null
TriggerRate,1716600577000000000,num,null,0,null
TriggerRate,1716600637000000000,num,null,0,null
TriggerRate,1716600697000000000,num,null,0,null
TriggerRate,1716600757000000000,num,null,0,null
TriggerRate,1716600817000000000,num,null,0,null
TriggerRate,1716600877000000000,num,null,0,null
TriggerRate,1716600937000000000,num,null,0,null
TriggerRate,1716600997000000000,num,null,0,null
TriggerRate,1716601057000000000,num,null,0,null
TriggerRate,1716601117000000000,num,null,0,null
TriggerRate,1716601177000000000,num,null,0,null
TriggerRate,1716601237000000000,num,null,0,null
TriggerRate,1716601297000000000,num,null,0,null
TriggerRate,1716601357000000000,num,null,0,null
TriggerRate,1716601417000000000,num,null,0,null
TriggerRate,1716601477000000000,num,null,0,null
TriggerRate,1716601537000000000,num,null,0,null
TriggerRate,1716601597000000000,num,null,0,null
TriggerRate,1716601657000000000,num,null,0,null
TriggerRate,1716601717000000000,num,null,0,null
TriggerRate,1716601777000000000,num,null,0,null
TriggerRate,1716601837000000000,num,null,0,null
TriggerRate,1716601897000000000,num,null,0,null
TriggerRate,1716601957000000000,num,null,0,null
TriggerRate,1716602017000000000,num,null,0,null
TriggerRate,1716602077000000000,num,null,0,null
TriggerRate,1716602137000000000,num,null,0,null
TriggerRate,1716602197000000000,num,null,0,null
TriggerRate,1716602257000000000,num,null,140,null
TriggerRate,1716602317000000000,num,null,140,null
TriggerRate,1716602377000000000,num,null,102,null
TriggerRate,1716602437000000000,num,null,102,null
TriggerRate,1716602497000000000,num,null,102,null
TriggerRate,1716602557000000000,num,null,102,null
TriggerRate,1716602617000000000,num,null,102,null
TriggerRate,1716606397000000000,num,null,12,null
TriggerRate,1716606457000000000,num,null,65535,null
TriggerRate,1716606487000000000,num,null,65535,null
TriggerRate,1716606577000000000,num,null,0,null
TriggerRate,1716606637000000000,num,null,0,null
TriggerRate,1716606697000000000,num,null,0,null
TriggerRate,1716606757000000000,num,null,0,null
TriggerRate,1716606817000000000,num,null,0,null
TriggerRate,1716606877000000000,num,null,0,null
TriggerRate,1716606937000000000,num,null,0,null
TriggerRate,1716606997000000000,num,null,0,null
TriggerRate,1716607057000000000,num,null,0,null
TriggerRate,1716607087000000000,num,null,0,null
TriggerRate,1716607417000000000,num,null,10,null
TriggerRate,1716607477000000000,num,null,10,null
TriggerRate,1716607537000000000,num,null,65535,null
TriggerRate,1716608025000000000,num,null,0,null
TriggerRate,1716608085000000000,num,null,0,null
TriggerRate,1716608145000000000,num,null,0,null
TriggerRate,1716608205000000000,num,null,0,null
TriggerRate,1716608235000000000,num,null,0,null
TriggerRate,1716609477000000000,num,null,0,null
TriggerRate,1716609507000000000,num,null,0,null
TriggerRate,1716609567000000000,num,null,0,null
TriggerRate,1716609747000000000,num,null,0,null
TriggerRate,1716609807000000000,num,null,0,null
TriggerRate,1716609867000000000,num,null,0,null
TriggerRate,1716609927000000000,num,null,0,null
TriggerRate,1716609987000000000,num,null,0,null
TriggerRate,1716610047000000000,num,null,0,null
TriggerRate,1716610107000000000,num,null,0,null
TriggerRate,1716610197000000000,num,null,0,null
TriggerRate,1716610227000000000,num,null,0,null
TriggerRate,1716610287000000000,num,null,0,null
TriggerRate,1716610377000000000,num,null,0,null
TriggerRate,1716610407000000000,num,null,0,null
TriggerRate,1716610467000000000,num,null,0,null
TriggerRate,1716610557000000000,num,null,0,null
TriggerRate,1716610587000000000,num,null,0,null
TriggerRate,1716610647000000000,num,null,0,null
TriggerRate,1716610707000000000,num,null,0,null
TriggerRate,1716610767000000000,num,null,0,null
TriggerRate,1716610827000000000,num,null,0,null
TriggerRate,1716610917000000000,num,null,0,null
TriggerRate,1716610947000000000,num,null,0,null
TriggerRate,1716610977000000000,num,null,0,null
TriggerRate,1716611557000000000,num,null,0,null
TriggerRate,1716611617000000000,num,null,0,null
TriggerRate,1716611677000000000,num,null,0,null
TriggerRate,1716611737000000000,num,null,0,null
TriggerRate,1716611797000000000,num,null,0,null
TriggerRate,1716611827000000000,num,null,0,null
TriggerRate,1716613249000000000,num,null,0,null
TriggerRate,1716613309000000000,num,null,0,null
TriggerRate,1716613369000000000,num,null,0,null
TriggerRate,1716613429000000000,num,null,0,null
TriggerRate,1716613489000000000,num,null,0,null
TriggerRate,1716613549000000000,num,null,0,null
TriggerRate,1716613579000000000,num,null,0,null
TriggerRate,1716613729000000000,num,null,0,null
TriggerRate,1716613789000000000,num,null,7,null
TriggerRate,1716613849000000000,num,null,7,null
TriggerRate,1716613909000000000,num,null,65535,null
TriggerRate,1716613969000000000,num,null,65535,null
TriggerRate,1716614029000000000,num,null,102,null
TriggerRate,1716614089000000000,num,null,102,null
TriggerRate,1716614149000000000,num,null,102,null
TriggerRate,1716614209000000000,num,null,102,null
TriggerRate,1716614269000000000,num,null,102,null
TriggerRate,1716614329000000000,num,null,102,null
TriggerRate,1716614389000000000,num,null,102,null
TriggerRate,1716614449000000000,num,null,102,null
TriggerRate,1716615529000000000,num,null,102,null
TriggerRate,1716615559000000000,num,null,102,null
TriggerRate,1716616789000000000,num,null,48,null
TriggerRate,1716616819000000000,num,null,48,null
TriggerRate,1716616969000000000,num,null,48,null
TriggerRate,1716617029000000000,num,null,65535,null
TriggerRate,1716617089000000000,num,null,65535,null
TriggerRate,1716617149000000000,num,null,102,null
TriggerRate,1716617209000000000,num,null,102,null
TriggerRate,1716617269000000000,num,null,102,null
TriggerRate,1716617329000000000,num,null,102,null
TriggerRate,1716617389000000000,num,null,102,null
TriggerRate,1716617449000000000,num,null,102,null
TriggerRate,1716617509000000000,num,null,102,null
TriggerRate,1716617569000000000,num,null,102,null
TriggerRate,1716617629000000000,num,null,102,null
TriggerRate,1716617689000000000,num,null,102,null
TriggerRate,1716617749000000000,num,null,102,null
TriggerRate,1716617809000000000,num,null,102,null
TriggerRate,1716617869000000000,num,null,102,null
TriggerRate,1716617929000000000,num,null,102,null
TriggerRate,1716617989000000000,num,null,102,null
TriggerRate,1716618049000000000,num,null,102,null
TriggerRate,1716618109000000000,num,null,102,null
TriggerRate,1716618169000000000,num,null,102,null
TriggerRate,1716618229000000000,num,null,102,null
TriggerRate,1716618289000000000,num,null,102,null
TriggerRate,1716618349000000000,num,null,102,null
TriggerRate,1716618409000000000,num,null,102,null
TriggerRate,1716618469000000000,num,null,102,null
TriggerRate,1716618529000000000,num,null,102,null
TriggerRate,1716618649000000000,num,null,102,null
TriggerRate,1716618709000000000,num,null,102,null
TriggerRate,1716618769000000000,num,null,102,null
TriggerRate,1716618829000000000,num,null,102,null
TriggerRate,1716618889000000000,num,null,102,null
TriggerRate,1716618949000000000,num,null,102,null
TriggerRate,1716619009000000000,num,null,102,null
TriggerRate,1716619069000000000,num,null,102,null
TriggerRate,1716619129000000000,num,null,102,null
TriggerRate,1716619189000000000,num,null,102,null
TriggerRate,1716619249000000000,num,null,102,null
TriggerRate,1716619309000000000,num,null,102,null
TriggerRate,1716619369000000000,num,null,102,null
TriggerRate,1716619429000000000,num,null,102,null
TriggerRate,1716619489000000000,num,null,102,null
TriggerRate,1716619549000000000,num,null,102,null
TriggerRate,1716619609000000000,num,null,102,null
TriggerRate,1716619669000000000,num,null,102,null
TriggerRate,1716619729000000000,num,null,102,null
TriggerRate,1716619789000000000,num,null,102,null
TriggerRate,1716619849000000000,num,null,102,null
TriggerRate,1716619909000000000,num,null,102,null
TriggerRate,1716619969000000000,num,null,102,null
TriggerRate,1716620029000000000,num,null,102,null
TriggerRate,1716620089000000000,num,null,102,null
TriggerRate,1716620149000000000,num,null,102,null
TriggerRate,1716620209000000000,num,null,102,null
TriggerRate,1716620269000000000,num,null,102,null
TriggerRate,1716620299000000000,num,null,102,null
TriggerRate,1716620509000000000,num,null,102,null
TriggerRate,1716620569000000000,num,null,102,null
TriggerRate,1716620629000000000,num,null,102,null
TriggerRate,1716620689000000000,num,null,102,null
TriggerRate,1716620749000000000,num,null,102,null
TriggerRate,1716620809000000000,num,null,102,null
TriggerRate,1716620869000000000,num,null,102,null
TriggerRate,1716620929000000000,num,null,102,null
TriggerRate,1716620959000000000,num,null,102,null
TriggerRate,1716621814000000000,num,null,0,null
TriggerRate,1716621874000000000,num,null,46,null
TriggerRate,1716621934000000000,num,null,46,null
TriggerRate,1716621994000000000,num,null,102,null
TriggerRate,1716622054000000000,num,null,102,null
TriggerRate,1716622114000000000,num,null,102,null
TriggerRate,1716622174000000000,num,null,102,null
TriggerRate,1716622234000000000,num,null,102,null
TriggerRate,1716622294000000000,num,null,102,null
TriggerRate,1716622354000000000,num,null,102,null
TriggerRate,1716622414000000000,num,null,102,null
TriggerRate,1716622474000000000,num,null,102,null
TriggerRate,1716622534000000000,num,null,102,null
TriggerRate,1716622594000000000,num,null,102,null
TriggerRate,1716622654000000000,num,null,102,null
TriggerRate,1716622714000000000,num,null,102,null
TriggerRate,1716622774000000000,num,null,102,null
TriggerRate,1716622834000000000,num,null,102,null
TriggerRate,1716622894000000000,num,null,102,null
TriggerRate,1716622954000000000,num,null,102,null
TriggerRate,1716624274000000000,num,null,102,null
TriggerRate,1716624334000000000,num,null,102,null
TriggerRate,1716624394000000000,num,null,102,null
TriggerRate,1716624514000000000,num,null,7,null
TriggerRate,1716624574000000000,num,null,7,null
TriggerRate,1716624634000000000,num,null,7,null
TriggerRate,1716624694000000000,num,null,7,null
TriggerRate,1716625414000000000,num,null,143,null
TriggerRate,1716626554000000000,num,null,103,null
TriggerRate,1716626614000000000,num,null,103,null
TriggerRate,1716626674000000000,num,null,103,null
TriggerRate,1716626734000000000,num,null,103,null
TriggerRate,1716626794000000000,num,null,103,null
TriggerRate,1716626854000000000,num,null,103,null
TriggerRate,1716631114000000000,num,null,20,null
TriggerRate,1716631174000000000,num,null,20,null
TriggerRate,1716631234000000000,num,null,65535,null
TriggerRate,1716631264000000000,num,null,65535,null
TriggerRate,1716631354000000000,num,null,102,null
TriggerRate,1716631414000000000,num,null,102,null
TriggerRate,1716631474000000000,num,null,102,null
TriggerRate,1716631504000000000,num,null,102,null
TriggerRate,1716682351000000000,num,null,0,null
TriggerRate,1716682411000000000,num,null,0,null
TriggerRate,1716682501000000000,num,null,0,null
TriggerRate,1716682531000000000,num,null,0,null
TriggerRate,1716682651000000000,num,null,0,null
TriggerRate,1716682711000000000,num,null,0,null
TriggerRate,1716682771000000000,num,null,0,null
TriggerRate,1716682801000000000,num,null,0,null
TriggerRate,1716682951000000000,num,null,0,null
TriggerRate,1716683011000000000,num,null,0,null
TriggerRate,1716683041000000000,num,null,0,null
TriggerRate,1716683131000000000,num,null,0,null
TriggerRate,1716683191000000000,num,null,0,null
TriggerRate,1716683251000000000,num,null,0,null
TriggerRate,1716683281000000000,num,null,0,null
TriggerRate,1716683611000000000,num,null,0,null
TriggerRate,1716683671000000000,num,null,0,null
TriggerRate,1716683731000000000,num,null,0,null
TriggerRate,1716683791000000000,num,null,0,null
TriggerRate,1716683851000000000,num,null,0,null
TriggerRate,1716683881000000000,num,null,0,null
TriggerRate,1716684031000000000,num,null,0,null
TriggerRate,1716684091000000000,num,null,0,null
TriggerRate,1716684151000000000,num,null,0,null
TriggerRate,1716684211000000000,num,null,0,null
TriggerRate,1716684271000000000,num,null,0,null
TriggerRate,1716684331000000000,num,null,0,null
TriggerRate,1716684391000000000,num,null,0,null
TriggerRate,1716684451000000000,num,null,0,null
TriggerRate,1716684511000000000,num,null,0,null
TriggerRate,1716684601000000000,num,null,0,null
TriggerRate,1716684631000000000,num,null,0,null
TriggerRate,1716684691000000000,num,null,0,null
TriggerRate,1716684751000000000,num,null,0,null
TriggerRate,1716684811000000000,num,null,0,null
TriggerRate,1716684901000000000,num,null,0,null
TriggerRate,1716684991000000000,num,null,0,null
TriggerRate,1716685051000000000,num,null,0,null
TriggerRate,1716685531000000000,num,null,0,null
TriggerRate,1716685591000000000,num,null,103,null
TriggerRate,1716685651000000000,num,null,103,null
TriggerRate,1716685711000000000,num,null,102,null
TriggerRate,1716685771000000000,num,null,102,null
TriggerRate,1716685831000000000,num,null,102,null
TriggerRate,1716685891000000000,num,null,102,null
TriggerRate,1716685951000000000,num,null,102,null
TriggerRate,1716686011000000000,num,null,102,null
TriggerRate,1716686071000000000,num,null,102,null
TriggerRate,1716686131000000000,num,null,102,null
TriggerRate,1716686191000000000,num,null,102,null
TriggerRate,1716686251000000000,num,null,102,null
TriggerRate,1716686311000000000,num,null,102,null
TriggerRate,1716686401000000000,num,null,50,null
TriggerRate,1716686491000000000,num,null,50,null
TriggerRate,1716686551000000000,num,null,50,null
TriggerRate,1716686611000000000,num,null,50,null
TriggerRate,1716686671000000000,num,null,50,null
TriggerRate,1716686731000000000,num,null,50,null
TriggerRate,1716686791000000000,num,null,50,null
TriggerRate,1716686851000000000,num,null,50,null
TriggerRate,1716686911000000000,num,null,50,null
TriggerRate,1716686971000000000,num,null,50,null
TriggerRate,1716687031000000000,num,null,50,null
TriggerRate,1716687091000000000,num,null,50,null
TriggerRate,1716687151000000000,num,null,50,null
TriggerRate,1716694834000000000,num,null,0,null
TriggerRate,1716694894000000000,num,null,42,null
TriggerRate,1716695014000000000,num,null,102,null
TriggerRate,1716695074000000000,num,null,102,null
TriggerRate,1716695134000000000,num,null,102,null
TriggerRate,1716695194000000000,num,null,102,null
TriggerRate,1716695254000000000,num,null,102,null
TriggerRate,1716695314000000000,num,null,102,null
TriggerRate,1716695374000000000,num,null,102,null
TriggerRate,1716695434000000000,num,null,102,null
TriggerRate,1716695494000000000,num,null,102,null
TriggerRate,1716695554000000000,num,null,102,null
TriggerRate,1716695614000000000,num,null,102,null
TriggerRate,1716695674000000000,num,null,102,null
TriggerRate,1716695734000000000,num,null,102,null
TriggerRate,1716695794000000000,num,null,102,null
TriggerRate,1716695824000000000,num,null,102,null
TriggerRate,1716696274000000000,num,null,39,null
TriggerRate,1716696334000000000,num,null,93,null
TriggerRate,1716696394000000000,num,null,93,null
TriggerRate,1716696454000000000,num,null,102,null
TriggerRate,1716696514000000000,num,null,102,null
TriggerRate,1716696574000000000,num,null,102,null
TriggerRate,1716696634000000000,num,null,102,null
TriggerRate,1716696694000000000,num,null,102,null
TriggerRate,1716696754000000000,num,null,102,null
TriggerRate,1716696814000000000,num,null,102,null
TriggerRate,1716696874000000000,num,null,102,null
TriggerRate,1716696934000000000,num,null,102,null
TriggerRate,1716696994000000000,num,null,102,null
TriggerRate,1716697054000000000,num,null,102,null
TriggerRate,1716697114000000000,num,null,102,null
TriggerRate,1716697174000000000,num,null,102,null
TriggerRate,1716697234000000000,num,null,102,null
TriggerRate,1716697294000000000,num,null,102,null
TriggerRate,1716697354000000000,num,null,102,null
TriggerRate,1716697414000000000,num,null,102,null
TriggerRate,1716697474000000000,num,null,102,null
TriggerRate,1716697534000000000,num,null,102,null
TriggerRate,1716697594000000000,num,null,102,null
TriggerRate,1716697654000000000,num,null,102,null
TriggerRate,1716700594000000000,num,null,0,null
TriggerRate,1716700654000000000,num,null,102,null
TriggerRate,1716700714000000000,num,null,102,null
TriggerRate,1716700774000000000,num,null,102,null
TriggerRate,1716700834000000000,num,null,102,null
TriggerRate,1716700894000000000,num,null,102,null
TriggerRate,1716700954000000000,num,null,102,null
TriggerRate,1716701014000000000,num,null,102,null
TriggerRate,1716701074000000000,num,null,102,null
TriggerRate,1716701134000000000,num,null,102,null
TriggerRate,1716701194000000000,num,null,102,null
TriggerRate,1716701254000000000,num,null,102,null
TriggerRate,1716701314000000000,num,null,102,null
TriggerRate,1716701374000000000,num,null,102,null
TriggerRate,1716701434000000000,num,null,102,null
TriggerRate,1716701494000000000,num,null,102,null
TriggerRate,1716701554000000000,num,null,102,null
TriggerRate,1716701614000000000,num,null,102,null
TriggerRate,1716701674000000000,num,null,102,null
TriggerRate,1716701734000000000,num,null,102,null
TriggerRate,1716701794000000000,num,null,102,null
TriggerRate,1716701854000000000,num,null,102,null
TriggerRate,1716701914000000000,num,null,102,null
TriggerRate,1716701974000000000,num,null,103,null
TriggerRate,1716702034000000000,num,null,103,null
TriggerRate,1716702094000000000,num,null,102,null
TriggerRate,1716702154000000000,num,null,102,null
TriggerRate,1716702214000000000,num,null,102,null
TriggerRate,1716702274000000000,num,null,102,null
TriggerRate,1716702334000000000,num,null,102,null
TriggerRate,1716702394000000000,num,null,102,null
TriggerRate,1716702454000000000,num,null,102,null
TriggerRate,1716702514000000000,num,null,102,null
TriggerRate,1716702574000000000,num,null,102,null
TriggerRate,1716702634000000000,num,null,102,null
TriggerRate,1716702694000000000,num,null,102,null
TriggerRate,1716702754000000000,num,null,102,null
TriggerRate,1716702814000000000,num,null,102,null
TriggerRate,1716702874000000000,num,null,102,null
TriggerRate,1716702934000000000,num,null,102,null
TriggerRate,1716702994000000000,num,null,102,null
TriggerRate,1716703054000000000,num,null,102,null
TriggerRate,1716703114000000000,num,null,102,null
TriggerRate,1716703174000000000,num,null,102,null
TriggerRate,1716703234000000000,num,null,102,null
TriggerRate,1716703294000000000,num,null,102,null
TriggerRate,1716703354000000000,num,null,102,null
TriggerRate,1716705154000000000,num,null,13,null
TriggerRate,1716705214000000000,num,null,65535,null
TriggerRate,1716705274000000000,num,null,65535,null
TriggerRate,1716705334000000000,num,null,102,null
TriggerRate,1716705394000000000,num,null,102,null
TriggerRate,1716705454000000000,num,null,102,null
TriggerRate,1716705514000000000,num,null,102,null
TriggerRate,1716705574000000000,num,null,102,null
TriggerRate,1716705634000000000,num,null,102,null
TriggerRate,1716705694000000000,num,null,102,null
TriggerRate,1716705754000000000,num,null,102,null
TriggerRate,1716705814000000000,num,null,102,null
TriggerRate,1716705874000000000,num,null,102,null
TriggerRate,1716705934000000000,num,null,102,null
TriggerRate,1716705994000000000,num,null,102,null
TriggerRate,1716706054000000000,num,null,102,null
TriggerRate,1716706114000000000,num,null,102,null
TriggerRate,1716706174000000000,num,null,102,null
TriggerRate,1716706234000000000,num,null,102,null
TriggerRate,1716706294000000000,num,null,102,null
TriggerRate,1716706354000000000,num,null,102,null
TriggerRate,1716706414000000000,num,null,102,null
TriggerRate,1716706474000000000,num,null,102,null
TriggerRate,1716706534000000000,num,null,103,null
TriggerRate,1716706594000000000,num,null,103,null
TriggerRate,1716706654000000000,num,null,102,null
TriggerRate,1716706714000000000,num,null,102,null
TriggerRate,1716706774000000000,num,null,102,null
TriggerRate,1716706834000000000,num,null,102,null
TriggerRate,1716706894000000000,num,null,102,null
TriggerRate,1716706954000000000,num,null,102,null
TriggerRate,1716707014000000000,num,null,102,null
TriggerRate,1716707074000000000,num,null,102,null
TriggerRate,1716707134000000000,num,null,102,null
TriggerRate,1716707164000000000,num,null,102,null
TriggerRate,1716707434000000000,num,null,56,null
TriggerRate,1716707494000000000,num,null,65535,null
TriggerRate,1716707554000000000,num,null,65535,null
TriggerRate,1716707614000000000,num,null,102,null
TriggerRate,1716707674000000000,num,null,102,null
TriggerRate,1716707734000000000,num,null,102,null
TriggerRate,1716707794000000000,num,null,102,null
TriggerRate,1716707854000000000,num,null,102,null
TriggerRate,1716707914000000000,num,null,102,null
TriggerRate,1716707974000000000,num,null,102,null
TriggerRate,1716708034000000000,num,null,102,null
TriggerRate,1716708094000000000,num,null,102,null
TriggerRate,1716708154000000000,num,null,102,null
TriggerRate,1716708214000000000,num,null,102,null
TriggerRate,1716708244000000000,num,null,102,null
TriggerRate,1716842561000000000,num,null,102,null
TriggerRate,1716842621000000000,num,null,102,null
TriggerRate,1716843161000000000,num,null,102,null
TriggerRate,1716843221000000000,num,null,102,null
TriggerRate,1716843341000000000,num,null,102,null
TriggerRate,1716843371000000000,num,null,102,null
TriggerRate,1716843521000000000,num,null,102,null
TriggerRate,1716843581000000000,num,null,102,null
TriggerRate,1716843641000000000,num,null,102,null
TriggerRate,1716843671000000000,num,null,102,null
TriggerRate,1716843821000000000,num,null,102,null
TriggerRate,1716843881000000000,num,null,102,null
TriggerRate,1716843911000000000,num,null,102,null
TriggerRate,1716844001000000000,num,null,102,null
TriggerRate,1716844061000000000,num,null,102,null
TriggerRate,1716844121000000000,num,null,102,null
TriggerRate,1716844181000000000,num,null,102,null
TriggerRate,1716844211000000000,num,null,80,null
TriggerRate,1716844481000000000,num,null,65535,null
TriggerRate,1716844541000000000,num,null,65535,null
TriggerRate,1716844601000000000,num,null,103,null
TriggerRate,1716844661000000000,num,null,103,null
TriggerRate,1716844721000000000,num,null,103,null
TriggerRate,1716844781000000000,num,null,103,null
TriggerRate,1716844841000000000,num,null,103,null
TriggerRate,1716844901000000000,num,null,103,null
TriggerRate,1716844961000000000,num,null,103,null
TriggerRate,1716845021000000000,num,null,103,null
TriggerRate,1716845081000000000,num,null,103,null
TriggerRate,1716845141000000000,num,null,103,null
TriggerRate,1716845201000000000,num,null,103,null
TriggerRate,1716845261000000000,num,null,103,null
TriggerRate,1716845321000000000,num,null,103,null
TriggerRate,1716845381000000000,num,null,103,null
TriggerRate,1716845441000000000,num,null,103,null
TriggerRate,1716845501000000000,num,null,103,null
TriggerRate,1716845561000000000,num,null,103,null
TriggerRate,1716845621000000000,num,null,103,null
TriggerRate,1716845681000000000,num,null,103,null
TriggerRate,1716845741000000000,num,null,103,null
TriggerRate,1716845801000000000,num,null,103,null
TriggerRate,1716845861000000000,num,null,103,null
TriggerRate,1716846161000000000,num,null,103,null
TriggerRate,1716846221000000000,num,null,103,null
TriggerRate,1716846281000000000,num,null,103,null
TriggerRate,1716846341000000000,num,null,103,null
TriggerRate,1716846401000000000,num,null,103,null
TriggerRate,1716846461000000000,num,null,103,null
TriggerRate,1716846491000000000,num,null,103,null
TriggerRate,1716846581000000000,num,null,103,null
TriggerRate,1716846641000000000,num,null,103,null
TriggerRate,1716846701000000000,num,null,103,null
TriggerRate,1716846761000000000,num,null,103,null
TriggerRate,1716846821000000000,num,null,103,null
TriggerRate,1716846881000000000,num,null,103,null
TriggerRate,1716846941000000000,num,null,103,null
TriggerRate,1716847001000000000,num,null,103,null
TriggerRate,1716847061000000000,num,null,103,null
TriggerRate,1716847181000000000,num,null,103,null
TriggerRate,1716850301000000000,num,null,54,null
TriggerRate,1716850361000000000,num,null,54,null
TriggerRate,1716850421000000000,num,null,54,null
TriggerRate,1716850481000000000,num,null,54,null
TriggerRate,1716850601000000000,num,null,54,null
TriggerRate,1716850661000000000,num,null,54,null
TriggerRate,1716850721000000000,num,null,54,null
TriggerRate,1716850781000000000,num,null,54,null
TriggerRate,1716851321000000000,num,null,102,null
TriggerRate,1716851381000000000,num,null,102,null
TriggerRate,1716851441000000000,num,null,102,null
TriggerRate,1716851501000000000,num,null,102,null
TriggerRate,1716851561000000000,num,null,102,null
TriggerRate,1716851621000000000,num,null,102,null
TriggerRate,1716851681000000000,num,null,102,null
TriggerRate,1716851741000000000,num,null,102,null
TriggerRate,1716851801000000000,num,null,102,null
TriggerRate,1716851861000000000,num,null,102,null
TriggerRate,1716851921000000000,num,null,102,null
TriggerRate,1716851951000000000,num,null,102,null
TriggerRate,1716852341000000000,num,null,60,null
TriggerRate,1716852401000000000,num,null,60,null
TriggerRate,1716852461000000000,num,null,60,null
TriggerRate,1716852521000000000,num,null,60,null
TriggerRate,1716852581000000000,num,null,60,null
TriggerRate,1716852641000000000,num,null,60,null
TriggerRate,1716852701000000000,num,null,60,null
TriggerRate,1716852761000000000,num,null,60,null
TriggerRate,1716852821000000000,num,null,60,null
TriggerRate,1716852881000000000,num,null,60,null
TriggerRate,1716852941000000000,num,null,60,null
TriggerRate,1716853001000000000,num,null,60,null
TriggerRate,1716853061000000000,num,null,60,null
TriggerRate,1716853091000000000,num,null,60,null
TriggerRate,1716853481000000000,num,null,102,null
TriggerRate,1716853541000000000,num,null,102,null
TriggerRate,1716853601000000000,num,null,102,null
TriggerRate,1716853661000000000,num,null,102,null
TriggerRate,1716853721000000000,num,null,102,null
TriggerRate,1716853781000000000,num,null,102,null
TriggerRate,1716853841000000000,num,null,102,null
TriggerRate,1716853901000000000,num,null,102,null
TriggerRate,1716853961000000000,num,null,102,null
TriggerRate,1716854021000000000,num,null,102,null
TriggerRate,1716854051000000000,num,null,102,null
TriggerRate,1716854171000000000,num,null,16,null
TriggerRate,1716857870000000000,num,null,0,null
TriggerRate,1716857930000000000,num,null,0,null
TriggerRate,1716857960000000000,num,null,0,null
TriggerRate,1716858050000000000,num,null,0,null
TriggerRate,1716858110000000000,num,null,0,null
TriggerRate,1716858350000000000,num,null,0,null
TriggerRate,1716858410000000000,num,null,0,null
TriggerRate,1716858530000000000,num,null,0,null
TriggerRate,1716858590000000000,num,null,0,null
TriggerRate,1716858650000000000,num,null,0,null
TriggerRate,1716858710000000000,num,null,0,null
TriggerRate,1716859310000000000,num,null,0,null
TriggerRate,1716859370000000000,num,null,0,null
TriggerRate,1716859430000000000,num,null,0,null
TriggerRate,1716859490000000000,num,null,108,null
TriggerRate,1716859550000000000,num,null,108,null
TriggerRate,1716859610000000000,num,null,102,null
TriggerRate,1716859670000000000,num,null,102,null
TriggerRate,1716859730000000000,num,null,102,null
TriggerRate,1716859790000000000,num,null,102,null
TriggerRate,1716859850000000000,num,null,102,null
TriggerRate,1716859910000000000,num,null,102,null
TriggerRate,1716859970000000000,num,null,102,null
TriggerRate,1716860030000000000,num,null,61,null
TriggerRate,1716860090000000000,num,null,61,null
TriggerRate,1716860150000000000,num,null,61,null
TriggerRate,1716860210000000000,num,null,61,null
TriggerRate,1716860270000000000,num,null,61,null
TriggerRate,1716860330000000000,num,null,61,null
TriggerRate,1716860390000000000,num,null,61,null
TriggerRate,1716860450000000000,num,null,61,null
TriggerRate,1716860510000000000,num,null,61,null
TriggerRate,1716860570000000000,num,null,61,null
TriggerRate,1716860630000000000,num,null,61,null
TriggerRate,1716860690000000000,num,null,61,null
TriggerRate,1716860720000000000,num,null,61,null
TriggerRate,1716860810000000000,num,null,61,null
TriggerRate,1716860870000000000,num,null,61,null
TriggerRate,1716860930000000000,num,null,123,null
TriggerRate,1716860990000000000,num,null,123,null
TriggerRate,1716861050000000000,num,null,102,null
TriggerRate,1716861110000000000,num,null,102,null
TriggerRate,1716861170000000000,num,null,102,null
TriggerRate,1716861230000000000,num,null,102,null
TriggerRate,1716861290000000000,num,null,102,null
TriggerRate,1716861350000000000,num,null,102,null
TriggerRate,1716861410000000000,num,null,102,null
TriggerRate,1716861470000000000,num,null,102,null
TriggerRate,1716861530000000000,num,null,102,null
TriggerRate,1716861590000000000,num,null,102,null
TriggerRate,1716861650000000000,num,null,102,null
TriggerRate,1716861710000000000,num,null,102,null
TriggerRate,1716861770000000000,num,null,102,null
TriggerRate,1716861830000000000,num,null,102,null
TriggerRate,1716861890000000000,num,null,102,null
TriggerRate,1716861950000000000,num,null,102,null
TriggerRate,1716862010000000000,num,null,102,null
TriggerRate,1716862070000000000,num,null,102,null
TriggerRate,1716862130000000000,num,null,102,null
TriggerRate,1716862190000000000,num,null,102,null
TriggerRate,1716862250000000000,num,null,102,null
TriggerRate,1716862310000000000,num,null,102,null
TriggerRate,1716862370000000000,num,null,102,null
TriggerRate,1716862430000000000,num,null,102,null
TriggerRate,1716862490000000000,num,null,102,null
TriggerRate,1716862550000000000,num,null,58,null
TriggerRate,1716863860000000000,num,null,0,null
TriggerRate,1716863920000000000,num,null,39,null
TriggerRate,1716863980000000000,num,null,39,null
TriggerRate,1716864040000000000,num,null,103,null
TriggerRate,1716864100000000000,num,null,103,null
TriggerRate,1716864160000000000,num,null,103,null
TriggerRate,1716864220000000000,num,null,103,null
TriggerRate,1716864280000000000,num,null,103,null
TriggerRate,1716864340000000000,num,null,103,null
TriggerRate,1716864400000000000,num,null,103,null
TriggerRate,1716864460000000000,num,null,103,null
TriggerRate,1716864520000000000,num,null,103,null
TriggerRate,1716864550000000000,num,null,103,null
TriggerRate,1716867580000000000,num,null,102,null
TriggerRate,1716867640000000000,num,null,102,null
TriggerRate,1716867700000000000,num,null,102,null
TriggerRate,1716867760000000000,num,null,102,null
TriggerRate,1716867820000000000,num,null,102,null
TriggerRate,1716867880000000000,num,null,102,null
TriggerRate,1716867940000000000,num,null,102,null
TriggerRate,1716868000000000000,num,null,102,null
TriggerRate,1716868060000000000,num,null,102,null
TriggerRate,1716868120000000000,num,null,102,null
TriggerRate,1716868180000000000,num,null,102,null
TriggerRate,1716868240000000000,num,null,102,null
TriggerRate,1716868300000000000,num,null,102,null
TriggerRate,1716868360000000000,num,null,102,null
TriggerRate,1716868420000000000,num,null,102,null
TriggerRate,1716868480000000000,num,null,102,null
TriggerRate,1716868540000000000,num,null,102,null
TriggerRate,1716868600000000000,num,null,102,null
TriggerRate,1716868660000000000,num,null,102,null
TriggerRate,1716868720000000000,num,null,102,null
TriggerRate,1716868780000000000,num,null,102,null
TriggerRate,1716868840000000000,num,null,102,null
TriggerRate,1716868900000000000,num,null,102,null
TriggerRate,1716868960000000000,num,null,102,null
TriggerRate,1716869020000000000,num,null,102,null
TriggerRate,1716869080000000000,num,null,102,null
TriggerRate,1716869140000000000,num,null,102,null
TriggerRate,1716869200000000000,num,null,102,null
TriggerRate,1716869260000000000,num,null,102,null
TriggerRate,1716869320000000000,num,null,102,null
TriggerRate,1716869380000000000,num,null,102,null
TriggerRate,1716869440000000000,num,null,102,null
TriggerRate,1716869500000000000,num,null,102,null
TriggerRate,1716869560000000000,num,null,102,null
TriggerRate,1716869620000000000,num,null,102,null
TriggerRate,1716869680000000000,num,null,102,null
TriggerRate,1716869740000000000,num,null,102,null
TriggerRate,1716869800000000000,num,null,102,null
TriggerRate,1716869860000000000,num,null,102,null
TriggerRate,1716869920000000000,num,null,102,null
TriggerRate,1716869980000000000,num,null,102,null
TriggerRate,1716870040000000000,num,null,102,null
TriggerRate,1716870100000000000,num,null,102,null
TriggerRate,1716870160000000000,num,null,102,null
TriggerRate,1716870220000000000,num,null,102,null
TriggerRate,1716870280000000000,num,null,102,null
TriggerRate,1716870340000000000,num,null,102,null
TriggerRate,1716870400000000000,num,null,102,null
TriggerRate,1716870460000000000,num,null,102,null
TriggerRate,1716870520000000000,num,null,102,null
TriggerRate,1716870580000000000,num,null,102,null
TriggerRate,1716870640000000000,num,null,102,null
TriggerRate,1716870700000000000,num,null,102,null
TriggerRate,1716870760000000000,num,null,102,null
TriggerRate,1716870820000000000,num,null,102,null
TriggerRate,1716870880000000000,num,null,102,null
TriggerRate,1716870940000000000,num,null,102,null
TriggerRate,1716871000000000000,num,null,102,null
TriggerRate,1716871060000000000,num,null,102,null
TriggerRate,1716871120000000000,num,null,102,null
TriggerRate,1716871180000000000,num,null,102,null
TriggerRate,1716871240000000000,num,null,102,null
TriggerRate,1716871300000000000,num,null,102,null
TriggerRate,1716871360000000000,num,null,102,null
TriggerRate,1716871420000000000,num,null,102,null
TriggerRate,1716871480000000000,num,null,102,null
TriggerRate,1716871540000000000,num,null,102,null
TriggerRate,1716871600000000000,num,null,102,null
TriggerRate,1716871660000000000,num,null,102,null
TriggerRate,1716871720000000000,num,null,102,null
TriggerRate,1716871780000000000,num,null,102,null
TriggerRate,1716871840000000000,num,null,102,null
TriggerRate,1716871900000000000,num,null,102,null
TriggerRate,1716871960000000000,num,null,102,null
TriggerRate,1716872020000000000,num,null,102,null
TriggerRate,1716872080000000000,num,null,102,null
TriggerRate,1716872140000000000,num,null,102,null
TriggerRate,1716872200000000000,num,null,102,null
TriggerRate,1716872260000000000,num,null,102,null
TriggerRate,1716872320000000000,num,null,102,null
TriggerRate,1716872380000000000,num,null,102,null
TriggerRate,1716872440000000000,num,null,102,null
TriggerRate,1716872500000000000,num,null,102,null
TriggerRate,1716872560000000000,num,null,102,null
TriggerRate,1716872620000000000,num,null,102,null
TriggerRate,1716872680000000000,num,null,102,null
TriggerRate,1716872740000000000,num,null,102,null
TriggerRate,1716872800000000000,num,null,102,null
TriggerRate,1716872860000000000,num,null,102,null
TriggerRate,1716872920000000000,num,null,102,null
TriggerRate,1716872980000000000,num,null,102,null
TriggerRate,1716873040000000000,num,null,102,null
TriggerRate,1716873100000000000,num,null,102,null
TriggerRate,1716873160000000000,num,null,102,null
TriggerRate,1716873220000000000,num,null,102,null
TriggerRate,1716873280000000000,num,null,102,null
TriggerRate,1716873340000000000,num,null,102,null
TriggerRate,1716873400000000000,num,null,102,null
TriggerRate,1716873460000000000,num,null,102,null
TriggerRate,1716873520000000000,num,null,102,null
TriggerRate,1716873580000000000,num,null,102,null
TriggerRate,1716873640000000000,num,null,102,null
TriggerRate,1716873700000000000,num,null,102,null
TriggerRate,1716873760000000000,num,null,102,null
TriggerRate,1716873820000000000,num,null,102,null
TriggerRate,1716873880000000000,num,null,102,null
TriggerRate,1716873940000000000,num,null,102,null
TriggerRate,1716874000000000000,num,null,102,null
TriggerRate,1716874060000000000,num,null,102,null
TriggerRate,1716874120000000000,num,null,102,null
TriggerRate,1716874180000000000,num,null,102,null
TriggerRate,1716874240000000000,num,null,102,null
TriggerRate,1716874300000000000,num,null,102,null
TriggerRate,1716874360000000000,num,null,102,null
TriggerRate,1716874420000000000,num,null,102,null
TriggerRate,1716874480000000000,num,null,102,null
TriggerRate,1716874540000000000,num,null,102,null
TriggerRate,1716874600000000000,num,null,102,null
TriggerRate,1716874660000000000,num,null,102,null
TriggerRate,1716874720000000000,num,null,102,null
TriggerRate,1716874780000000000,num,null,102,null
TriggerRate,1716874840000000000,num,null,102,null
TriggerRate,1716874900000000000,num,null,102,null
TriggerRate,1716874960000000000,num,null,102,null
TriggerRate,1716875020000000000,num,null,102,null
TriggerRate,1716875080000000000,num,null,102,null
TriggerRate,1716875140000000000,num,null,102,null
TriggerRate,1716875200000000000,num,null,102,null
TriggerRate,1716875260000000000,num,null,102,null
TriggerRate,1716875320000000000,num,null,102,null
TriggerRate,1716875380000000000,num,null,102,null
TriggerRate,1716875440000000000,num,null,102,null
TriggerRate,1716875500000000000,num,null,102,null
TriggerRate,1716875560000000000,num,null,102,null
TriggerRate,1716875620000000000,num,null,102,null
TriggerRate,1716875680000000000,num,null,102,null
TriggerRate,1716875740000000000,num,null,102,null
TriggerRate,1716875800000000000,num,null,102,null
TriggerRate,1716875860000000000,num,null,102,null
TriggerRate,1716875920000000000,num,null,102,null
TriggerRate,1716875980000000000,num,null,102,null
TriggerRate,1716876040000000000,num,null,92,null
TriggerRate,1716876070000000000,num,null,92,null
TriggerRate,1716915888000000000,num,null,0,null
TriggerRate,1716915948000000000,num,null,0,null
TriggerRate,1716916128000000000,num,null,0,null
TriggerRate,1716916188000000000,num,null,0,null
TriggerRate,1716916308000000000,num,null,0,null
TriggerRate,1716916368000000000,num,null,0,null
TriggerRate,1716916968000000000,num,null,0,null
TriggerRate,1716917028000000000,num,null,0,null
TriggerRate,1716917088000000000,num,null,0,null
TriggerRate,1716917148000000000,num,null,49,null
TriggerRate,1716917208000000000,num,null,49,null
TriggerRate,1716917268000000000,num,null,103,null
TriggerRate,1716917328000000000,num,null,86,null
TriggerRate,1716917388000000000,num,null,86,null
TriggerRate,1716917448000000000,num,null,86,null
TriggerRate,1716917508000000000,num,null,86,null
TriggerRate,1716917568000000000,num,null,86,null
TriggerRate,1716917628000000000,num,null,86,null
TriggerRate,1716917688000000000,num,null,86,null
TriggerRate,1716917748000000000,num,null,86,null
TriggerRate,1716917808000000000,num,null,86,null
TriggerRate,1716917868000000000,num,null,86,null
TriggerRate,1716917928000000000,num,null,86,null
TriggerRate,1716917988000000000,num,null,86,null
TriggerRate,1716918048000000000,num,null,86,null
TriggerRate,1716918108000000000,num,null,86,null
TriggerRate,1716918168000000000,num,null,86,null
TriggerRate,1716918228000000000,num,null,86,null
TriggerRate,1716918288000000000,num,null,86,null
TriggerRate,1716918348000000000,num,null,86,null
TriggerRate,1716919128000000000,num,null,86,null
TriggerRate,1716919188000000000,num,null,86,null
TriggerRate,1716919248000000000,num,null,86,null
TriggerRate,1716919308000000000,num,null,65535,null
TriggerRate,1716919368000000000,num,null,65535,null
TriggerRate,1716919428000000000,num,null,1023,null
TriggerRate,1716919488000000000,num,null,1023,null
TriggerRate,1716919548000000000,num,null,1023,null
TriggerRate,1716919608000000000,num,null,1023,null
TriggerRate,1716919668000000000,num,null,1023,null
TriggerRate,1716919728000000000,num,null,1023,null
TriggerRate,1716919788000000000,num,null,1023,null
TriggerRate,1716919848000000000,num,null,1023,null
TriggerRate,1716919908000000000,num,null,1023,null
TriggerRate,1716919968000000000,num,null,1023,null
TriggerRate,1716920028000000000,num,null,1023,null
TriggerRate,1716920088000000000,num,null,1023,null
TriggerRate,1716920148000000000,num,null,1023,null
TriggerRate,1716920208000000000,num,null,1023,null
TriggerRate,1716920268000000000,num,null,1023,null
TriggerRate,1716920328000000000,num,null,1023,null
TriggerRate,1716920388000000000,num,null,1023,null
TriggerRate,1716920448000000000,num,null,1023,null
TriggerRate,1716920508000000000,num,null,1023,null
TriggerRate,1716920568000000000,num,null,1023,null
TriggerRate,1716920598000000000,num,null,1023,null
TriggerRate,1716920688000000000,num,null,338,null
TriggerRate,1716927222000000000,num,null,65535,null
TriggerRate,1716927282000000000,num,null,12,null
TriggerRate,1716927342000000000,num,null,12,null
TriggerRate,1716927402000000000,num,null,12,null
TriggerRate,1716927462000000000,num,null,12,null
TriggerRate,1716927522000000000,num,null,12,null
TriggerRate,1716927582000000000,num,null,8,null
TriggerRate,1716933584000000000,num,null,0,null
TriggerRate,1716933614000000000,num,null,0,null
TriggerRate,1716933704000000000,num,null,0,null
TriggerRate,1716933734000000000,num,null,0,null
TriggerRate,1716933884000000000,num,null,0,null
TriggerRate,1716933944000000000,num,null,30,null
TriggerRate,1716933974000000000,num,null,30,null
TriggerRate,1716934244000000000,num,null,65535,null
TriggerRate,1716934304000000000,num,null,3023,null
TriggerRate,1716934364000000000,num,null,3023,null
TriggerRate,1716934424000000000,num,null,3023,null
TriggerRate,1716934484000000000,num,null,3023,null
TriggerRate,1716934544000000000,num,null,3023,null
TriggerRate,1716934604000000000,num,null,3023,null
TriggerRate,1716934664000000000,num,null,3023,null
TriggerRate,1716934724000000000,num,null,3023,null
TriggerRate,1716934784000000000,num,null,3023,null
TriggerRate,1716934844000000000,num,null,3023,null
TriggerRate,1716934904000000000,num,null,3023,null
TriggerRate,1716934964000000000,num,null,3023,null
TriggerRate,1716935024000000000,num,null,3023,null
TriggerRate,1716935084000000000,num,null,3023,null
TriggerRate,1716935144000000000,num,null,3023,null
TriggerRate,1716935204000000000,num,null,3023,null
TriggerRate,1716935264000000000,num,null,3023,null
TriggerRate,1716935324000000000,num,null,3023,null
TriggerRate,1716935384000000000,num,null,3023,null
TriggerRate,1716935444000000000,num,null,3023,null
TriggerRate,1716935504000000000,num,null,3023,null
TriggerRate,1716935564000000000,num,null,3023,null
TriggerRate,1716935624000000000,num,null,3023,null
TriggerRate,1716935684000000000,num,null,3023,null
TriggerRate,1716935744000000000,num,null,3023,null
TriggerRate,1716935804000000000,num,null,3023,null
TriggerRate,1716935864000000000,num,null,3023,null
TriggerRate,1716935924000000000,num,null,3023,null
TriggerRate,1716935984000000000,num,null,3023,null
TriggerRate,1716936044000000000,num,null,3023,null
TriggerRate,1716936104000000000,num,null,3023,null
TriggerRate,1716936164000000000,num,null,3023,null
TriggerRate,1716936224000000000,num,null,3023,null
TriggerRate,1716936284000000000,num,null,2988,null
TriggerRate,1716936344000000000,num,null,3023,null
TriggerRate,1716936404000000000,num,null,3023,null
TriggerRate,1716936464000000000,num,null,3023,null
TriggerRate,1716936524000000000,num,null,3023,null
TriggerRate,1716936584000000000,num,null,3023,null
TriggerRate,1716936644000000000,num,null,3023,null
TriggerRate,1716936704000000000,num,null,3023,null
TriggerRate,1716936764000000000,num,null,3023,null
TriggerRate,1716936824000000000,num,null,3023,null
TriggerRate,1716936884000000000,num,null,3023,null
TriggerRate,1716936944000000000,num,null,3023,null
TriggerRate,1716937004000000000,num,null,3023,null
TriggerRate,1716937064000000000,num,null,3023,null
TriggerRate,1716937124000000000,num,null,3023,null
TriggerRate,1716937184000000000,num,null,3023,null
TriggerRate,1716937244000000000,num,null,3023,null
TriggerRate,1716937304000000000,num,null,3023,null
TriggerRate,1716937364000000000,num,null,3023,null
TriggerRate,1716937424000000000,num,null,3023,null
TriggerRate,1716937484000000000,num,null,3023,null
TriggerRate,1716937544000000000,num,null,3024,null
TriggerRate,1716937604000000000,num,null,3024,null
TriggerRate,1716937664000000000,num,null,3024,null
TriggerRate,1716937724000000000,num,null,3024,null
TriggerRate,1716937784000000000,num,null,3024,null
TriggerRate,1716937844000000000,num,null,3024,null
TriggerRate,1716937904000000000,num,null,3024,null
TriggerRate,1716937964000000000,num,null,3024,null
TriggerRate,1716938024000000000,num,null,3024,null
TriggerRate,1716938084000000000,num,null,3024,null
TriggerRate,1716938144000000000,num,null,3024,null
TriggerRate,1716938204000000000,num,null,3024,null
TriggerRate,1716938264000000000,num,null,3024,null
TriggerRate,1716938324000000000,num,null,3024,null
TriggerRate,1716938384000000000,num,null,3024,null
TriggerRate,1716938444000000000,num,null,3024,null
TriggerRate,1716938504000000000,num,null,3024,null
TriggerRate,1716938564000000000,num,null,3024,null
TriggerRate,1716938624000000000,num,null,3024,null
TriggerRate,1716938684000000000,num,null,3024,null
TriggerRate,1716938744000000000,num,null,3024,null
TriggerRate,1716938804000000000,num,null,3024,null
TriggerRate,1716938864000000000,num,null,3024,null
TriggerRate,1716938924000000000,num,null,3024,null
TriggerRate,1716938984000000000,num,null,3024,null
TriggerRate,1716939044000000000,num,null,3024,null
TriggerRate,1716939104000000000,num,null,3024,null
TriggerRate,1716939164000000000,num,null,3024,null
TriggerRate,1716939224000000000,num,null,3024,null
TriggerRate,1716939284000000000,num,null,3024,null
TriggerRate,1716939344000000000,num,null,3024,null
TriggerRate,1716939404000000000,num,null,3024,null
TriggerRate,1716939464000000000,num,null,3024,null
TriggerRate,1716939524000000000,num,null,3024,null
TriggerRate,1716939584000000000,num,null,3024,null
TriggerRate,1716939644000000000,num,null,3024,null
TriggerRate,1716939704000000000,num,null,3024,null
TriggerRate,1716939764000000000,num,null,3024,null
TriggerRate,1716939824000000000,num,null,3024,null
TriggerRate,1716939884000000000,num,null,3024,null
TriggerRate,1716939944000000000,num,null,3024,null
TriggerRate,1716940004000000000,num,null,3024,null
TriggerRate,1716940064000000000,num,null,3024,null
TriggerRate,1716940124000000000,num,null,3024,null
TriggerRate,1716940184000000000,num,null,3023,null
TriggerRate,1716940244000000000,num,null,3023,null
TriggerRate,1716940304000000000,num,null,3023,null
TriggerRate,1716940364000000000,num,null,3023,null
TriggerRate,1716940424000000000,num,null,3023,null
TriggerRate,1716940454000000000,num,null,3023,null
TriggerRate,1716940514000000000,num,null,747,null
TriggerRate,1716952242000000000,num,null,0,null
TriggerRate,1716952302000000000,num,null,0,null
TriggerRate,1716952332000000000,num,null,0,null
TriggerRate,1716952422000000000,num,null,0,null
TriggerRate,1716952482000000000,num,null,0,null
TriggerRate,1716952542000000000,num,null,0,null
TriggerRate,1716952602000000000,num,null,31,null
TriggerRate,1716954162000000000,num,null,0,null
TriggerRate,1716954222000000000,num,null,344,null
TriggerRate,1716954282000000000,num,null,344,null
TriggerRate,1716954342000000000,num,null,341,null
TriggerRate,1716954402000000000,num,null,335,null
TriggerRate,1716954462000000000,num,null,337,null
TriggerRate,1716954492000000000,num,null,336,null
TriggerRate,1716956862000000000,num,null,74,null
TriggerRate,1716956922000000000,num,null,65535,null
TriggerRate,1716956982000000000,num,null,248,null
TriggerRate,1716957042000000000,num,null,250,null
TriggerRate,1716957102000000000,num,null,251,null
TriggerRate,1716957162000000000,num,null,249,null
TriggerRate,1716957342000000000,num,null,50,null
TriggerRate,1716957372000000000,num,null,50,null
TriggerRate,1716961542000000000,num,null,0,null
TriggerRate,1716961602000000000,num,null,0,null
TriggerRate,1716963162000000000,num,null,0,null
TriggerRate,1716963222000000000,num,null,65535,null
TriggerRate,1716963282000000000,num,null,3023,null
TriggerRate,1716963342000000000,num,null,3024,null
TriggerRate,1716963402000000000,num,null,3024,null
TriggerRate,1716963462000000000,num,null,3024,null
TriggerRate,1716963522000000000,num,null,3024,null
TriggerRate,1716963582000000000,num,null,3024,null
TriggerRate,1716963612000000000,num,null,3024,null
TriggerRate,1716963762000000000,num,null,3024,null
TriggerRate,1716963822000000000,num,null,3024,null
TriggerRate,1716963882000000000,num,null,3024,null
TriggerRate,1716963942000000000,num,null,3024,null
TriggerRate,1716964002000000000,num,null,3024,null
TriggerRate,1716964062000000000,num,null,3024,null
TriggerRate,1716964122000000000,num,null,3024,null
TriggerRate,1716964152000000000,num,null,3024,null
TriggerRate,1716965802000000000,num,null,65535,null
TriggerRate,1716965862000000000,num,null,3023,null
TriggerRate,1716965922000000000,num,null,3023,null
TriggerRate,1716965982000000000,num,null,3023,null
TriggerRate,1716966042000000000,num,null,3023,null
TriggerRate,1716966102000000000,num,null,3023,null
TriggerRate,1716966162000000000,num,null,3029,null
TriggerRate,1716966222000000000,num,null,3018,null
TriggerRate,1716966282000000000,num,null,3023,null
TriggerRate,1716966342000000000,num,null,3023,null
TriggerRate,1716966402000000000,num,null,3023,null
TriggerRate,1716966462000000000,num,null,3023,null
TriggerRate,1716966522000000000,num,null,3023,null
TriggerRate,1716966582000000000,num,null,3033,null
TriggerRate,1716966642000000000,num,null,3014,null
TriggerRate,1716966702000000000,num,null,3023,null
TriggerRate,1716966762000000000,num,null,3023,null
TriggerRate,1716966822000000000,num,null,3023,null
TriggerRate,1716966882000000000,num,null,3023,null
TriggerRate,1716972462000000000,num,null,24,null
TriggerRate,1716972522000000000,num,null,370,null
TriggerRate,1716972582000000000,num,null,370,null
TriggerRate,1716972642000000000,num,null,368,null
TriggerRate,1716972702000000000,num,null,364,null
TriggerRate,1716972762000000000,num,null,366,null
TriggerRate,1716972822000000000,num,null,370,null
TriggerRate,1716972852000000000,num,null,364,null
TriggerRate,1716973002000000000,num,null,249,null
TriggerRate,1716973062000000000,num,null,65535,null
TriggerRate,1716973092000000000,num,null,362,null
TriggerRate,1716975582000000000,num,null,7,null
TriggerRate,1716975612000000000,num,null,65535,null
TriggerRate,1716977262000000000,num,null,7,null
TriggerRate,1716977322000000000,num,null,31,null
TriggerRate,1717035817000000000,num,null,751,null
TriggerRate,1717035877000000000,num,null,751,null
TriggerRate,1717035937000000000,num,null,751,null
TriggerRate,1717035997000000000,num,null,751,null
TriggerRate,1717039238000000000,num,null,0,null
TriggerRate,1717039268000000000,num,null,0,null
TriggerRate,1717039358000000000,num,null,0,null
TriggerRate,1717039418000000000,num,null,0,null
TriggerRate,1717039478000000000,num,null,0,null
TriggerRate,1717039538000000000,num,null,0,null
TriggerRate,1717039568000000000,num,null,0,null
TriggerRate,1717039718000000000,num,null,1560,null
TriggerRate,1717039748000000000,num,null,1560,null
TriggerRate,1717040018000000000,num,null,1325,null
TriggerRate,1717040078000000000,num,null,65535,null
TriggerRate,1717040108000000000,num,null,3023,null
TriggerRate,1717040198000000000,num,null,1613,null
TriggerRate,1717040258000000000,num,null,1613,null
TriggerRate,1717040318000000000,num,null,1613,null
TriggerRate,1717040378000000000,num,null,1613,null
TriggerRate,1717040438000000000,num,null,1613,null
TriggerRate,1717040498000000000,num,null,1613,null
TriggerRate,1717040558000000000,num,null,1613,null
TriggerRate,1717040618000000000,num,null,1613,null
TriggerRate,1717040678000000000,num,null,1613,null
TriggerRate,1717040738000000000,num,null,1613,null
TriggerRate,1717040798000000000,num,null,1613,null
TriggerRate,1717040858000000000,num,null,1613,null
TriggerRate,1717040918000000000,num,null,1613,null
TriggerRate,1717040978000000000,num,null,1613,null
TriggerRate,1717041038000000000,num,null,1613,null
TriggerRate,1717041098000000000,num,null,1613,null
TriggerRate,1717041158000000000,num,null,1613,null
TriggerRate,1717041218000000000,num,null,1613,null
TriggerRate,1717041278000000000,num,null,1613,null
TriggerRate,1717041398000000000,num,null,65535,null
TriggerRate,1717041428000000000,num,null,65535,null
TriggerRate,1717043738000000000,num,null,1237,null
TriggerRate,1717043798000000000,num,null,65535,null
TriggerRate,1717043858000000000,num,null,3023,null
TriggerRate,1717043888000000000,num,null,3023,null
TriggerRate,1717049007000000000,num,null,0,null
TriggerRate,1717049067000000000,num,null,0,null
TriggerRate,1717049127000000000,num,null,3999,null
TriggerRate,1717049187000000000,num,null,3999,null
TriggerRate,1717049277000000000,num,null,3139,null
TriggerRate,1717050807000000000,num,null,3139,null
TriggerRate,1717050867000000000,num,null,3139,null
TriggerRate,1717050927000000000,num,null,65535,null
TriggerRate,1717050987000000000,num,null,65535,null
TriggerRate,1717051047000000000,num,null,777,null
TriggerRate,1717053447000000000,num,null,83,null
TriggerRate,1717053507000000000,num,null,83,null
TriggerRate,1717053597000000000,num,null,65535,null
TriggerRate,1717055187000000000,num,null,80,null
TriggerRate,1717055247000000000,num,null,11,null
TriggerRate,1717055307000000000,num,null,11,null
TriggerRate,1717055397000000000,num,null,65535,null
TriggerRate,1717055487000000000,num,null,99,null
TriggerRate,1717055547000000000,num,null,99,null
TriggerRate,1717055607000000000,num,null,99,null
TriggerRate,1717055667000000000,num,null,99,null
TriggerRate,1717055757000000000,num,null,99,null
TriggerRate,1717055787000000000,num,null,99,null
TriggerRate,1717055847000000000,num,null,65535,null
TriggerRate,1717055907000000000,num,null,65535,null
TriggerRate,1717055937000000000,num,null,1700,null
TriggerRate,1717057347000000000,num,null,434,null
TriggerRate,1717057407000000000,num,null,434,null
TriggerRate,1717057467000000000,num,null,434,null
TriggerRate,1717057557000000000,num,null,65535,null
TriggerRate,1717057587000000000,num,null,65535,null
TriggerRate,1717063047000000000,num,null,1587,null
TriggerRate,1717063107000000000,num,null,1587,null
TriggerRate,1717063167000000000,num,null,65535,null
TriggerRate,1717063227000000000,num,null,65535,null
TriggerRate,1717116163000000000,num,null,0,null
TriggerRate,1717116223000000000,num,null,0,null
TriggerRate,1717116253000000000,num,null,0,null
TriggerRate,1717116343000000000,num,null,0,null
TriggerRate,1717116403000000000,num,null,137,null
TriggerRate,1717116433000000000,num,null,30,null
TriggerRate,1717116583000000000,num,null,30,null
TriggerRate,1717116643000000000,num,null,30,null
TriggerRate,1717116823000000000,num,null,30,null
TriggerRate,1717116883000000000,num,null,30,null
TriggerRate,1717116913000000000,num,null,30,null
TriggerRate,1717117003000000000,num,null,65535,null
TriggerRate,1717117063000000000,num,null,65535,null
TriggerRate,1717117123000000000,num,null,153,null
TriggerRate,1717117183000000000,num,null,153,null
TriggerRate,1717117243000000000,num,null,153,null
TriggerRate,1717117303000000000,num,null,63,null
TriggerRate,1717117897000000000,num,null,0,null
TriggerRate,1717117957000000000,num,null,79,null
TriggerRate,1717118017000000000,num,null,79,null
TriggerRate,1717118077000000000,num,null,121,null
TriggerRate,1717118137000000000,num,null,121,null
TriggerRate,1717118197000000000,num,null,153,null
TriggerRate,1717118257000000000,num,null,153,null
TriggerRate,1717118317000000000,num,null,153,null
TriggerRate,1717118377000000000,num,null,153,null
TriggerRate,1717118437000000000,num,null,153,null
TriggerRate,1717118497000000000,num,null,153,null
TriggerRate,1717118557000000000,num,null,153,null
TriggerRate,1717118617000000000,num,null,153,null
TriggerRate,1717118677000000000,num,null,153,null
TriggerRate,1717118707000000000,num,null,153,null
TriggerRate,1717119828000000000,num,null,19,null
TriggerRate,1717119888000000000,num,null,19,null
TriggerRate,1717119948000000000,num,null,103,null
TriggerRate,1717120008000000000,num,null,103,null
TriggerRate,1717120068000000000,num,null,103,null
TriggerRate,1717120128000000000,num,null,103,null
TriggerRate,1717120188000000000,num,null,106,null
TriggerRate,1717120248000000000,num,null,106,null
TriggerRate,1717120308000000000,num,null,429,null
TriggerRate,1717120368000000000,num,null,429,null
TriggerRate,1717120428000000000,num,null,154,null
TriggerRate,1717120488000000000,num,null,154,null
TriggerRate,1717120548000000000,num,null,154,null
TriggerRate,1717120608000000000,num,null,154,null
TriggerRate,1717120668000000000,num,null,160,null
TriggerRate,1717120728000000000,num,null,160,null
TriggerRate,1717120788000000000,num,null,615,null
TriggerRate,1717120848000000000,num,null,615,null
TriggerRate,1717120908000000000,num,null,615,null
TriggerRate,1717120968000000000,num,null,615,null
TriggerRate,1717121028000000000,num,null,615,null
TriggerRate,1717121088000000000,num,null,615,null
TriggerRate,1717121148000000000,num,null,615,null
TriggerRate,1717121208000000000,num,null,615,null
TriggerRate,1717121268000000000,num,null,3999,null
TriggerRate,1717121328000000000,num,null,3999,null
TriggerRate,1717121388000000000,num,null,457,null
TriggerRate,1717121448000000000,num,null,457,null
TriggerRate,1717121508000000000,num,null,0,null
TriggerRate,1717121568000000000,num,null,0,null
TriggerRate,1717121628000000000,num,null,3,null
TriggerRate,1717121688000000000,num,null,3,null
TriggerRate,1717121748000000000,num,null,1,null
TriggerRate,1717121808000000000,num,null,1,null
TriggerRate,1717121868000000000,num,null,1,null
TriggerRate,1717121928000000000,num,null,1,null
TriggerRate,1717121988000000000,num,null,0,null
TriggerRate,1717122048000000000,num,null,0,null
TriggerRate,1717122108000000000,num,null,0,null
TriggerRate,1717122168000000000,num,null,0,null
TriggerRate,1717122228000000000,num,null,0,null
TriggerRate,1717122288000000000,num,null,0,null
TriggerRate,1717122348000000000,num,null,0,null
TriggerRate,1717122408000000000,num,null,0,null
TriggerRate,1717122468000000000,num,null,102,null
TriggerRate,1717122528000000000,num,null,102,null
TriggerRate,1717122588000000000,num,null,138,null
TriggerRate,1717122648000000000,num,null,138,null
TriggerRate,1717122708000000000,num,null,614,null
TriggerRate,1717122768000000000,num,null,614,null
TriggerRate,1717122828000000000,num,null,614,null
TriggerRate,1717122888000000000,num,null,614,null
TriggerRate,1717122948000000000,num,null,302,null
TriggerRate,1717123008000000000,num,null,302,null
TriggerRate,1717123068000000000,num,null,741,null
TriggerRate,1717123128000000000,num,null,741,null
TriggerRate,1717123188000000000,num,null,741,null
TriggerRate,1717123248000000000,num,null,741,null
TriggerRate,1717123308000000000,num,null,741,null
TriggerRate,1717123368000000000,num,null,741,null
TriggerRate,1717123428000000000,num,null,34,null
TriggerRate,1717123488000000000,num,null,34,null
TriggerRate,1717123548000000000,num,null,103,null
TriggerRate,1717123608000000000,num,null,103,null
TriggerRate,1717123668000000000,num,null,103,null
TriggerRate,1717123728000000000,num,null,103,null
TriggerRate,1717123788000000000,num,null,588,null
TriggerRate,1717123848000000000,num,null,588,null
TriggerRate,1717123908000000000,num,null,888,null
TriggerRate,1717123968000000000,num,null,888,null
TriggerRate,1717124028000000000,num,null,888,null
TriggerRate,1717124088000000000,num,null,888,null
TriggerRate,1717124148000000000,num,null,888,null
TriggerRate,1717124208000000000,num,null,888,null
TriggerRate,1717124268000000000,num,null,1651,null
TriggerRate,1717124328000000000,num,null,1651,null
TriggerRate,1717124388000000000,num,null,1651,null
TriggerRate,1717124448000000000,num,null,1651,null
TriggerRate,1717124508000000000,num,null,2864,null
TriggerRate,1717124568000000000,num,null,2864,null
TriggerRate,1717124628000000000,num,null,3999,null
TriggerRate,1717124688000000000,num,null,3999,null
TriggerRate,1717124748000000000,num,null,3999,null
TriggerRate,1717124808000000000,num,null,3999,null
TriggerRate,1717124868000000000,num,null,1125,null
TriggerRate,1717124928000000000,num,null,1125,null
TriggerRate,1717124988000000000,num,null,1125,null
TriggerRate,1717125048000000000,num,null,546,null
TriggerRate,1717138132000000000,num,null,0,null
TriggerRate,1717138192000000000,num,null,63,null
TriggerRate,1717138252000000000,num,null,63,null
TriggerRate,1717138912000000000,num,null,491,null
TriggerRate,1717138972000000000,num,null,491,null
TriggerRate,1717139032000000000,num,null,972,null
TriggerRate,1717139092000000000,num,null,972,null
TriggerRate,1717139152000000000,num,null,971,null
TriggerRate,1717139212000000000,num,null,971,null
TriggerRate,1717139272000000000,num,null,970,null
TriggerRate,1717141252000000000,num,null,2420,null
TriggerRate,1717141312000000000,num,null,2420,null
TriggerRate,1717141462000000000,num,null,2420,null
TriggerRate,1717142631000000000,num,null,0,null
TriggerRate,1717142691000000000,num,null,0,null
TriggerRate,1717142751000000000,num,null,114,null
TriggerRate,1717142781000000000,num,null,114,null
TriggerRate,1717143891000000000,num,null,68,null
TriggerRate,1717143951000000000,num,null,65535,null
TriggerRate,1717144011000000000,num,null,65535,null
TriggerRate,1717144071000000000,num,null,102,null
TriggerRate,1717144131000000000,num,null,102,null
TriggerRate,1717144191000000000,num,null,102,null
TriggerRate,1717144251000000000,num,null,102,null
TriggerRate,1717144311000000000,num,null,102,null
TriggerRate,1717144371000000000,num,null,102,null
TriggerRate,1717144431000000000,num,null,102,null
TriggerRate,1717144461000000000,num,null,102,null
TriggerRate,1717146471000000000,num,null,65535,null
TriggerRate,1717146531000000000,num,null,65535,null
TriggerRate,1717146591000000000,num,null,102,null
TriggerRate,1717146621000000000,num,null,102,null
TriggerRate,1717211748000000000,num,null,0,null
TriggerRate,1717211778000000000,num,null,0,null
TriggerRate,1717211928000000000,num,null,0,null
TriggerRate,1717211988000000000,num,null,0,null
TriggerRate,1717212048000000000,num,null,0,null
TriggerRate,1717212108000000000,num,null,0,null
TriggerRate,1717212168000000000,num,null,109,null
TriggerRate,1717212228000000000,num,null,109,null
TriggerRate,1717212288000000000,num,null,102,null
TriggerRate,1717212348000000000,num,null,102,null
TriggerRate,1717212408000000000,num,null,102,null
TriggerRate,1717212468000000000,num,null,102,null
TriggerRate,1717212528000000000,num,null,102,null
TriggerRate,1717212588000000000,num,null,102,null
TriggerRate,1717212648000000000,num,null,102,null
TriggerRate,1717212708000000000,num,null,102,null
TriggerRate,1717212768000000000,num,null,102,null
TriggerRate,1717212828000000000,num,null,102,null
TriggerRate,1717212888000000000,num,null,102,null
TriggerRate,1717212948000000000,num,null,102,null
TriggerRate,1717213008000000000,num,null,102,null
TriggerRate,1717213068000000000,num,null,102,null
TriggerRate,1717213128000000000,num,null,102,null
TriggerRate,1717213188000000000,num,null,102,null
TriggerRate,1717213248000000000,num,null,102,null
TriggerRate,1717213308000000000,num,null,102,null
TriggerRate,1717213368000000000,num,null,102,null
TriggerRate,1717213428000000000,num,null,102,null
TriggerRate,1717213488000000000,num,null,102,null
TriggerRate,1717213548000000000,num,null,102,null
TriggerRate,1717213608000000000,num,null,102,null
TriggerRate,1717213668000000000,num,null,102,null
TriggerRate,1717213728000000000,num,null,102,null
TriggerRate,1717213788000000000,num,null,102,null
TriggerRate,1717213848000000000,num,null,102,null
TriggerRate,1717213908000000000,num,null,102,null
TriggerRate,1717213968000000000,num,null,102,null
TriggerRate,1717214028000000000,num,null,102,null
TriggerRate,1717214088000000000,num,null,102,null
TriggerRate,1717214148000000000,num,null,102,null
TriggerRate,1717214208000000000,num,null,102,null
TriggerRate,1717214268000000000,num,null,102,null
TriggerRate,1717214328000000000,num,null,102,null
TriggerRate,1717214388000000000,num,null,102,null
TriggerRate,1717214448000000000,num,null,102,null
TriggerRate,1717214508000000000,num,null,102,null
TriggerRate,1717214568000000000,num,null,102,null
TriggerRate,1717214628000000000,num,null,102,null
TriggerRate,1717214688000000000,num,null,102,null
TriggerRate,1717214748000000000,num,null,102,null
TriggerRate,1717214808000000000,num,null,102,null
TriggerRate,1717214868000000000,num,null,102,null
TriggerRate,1717214928000000000,num,null,102,null
TriggerRate,1717214988000000000,num,null,102,null
TriggerRate,1717215048000000000,num,null,102,null
TriggerRate,1717215108000000000,num,null,102,null
TriggerRate,1717215168000000000,num,null,102,null
TriggerRate,1717215228000000000,num,null,102,null
TriggerRate,1717215288000000000,num,null,102,null
TriggerRate,1717215348000000000,num,null,102,null
TriggerRate,1717215408000000000,num,null,102,null
TriggerRate,1717215468000000000,num,null,102,null
TriggerRate,1717215528000000000,num,null,102,null
TriggerRate,1717215588000000000,num,null,102,null
TriggerRate,1717215648000000000,num,null,102,null
TriggerRate,1717215708000000000,num,null,102,null
TriggerRate,1717215768000000000,num,null,102,null
TriggerRate,1717215828000000000,num,null,102,null
TriggerRate,1717215888000000000,num,null,102,null
TriggerRate,1717215948000000000,num,null,102,null
TriggerRate,1717216008000000000,num,null,102,null
TriggerRate,1717216068000000000,num,null,102,null
TriggerRate,1717216128000000000,num,null,102,null
TriggerRate,1717216188000000000,num,null,102,null
TriggerRate,1717216248000000000,num,null,102,null
TriggerRate,1717216308000000000,num,null,102,null
TriggerRate,1717216368000000000,num,null,102,null
TriggerRate,1717216428000000000,num,null,102,null
TriggerRate,1717216488000000000,num,null,102,null
TriggerRate,1717216548000000000,num,null,102,null
TriggerRate,1717216608000000000,num,null,102,null
TriggerRate,1717216668000000000,num,null,102,null
TriggerRate,1717216728000000000,num,null,102,null
TriggerRate,1717216788000000000,num,null,102,null
TriggerRate,1717216848000000000,num,null,102,null
TriggerRate,1717216908000000000,num,null,102,null
TriggerRate,1717216968000000000,num,null,102,null
TriggerRate,1717217028000000000,num,null,102,null
TriggerRate,1717217088000000000,num,null,102,null
TriggerRate,1717217148000000000,num,null,102,null
TriggerRate,1717217208000000000,num,null,102,null
TriggerRate,1717217268000000000,num,null,102,null
TriggerRate,1717217328000000000,num,null,7,null
TriggerRate,1717217388000000000,num,null,7,null
TriggerRate,1717217448000000000,num,null,7,null
TriggerRate,1717217508000000000,num,null,7,null
TriggerRate,1717217568000000000,num,null,7,null
TriggerRate,1717217628000000000,num,null,7,null
TriggerRate,1717217688000000000,num,null,7,null
TriggerRate,1717217748000000000,num,null,7,null
TriggerRate,1717217808000000000,num,null,7,null
TriggerRate,1717217868000000000,num,null,7,null
TriggerRate,1717218108000000000,num,null,7,null
TriggerRate,1717218168000000000,num,null,7,null
TriggerRate,1717218228000000000,num,null,7,null
TriggerRate,1717218258000000000,num,null,7,null
TriggerRate,1717218408000000000,num,null,7,null
TriggerRate,1717218438000000000,num,null,7,null
TriggerRate,1717218528000000000,num,null,7,null
TriggerRate,1717218588000000000,num,null,7,null
TriggerRate,1717219297000000000,num,null,0,null
TriggerRate,1717219357000000000,num,null,0,null
TriggerRate,1717219387000000000,num,null,0,null
TriggerRate,1717219537000000000,num,null,0,null
TriggerRate,1717219597000000000,num,null,0,null
TriggerRate,1717219657000000000,num,null,79,null
TriggerRate,1717219717000000000,num,null,79,null
TriggerRate,1717219777000000000,num,null,102,null
TriggerRate,1717219837000000000,num,null,102,null
TriggerRate,1717219897000000000,num,null,102,null
TriggerRate,1717219957000000000,num,null,102,null
TriggerRate,1717220017000000000,num,null,102,null
TriggerRate,1717220047000000000,num,null,102,null
TriggerRate,1717220107000000000,num,null,96,null
TriggerRate,1717220197000000000,num,null,96,null
TriggerRate,1717220257000000000,num,null,96,null
TriggerRate,1717220317000000000,num,null,96,null
TriggerRate,1717220497000000000,num,null,96,null
TriggerRate,1717220557000000000,num,null,96,null
TriggerRate,1717220617000000000,num,null,65535,null
TriggerRate,1717220677000000000,num,null,65535,null
TriggerRate,1717220737000000000,num,null,102,null
TriggerRate,1717220797000000000,num,null,102,null
TriggerRate,1717220857000000000,num,null,102,null
TriggerRate,1717220887000000000,num,null,102,null
TriggerRate,1717220977000000000,num,null,101,null
TriggerRate,1717221037000000000,num,null,101,null
TriggerRate,1717221697000000000,num,null,101,null
TriggerRate,1717221817000000000,num,null,101,null
TriggerRate,1717221847000000000,num,null,101,null
TriggerRate,1717222297000000000,num,null,101,null
TriggerRate,1717222357000000000,num,null,101,null
TriggerRate,1717222417000000000,num,null,65535,null
TriggerRate,1717222477000000000,num,null,65535,null
TriggerRate,1717222537000000000,num,null,102,null
TriggerRate,1717222597000000000,num,null,102,null
TriggerRate,1717222657000000000,num,null,102,null
TriggerRate,1717222717000000000,num,null,102,null
TriggerRate,1717222777000000000,num,null,102,null
TriggerRate,1717222837000000000,num,null,102,null
TriggerRate,1717222897000000000,num,null,102,null
TriggerRate,1717222957000000000,num,null,71,null
TriggerRate,1717385790000000000,num,null,0,null
TriggerRate,1717385850000000000,num,null,0,null
TriggerRate,1717385970000000000,num,null,0,null
TriggerRate,1717386030000000000,num,null,0,null
TriggerRate,1717386090000000000,num,null,0,null
TriggerRate,1717386150000000000,num,null,0,null
TriggerRate,1717386210000000000,num,null,0,null
TriggerRate,1717386300000000000,num,null,0,null
TriggerRate,1717386330000000000,num,null,0,null
TriggerRate,1717386390000000000,num,null,0,null
TriggerRate,1717386450000000000,num,null,0,null
TriggerRate,1717386510000000000,num,null,0,null
TriggerRate,1717386570000000000,num,null,0,null
TriggerRate,1717386630000000000,num,null,0,null
TriggerRate,1717386690000000000,num,null,0,null
TriggerRate,1717386750000000000,num,null,0,null
TriggerRate,1717386810000000000,num,null,0,null
TriggerRate,1717386870000000000,num,null,0,null
TriggerRate,1717386930000000000,num,null,0,null
TriggerRate,1717386990000000000,num,null,0,null
TriggerRate,1717387050000000000,num,null,0,null
TriggerRate,1717387110000000000,num,null,0,null
TriggerRate,1717387170000000000,num,null,0,null
TriggerRate,1717387230000000000,num,null,0,null
TriggerRate,1717387530000000000,num,null,0,null
TriggerRate,1717387560000000000,num,null,0,null
TriggerRate,1717387650000000000,num,null,0,null
TriggerRate,1717387710000000000,num,null,87,null
TriggerRate,1717387770000000000,num,null,87,null
TriggerRate,1717387830000000000,num,null,102,null
TriggerRate,1717387890000000000,num,null,102,null
TriggerRate,1717387950000000000,num,null,102,null
TriggerRate,1717388010000000000,num,null,102,null
TriggerRate,1717388100000000000,num,null,102,null
TriggerRate,1717388130000000000,num,null,102,null
TriggerRate,1717388190000000000,num,null,102,null
TriggerRate,1717388250000000000,num,null,102,null
TriggerRate,1717388310000000000,num,null,102,null
TriggerRate,1717388370000000000,num,null,102,null
TriggerRate,1717388430000000000,num,null,102,null
TriggerRate,1717388490000000000,num,null,102,null
TriggerRate,1717388550000000000,num,null,102,null
TriggerRate,1717388610000000000,num,null,102,null
TriggerRate,1717388670000000000,num,null,102,null
TriggerRate,1717388730000000000,num,null,102,null
TriggerRate,1717388790000000000,num,null,102,null
TriggerRate,1717388850000000000,num,null,102,null
TriggerRate,1717388910000000000,num,null,102,null
TriggerRate,1717388970000000000,num,null,56,null
TriggerRate,1717389000000000000,num,null,56,null
TriggerRate,1717389330000000000,num,null,56,null
TriggerRate,1717389390000000000,num,null,56,null
TriggerRate,1717389450000000000,num,null,56,null
TriggerRate,1717389510000000000,num,null,56,null
TriggerRate,1717389570000000000,num,null,56,null
TriggerRate,1717389630000000000,num,null,56,null
TriggerRate,1717389690000000000,num,null,56,null
TriggerRate,1717389750000000000,num,null,56,null
TriggerRate,1717389810000000000,num,null,56,null
TriggerRate,1717389870000000000,num,null,56,null
TriggerRate,1717389930000000000,num,null,56,null
TriggerRate,1717389990000000000,num,null,56,null
TriggerRate,1717390050000000000,num,null,56,null
TriggerRate,1717390110000000000,num,null,56,null
TriggerRate,1717390200000000000,num,null,56,null
TriggerRate,1717390230000000000,num,null,56,null
TriggerRate,1717390290000000000,num,null,56,null
TriggerRate,1717390350000000000,num,null,56,null
TriggerRate,1717390410000000000,num,null,56,null
TriggerRate,1717390440000000000,num,null,56,null
TriggerRate,1717391068000000000,num,null,0,null
TriggerRate,1717391128000000000,num,null,0,null
TriggerRate,1717391278000000000,num,null,0,null
TriggerRate,1717391308000000000,num,null,0,null
TriggerRate,1717391368000000000,num,null,0,null
TriggerRate,1717391428000000000,num,null,0,null
TriggerRate,1717391488000000000,num,null,0,null
TriggerRate,1717391548000000000,num,null,0,null
TriggerRate,1717391638000000000,num,null,0,null
TriggerRate,1717391668000000000,num,null,0,null
TriggerRate,1717391728000000000,num,null,0,null
TriggerRate,1717391788000000000,num,null,0,null
TriggerRate,1717391848000000000,num,null,0,null
TriggerRate,1717391908000000000,num,null,0,null
TriggerRate,1717392294000000000,num,null,0,null
TriggerRate,1717392324000000000,num,null,0,null
TriggerRate,1717392534000000000,num,null,0,null
TriggerRate,1717392594000000000,num,null,0,null
TriggerRate,1717392654000000000,num,null,0,null
TriggerRate,1717392714000000000,num,null,0,null
TriggerRate,1717392774000000000,num,null,0,null
TriggerRate,1717392834000000000,num,null,0,null
TriggerRate,1717392894000000000,num,null,0,null
TriggerRate,1717392954000000000,num,null,0,null
TriggerRate,1717393014000000000,num,null,0,null
TriggerRate,1717393074000000000,num,null,0,null
TriggerRate,1717393134000000000,num,null,0,null
TriggerRate,1717393194000000000,num,null,0,null
TriggerRate,1717393254000000000,num,null,0,null
TriggerRate,1717393314000000000,num,null,0,null
TriggerRate,1717393374000000000,num,null,0,null
TriggerRate,1717393404000000000,num,null,0,null
TriggerRate,1717433632000000000,num,null,0,null
TriggerRate,1717433662000000000,num,null,0,null
TriggerRate,1717433752000000000,num,null,0,null
TriggerRate,1717433812000000000,num,null,0,null
TriggerRate,1717433872000000000,num,null,0,null
TriggerRate,1717433932000000000,num,null,0,null
TriggerRate,1717433992000000000,num,null,0,null
TriggerRate,1717434052000000000,num,null,0,null
TriggerRate,1717434112000000000,num,null,0,null
TriggerRate,1717434172000000000,num,null,0,null
TriggerRate,1717471495000000000,num,null,0,null
TriggerRate,1717471555000000000,num,null,0,null
TriggerRate,1717471615000000000,num,null,0,null
TriggerRate,1717471675000000000,num,null,0,null
TriggerRate,1717471735000000000,num,null,3085,null
TriggerRate,1717471795000000000,num,null,804,null
TriggerRate,1717471975000000000,num,null,804,null
TriggerRate,1717472035000000000,num,null,804,null
TriggerRate,1717472095000000000,num,null,65535,null
TriggerRate,1717472155000000000,num,null,3024,null
TriggerRate,1717472185000000000,num,null,3024,null
TriggerRate,1717472275000000000,num,null,834,null
TriggerRate,1717472335000000000,num,null,834,null
TriggerRate,1717472395000000000,num,null,834,null
TriggerRate,1717472455000000000,num,null,834,null
TriggerRate,1717472515000000000,num,null,834,null
TriggerRate,1717472575000000000,num,null,834,null
TriggerRate,1717472635000000000,num,null,834,null
TriggerRate,1717472695000000000,num,null,834,null
TriggerRate,1717472755000000000,num,null,834,null
TriggerRate,1717472815000000000,num,null,834,null
TriggerRate,1717472875000000000,num,null,834,null
TriggerRate,1717472905000000000,num,null,834,null
TriggerRate,1717473235000000000,num,null,834,null
TriggerRate,1717473295000000000,num,null,1496,null
TriggerRate,1717473325000000000,num,null,1496,null
TriggerRate,1717473415000000000,num,null,797,null
TriggerRate,1717473475000000000,num,null,797,null
TriggerRate,1717473535000000000,num,null,797,null
TriggerRate,1717473595000000000,num,null,797,null
TriggerRate,1717473655000000000,num,null,797,null
TriggerRate,1717473715000000000,num,null,797,null
TriggerRate,1717474195000000000,num,null,797,null
TriggerRate,1717474255000000000,num,null,1592,null
TriggerRate,1717475561000000000,num,null,0,null
TriggerRate,1717475621000000000,num,null,64,null
TriggerRate,1717475681000000000,num,null,64,null
TriggerRate,1717475711000000000,num,null,64,null
TriggerRate,1717475801000000000,num,null,6,null
TriggerRate,1717476461000000000,num,null,6,null
TriggerRate,1717558120000000000,num,null,0,null
TriggerRate,1717558150000000000,num,null,0,null
TriggerRate,1717558240000000000,num,null,0,null
TriggerRate,1717558300000000000,num,null,0,null
TriggerRate,1717558420000000000,num,null,0,null
TriggerRate,1717558480000000000,num,null,0,null
TriggerRate,1717558540000000000,num,null,0,null
TriggerRate,1717558570000000000,num,null,0,null
TriggerRate,1717558660000000000,num,null,0,null
TriggerRate,1717558720000000000,num,null,0,null
TriggerRate,1717558780000000000,num,null,0,null
TriggerRate,1717558990000000000,num,null,10,null
TriggerRate,1717559920000000000,num,null,10,null
TriggerRate,1717731822000000000,num,null,54,null
TriggerRate,1717731882000000000,num,null,54,null
TriggerRate,1717731942000000000,num,null,102,null
TriggerRate,1717820500000000000,num,null,0,null
TriggerRate,1717820560000000000,num,null,0,null
TriggerRate,1717820680000000000,num,null,0,null
TriggerRate,1717820740000000000,num,null,0,null
TriggerRate,1717820800000000000,num,null,0,null
TriggerRate,1717820860000000000,num,null,0,null
TriggerRate,1717820920000000000,num,null,0,null
TriggerRate,1717820980000000000,num,null,0,null
TriggerRate,1717821040000000000,num,null,0,null
TriggerRate,1717821100000000000,num,null,0,null
TriggerRate,1717821160000000000,num,null,0,null
TriggerRate,1717821220000000000,num,null,0,null
TriggerRate,1717821280000000000,num,null,0,null
TriggerRate,1717821340000000000,num,null,0,null
TriggerRate,1717821400000000000,num,null,0,null
TriggerRate,1717821460000000000,num,null,0,null
TriggerRate,1717821520000000000,num,null,0,null
TriggerRate,1717821550000000000,num,null,0,null
TriggerRate,1717821868000000000,num,null,0,null
TriggerRate,1717821928000000000,num,null,0,null
TriggerRate,1717822048000000000,num,null,0,null
TriggerRate,1717822108000000000,num,null,0,null
TriggerRate,1717822168000000000,num,null,0,null
TriggerRate,1717822228000000000,num,null,0,null
TriggerRate,1717822288000000000,num,null,0,null
TriggerRate,1717822348000000000,num,null,0,null
TriggerRate,1717822408000000000,num,null,0,null
TriggerRate,1717822468000000000,num,null,0,null
TriggerRate,1717822528000000000,num,null,0,null
TriggerRate,1717822588000000000,num,null,0,null
TriggerRate,1717822648000000000,num,null,0,null
TriggerRate,1717822708000000000,num,null,0,null
TriggerRate,1717822738000000000,num,null,0,null
TriggerRate,1717989874000000000,num,null,0,null
TriggerRate,1717989934000000000,num,null,0,null
TriggerRate,1717990054000000000,num,null,0,null
TriggerRate,1717990114000000000,num,null,0,null
TriggerRate,1717990174000000000,num,null,0,null
TriggerRate,1717990234000000000,num,null,0,null
TriggerRate,1717990294000000000,num,null,0,null
TriggerRate,1717990354000000000,num,null,108,null
TriggerRate,1717990414000000000,num,null,108,null
TriggerRate,1717990474000000000,num,null,102,null
TriggerRate,1717990534000000000,num,null,102,null
TriggerRate,1717990594000000000,num,null,102,null
TriggerRate,1717990654000000000,num,null,102,null
TriggerRate,1717990714000000000,num,null,102,null
TriggerRate,1717990774000000000,num,null,102,null
TriggerRate,1717990834000000000,num,null,102,null
TriggerRate,1717990894000000000,num,null,102,null
TriggerRate,1717990954000000000,num,null,102,null
TriggerRate,1717991014000000000,num,null,102,null
TriggerRate,1717991074000000000,num,null,102,null
TriggerRate,1717991134000000000,num,null,102,null
TriggerRate,1717991194000000000,num,null,102,null
TriggerRate,1717991254000000000,num,null,102,null
TriggerRate,1717991314000000000,num,null,102,null
TriggerRate,1717991374000000000,num,null,102,null
TriggerRate,1717991434000000000,num,null,102,null
TriggerRate,1717991494000000000,num,null,102,null
TriggerRate,1717991524000000000,num,null,102,null
TriggerRate,1717991614000000000,num,null,12,null
TriggerRate,1717991674000000000,num,null,12,null
TriggerRate,1717991734000000000,num,null,12,null
TriggerRate,1717991794000000000,num,null,12,null
TriggerRate,1717991854000000000,num,null,12,null
TriggerRate,1717991914000000000,num,null,12,null
TriggerRate,1717991974000000000,num,null,12,null
TriggerRate,1717992034000000000,num,null,12,null
TriggerRate,1717992094000000000,num,null,12,null
TriggerRate,1717992154000000000,num,null,12,null
TriggerRate,1717992214000000000,num,null,12,null
TriggerRate,1717992274000000000,num,null,12,null
TriggerRate,1717992334000000000,num,null,12,null
TriggerRate,1717992394000000000,num,null,12,null
TriggerRate,1717992454000000000,num,null,12,null
TriggerRate,1717992514000000000,num,null,12,null
TriggerRate,1717992574000000000,num,null,12,null
TriggerRate,1717992634000000000,num,null,12,null
TriggerRate,1717992694000000000,num,null,12,null
TriggerRate,1717992754000000000,num,null,12,null
TriggerRate,1717992814000000000,num,null,12,null
TriggerRate,1717992874000000000,num,null,12,null
TriggerRate,1717992934000000000,num,null,12,null
TriggerRate,1717992994000000000,num,null,12,null
TriggerRate,1717993054000000000,num,null,12,null
TriggerRate,1717993114000000000,num,null,12,null
TriggerRate,1717993174000000000,num,null,12,null
TriggerRate,1717993234000000000,num,null,12,null
TriggerRate,1717993294000000000,num,null,12,null
TriggerRate,1717993354000000000,num,null,12,null
TriggerRate,1717993414000000000,num,null,12,null
TriggerRate,1717993474000000000,num,null,12,null
TriggerRate,1717993534000000000,num,null,12,null
TriggerRate,1717993594000000000,num,null,12,null
TriggerRate,1717993654000000000,num,null,12,null
TriggerRate,1717993714000000000,num,null,12,null
TriggerRate,1717993774000000000,num,null,12,null
TriggerRate,1717993834000000000,num,null,12,null
TriggerRate,1717993894000000000,num,null,12,null
TriggerRate,1717993954000000000,num,null,12,null
TriggerRate,1717994014000000000,num,null,12,null
TriggerRate,1717994074000000000,num,null,12,null
TriggerRate,1717994134000000000,num,null,12,null
TriggerRate,1717994194000000000,num,null,12,null
TriggerRate,1717994254000000000,num,null,12,null
TriggerRate,1717994314000000000,num,null,12,null
TriggerRate,1717994374000000000,num,null,12,null
TriggerRate,1717994434000000000,num,null,12,null
TriggerRate,1717994494000000000,num,null,12,null
TriggerRate,1717994554000000000,num,null,12,null
TriggerRate,1717994614000000000,num,null,12,null
TriggerRate,1717994674000000000,num,null,12,null
TriggerRate,1717994734000000000,num,null,12,null
TriggerRate,1717994794000000000,num,null,12,null
TriggerRate,1717994854000000000,num,null,12,null
TriggerRate,1717994914000000000,num,null,12,null
TriggerRate,1717994974000000000,num,null,12,null
TriggerRate,1717995034000000000,num,null,12,null
TriggerRate,1717995094000000000,num,null,12,null
TriggerRate,1717995154000000000,num,null,12,null
TriggerRate,1717995214000000000,num,null,12,null
TriggerRate,1717995274000000000,num,null,12,null
TriggerRate,1717995334000000000,num,null,12,null
TriggerRate,1717995394000000000,num,null,12,null
TriggerRate,1717995454000000000,num,null,12,null
TriggerRate,1717995514000000000,num,null,12,null
TriggerRate,1717995574000000000,num,null,12,null
TriggerRate,1717995634000000000,num,null,12,null
TriggerRate,1717995694000000000,num,null,12,null
TriggerRate,1717995754000000000,num,null,12,null
TriggerRate,1717995814000000000,num,null,12,null
TriggerRate,1717995874000000000,num,null,12,null
TriggerRate,1717995934000000000,num,null,12,null
TriggerRate,1717995994000000000,num,null,12,null
TriggerRate,1717996054000000000,num,null,12,null
TriggerRate,1717996114000000000,num,null,12,null
TriggerRate,1717996174000000000,num,null,12,null
TriggerRate,1717996234000000000,num,null,12,null
TriggerRate,1717996294000000000,num,null,12,null
TriggerRate,1717996354000000000,num,null,12,null
TriggerRate,1717996414000000000,num,null,12,null
TriggerRate,1717996474000000000,num,null,12,null
TriggerRate,1717996534000000000,num,null,12,null
TriggerRate,1717996594000000000,num,null,12,null
TriggerRate,1717996654000000000,num,null,12,null
TriggerRate,1717996714000000000,num,null,12,null
TriggerRate,1717996774000000000,num,null,12,null
TriggerRate,1717996834000000000,num,null,12,null
TriggerRate,1717996894000000000,num,null,12,null
TriggerRate,1717996954000000000,num,null,12,null
TriggerRate,1717997014000000000,num,null,12,null
TriggerRate,1717997074000000000,num,null,12,null
TriggerRate,1717997134000000000,num,null,12,null
TriggerRate,1717997194000000000,num,null,12,null
TriggerRate,1717997254000000000,num,null,12,null
TriggerRate,1717997314000000000,num,null,12,null
TriggerRate,1717997374000000000,num,null,12,null
TriggerRate,1717997434000000000,num,null,12,null
TriggerRate,1717997494000000000,num,null,12,null
TriggerRate,1717997554000000000,num,null,12,null
TriggerRate,1717997614000000000,num,null,12,null
TriggerRate,1717997674000000000,num,null,12,null
TriggerRate,1717997734000000000,num,null,12,null
TriggerRate,1717997794000000000,num,null,12,null
TriggerRate,1717997854000000000,num,null,12,null
TriggerRate,1717997914000000000,num,null,12,null
TriggerRate,1717997974000000000,num,null,12,null
TriggerRate,1717998034000000000,num,null,12,null
TriggerRate,1717998094000000000,num,null,12,null
TriggerRate,1717998154000000000,num,null,12,null
TriggerRate,1717998214000000000,num,null,12,null
TriggerRate,1717998274000000000,num,null,12,null
TriggerRate,1717998334000000000,num,null,12,null
TriggerRate,1717998394000000000,num,null,12,null
TriggerRate,1717998454000000000,num,null,12,null
TriggerRate,1717998514000000000,num,null,12,null
TriggerRate,1717998574000000000,num,null,12,null
TriggerRate,1717998634000000000,num,null,12,null
TriggerRate,1717998694000000000,num,null,12,null
TriggerRate,1717998754000000000,num,null,12,null
TriggerRate,1717998814000000000,num,null,12,null
TriggerRate,1717998874000000000,num,null,12,null
TriggerRate,1717998934000000000,num,null,12,null
TriggerRate,1717998994000000000,num,null,12,null
TriggerRate,1717999054000000000,num,null,12,null
TriggerRate,1717999114000000000,num,null,12,null
TriggerRate,1717999174000000000,num,null,12,null
TriggerRate,1717999234000000000,num,null,12,null
TriggerRate,1717999294000000000,num,null,12,null
TriggerRate,1717999354000000000,num,null,12,null
TriggerRate,1717999414000000000,num,null,12,null
TriggerRate,1717999474000000000,num,null,12,null
TriggerRate,1717999534000000000,num,null,12,null
TriggerRate,1717999594000000000,num,null,12,null
TriggerRate,1717999654000000000,num,null,12,null
TriggerRate,1717999714000000000,num,null,12,null
TriggerRate,1717999774000000000,num,null,12,null
TriggerRate,1717999834000000000,num,null,12,null
TriggerRate,1717999894000000000,num,null,12,null
TriggerRate,1717999954000000000,num,null,12,null
TriggerRate,1718000014000000000,num,null,12,null
TriggerRate,1718000074000000000,num,null,12,null
TriggerRate,1718000134000000000,num,null,12,null
TriggerRate,1718000194000000000,num,null,12,null
TriggerRate,1718000254000000000,num,null,12,null
TriggerRate,1718000314000000000,num,null,12,null
TriggerRate,1718000374000000000,num,null,12,null
TriggerRate,1718000404000000000,num,null,12,null
TriggerRate,1718000614000000000,num,null,12,null
TriggerRate,1718000674000000000,num,null,12,null
TriggerRate,1718000734000000000,num,null,12,null
TriggerRate,1718000764000000000,num,null,12,null
TriggerRate,1718000854000000000,num,null,12,null
TriggerRate,1718000914000000000,num,null,12,null
TriggerRate,1718000944000000000,num,null,12,null
TriggerRate,1718001034000000000,num,null,12,null
TriggerRate,1718001094000000000,num,null,12,null
TriggerRate,1718001154000000000,num,null,65535,null
TriggerRate,1718001214000000000,num,null,65535,null
TriggerRate,1718001274000000000,num,null,102,null
TriggerRate,1718001334000000000,num,null,102,null
TriggerRate,1718001394000000000,num,null,104,null
TriggerRate,1718001454000000000,num,null,104,null
TriggerRate,1718001514000000000,num,null,103,null
TriggerRate,1718001574000000000,num,null,103,null
TriggerRate,1718001634000000000,num,null,105,null
TriggerRate,1718001694000000000,num,null,105,null
TriggerRate,1718001754000000000,num,null,104,null
TriggerRate,1718001814000000000,num,null,104,null
TriggerRate,1718001874000000000,num,null,103,null
TriggerRate,1718001934000000000,num,null,103,null
TriggerRate,1718001994000000000,num,null,103,null
TriggerRate,1718002054000000000,num,null,103,null
TriggerRate,1718002114000000000,num,null,104,null
TriggerRate,1718002174000000000,num,null,104,null
TriggerRate,1718002234000000000,num,null,104,null
TriggerRate,1718002294000000000,num,null,104,null
TriggerRate,1718002354000000000,num,null,106,null
TriggerRate,1718002414000000000,num,null,106,null
TriggerRate,1718002474000000000,num,null,104,null
TriggerRate,1718002534000000000,num,null,104,null
TriggerRate,1718002594000000000,num,null,102,null
TriggerRate,1718002654000000000,num,null,102,null
TriggerRate,1718002714000000000,num,null,103,null
TriggerRate,1718002774000000000,num,null,103,null
TriggerRate,1718002834000000000,num,null,105,null
TriggerRate,1718002894000000000,num,null,105,null
TriggerRate,1718002954000000000,num,null,102,null
TriggerRate,1718003014000000000,num,null,102,null
TriggerRate,1718003074000000000,num,null,104,null
TriggerRate,1718003134000000000,num,null,104,null
TriggerRate,1718003194000000000,num,null,103,null
TriggerRate,1718003254000000000,num,null,103,null
TriggerRate,1718003314000000000,num,null,104,null
TriggerRate,1718003374000000000,num,null,104,null
TriggerRate,1718003434000000000,num,null,103,null
TriggerRate,1718003494000000000,num,null,103,null
TriggerRate,1718003554000000000,num,null,104,null
TriggerRate,1718003614000000000,num,null,104,null
TriggerRate,1718003674000000000,num,null,106,null
TriggerRate,1718003734000000000,num,null,106,null
TriggerRate,1718003794000000000,num,null,104,null
TriggerRate,1718003854000000000,num,null,104,null
TriggerRate,1718003914000000000,num,null,105,null
TriggerRate,1718003974000000000,num,null,105,null
TriggerRate,1718004034000000000,num,null,104,null
TriggerRate,1718004094000000000,num,null,104,null
TriggerRate,1718004154000000000,num,null,104,null
TriggerRate,1718004214000000000,num,null,104,null
TriggerRate,1718004274000000000,num,null,104,null
TriggerRate,1718004334000000000,num,null,104,null
TriggerRate,1718004394000000000,num,null,104,null
TriggerRate,1718004454000000000,num,null,104,null
TriggerRate,1718004514000000000,num,null,103,null
TriggerRate,1718004574000000000,num,null,103,null
TriggerRate,1718004634000000000,num,null,108,null
TriggerRate,1718004694000000000,num,null,108,null
TriggerRate,1718004754000000000,num,null,102,null
TriggerRate,1718004814000000000,num,null,102,null
TriggerRate,1718004874000000000,num,null,108,null
TriggerRate,1718004934000000000,num,null,108,null
TriggerRate,1718004994000000000,num,null,105,null
TriggerRate,1718005054000000000,num,null,105,null
TriggerRate,1718005114000000000,num,null,104,null
TriggerRate,1718005174000000000,num,null,104,null
TriggerRate,1718005234000000000,num,null,102,null
TriggerRate,1718005294000000000,num,null,102,null
TriggerRate,1718005354000000000,num,null,102,null
TriggerRate,1718005414000000000,num,null,102,null
TriggerRate,1718005474000000000,num,null,106,null
TriggerRate,1718005534000000000,num,null,106,null
TriggerRate,1718005594000000000,num,null,102,null
TriggerRate,1718005654000000000,num,null,102,null
TriggerRate,1718005714000000000,num,null,103,null
TriggerRate,1718005774000000000,num,null,103,null
TriggerRate,1718005834000000000,num,null,104,null
TriggerRate,1718005894000000000,num,null,104,null
TriggerRate,1718005954000000000,num,null,104,null
TriggerRate,1718006014000000000,num,null,104,null
TriggerRate,1718006074000000000,num,null,104,null
TriggerRate,1718006134000000000,num,null,104,null
TriggerRate,1718006194000000000,num,null,102,null
TriggerRate,1718006254000000000,num,null,102,null
TriggerRate,1718006314000000000,num,null,102,null
TriggerRate,1718006374000000000,num,null,102,null
TriggerRate,1718006434000000000,num,null,103,null
TriggerRate,1718006494000000000,num,null,103,null
TriggerRate,1718006554000000000,num,null,102,null
TriggerRate,1718006614000000000,num,null,102,null
TriggerRate,1718006674000000000,num,null,103,null
TriggerRate,1718006734000000000,num,null,103,null
TriggerRate,1718006794000000000,num,null,102,null
TriggerRate,1718006854000000000,num,null,102,null
TriggerRate,1718006914000000000,num,null,107,null
TriggerRate,1718006974000000000,num,null,107,null
TriggerRate,1718007034000000000,num,null,105,null
TriggerRate,1718007094000000000,num,null,105,null
TriggerRate,1718007154000000000,num,null,103,null
TriggerRate,1718007214000000000,num,null,103,null
TriggerRate,1718007274000000000,num,null,108,null
TriggerRate,1718007334000000000,num,null,108,null
TriggerRate,1718007394000000000,num,null,104,null
TriggerRate,1718007454000000000,num,null,104,null
TriggerRate,1718007514000000000,num,null,105,null
TriggerRate,1718007574000000000,num,null,105,null
TriggerRate,1718007634000000000,num,null,104,null
TriggerRate,1718007694000000000,num,null,104,null
TriggerRate,1718007754000000000,num,null,104,null
TriggerRate,1718007814000000000,num,null,104,null
TriggerRate,1718007874000000000,num,null,105,null
TriggerRate,1718007934000000000,num,null,105,null
TriggerRate,1718007994000000000,num,null,106,null
TriggerRate,1718008054000000000,num,null,106,null
TriggerRate,1718008114000000000,num,null,103,null
TriggerRate,1718008174000000000,num,null,103,null
TriggerRate,1718008234000000000,num,null,106,null
TriggerRate,1718008294000000000,num,null,106,null
TriggerRate,1718008354000000000,num,null,105,null
TriggerRate,1718008414000000000,num,null,105,null
TriggerRate,1718008474000000000,num,null,102,null
TriggerRate,1718008534000000000,num,null,102,null
TriggerRate,1718008594000000000,num,null,103,null
TriggerRate,1718008654000000000,num,null,103,null
TriggerRate,1718008714000000000,num,null,102,null
TriggerRate,1718008774000000000,num,null,102,null
TriggerRate,1718008834000000000,num,null,107,null
TriggerRate,1718008894000000000,num,null,107,null
TriggerRate,1718008954000000000,num,null,104,null
TriggerRate,1718009014000000000,num,null,104,null
TriggerRate,1718009074000000000,num,null,103,null
TriggerRate,1718009134000000000,num,null,103,null
TriggerRate,1718009194000000000,num,null,104,null
TriggerRate,1718009254000000000,num,null,104,null
TriggerRate,1718009314000000000,num,null,103,null
TriggerRate,1718009374000000000,num,null,103,null
TriggerRate,1718009434000000000,num,null,104,null
TriggerRate,1718009494000000000,num,null,104,null
TriggerRate,1718009554000000000,num,null,103,null
TriggerRate,1718009614000000000,num,null,103,null
TriggerRate,1718009674000000000,num,null,103,null
TriggerRate,1718009734000000000,num,null,103,null
TriggerRate,1718009794000000000,num,null,105,null
TriggerRate,1718009854000000000,num,null,105,null
TriggerRate,1718009914000000000,num,null,102,null
TriggerRate,1718009974000000000,num,null,102,null
TriggerRate,1718010034000000000,num,null,103,null
TriggerRate,1718010094000000000,num,null,103,null
TriggerRate,1718010154000000000,num,null,104,null
TriggerRate,1718010214000000000,num,null,104,null
TriggerRate,1718010274000000000,num,null,105,null
TriggerRate,1718010334000000000,num,null,105,null
TriggerRate,1718010394000000000,num,null,102,null
TriggerRate,1718010454000000000,num,null,102,null
TriggerRate,1718010514000000000,num,null,105,null
TriggerRate,1718010574000000000,num,null,105,null
TriggerRate,1718010634000000000,num,null,107,null
TriggerRate,1718010694000000000,num,null,107,null
TriggerRate,1718010754000000000,num,null,106,null
TriggerRate,1718010814000000000,num,null,106,null
TriggerRate,1718010874000000000,num,null,103,null
TriggerRate,1718010934000000000,num,null,103,null
TriggerRate,1718010994000000000,num,null,102,null
TriggerRate,1718011054000000000,num,null,102,null
TriggerRate,1718011114000000000,num,null,103,null
TriggerRate,1718011174000000000,num,null,103,null
TriggerRate,1718011234000000000,num,null,105,null
TriggerRate,1718011294000000000,num,null,105,null
TriggerRate,1718011354000000000,num,null,104,null
TriggerRate,1718011414000000000,num,null,104,null
TriggerRate,1718011474000000000,num,null,102,null
TriggerRate,1718011534000000000,num,null,102,null
TriggerRate,1718011594000000000,num,null,103,null
TriggerRate,1718011654000000000,num,null,103,null
TriggerRate,1718011714000000000,num,null,103,null
TriggerRate,1718011774000000000,num,null,103,null
TriggerRate,1718011834000000000,num,null,102,null
TriggerRate,1718011894000000000,num,null,102,null
TriggerRate,1718011954000000000,num,null,103,null
TriggerRate,1718012014000000000,num,null,103,null
TriggerRate,1718012074000000000,num,null,104,null
TriggerRate,1718012134000000000,num,null,104,null
TriggerRate,1718012194000000000,num,null,108,null
TriggerRate,1718012254000000000,num,null,108,null
TriggerRate,1718012314000000000,num,null,106,null
TriggerRate,1718012374000000000,num,null,106,null
TriggerRate,1718012434000000000,num,null,104,null
TriggerRate,1718012494000000000,num,null,104,null
TriggerRate,1718012554000000000,num,null,103,null
TriggerRate,1718012614000000000,num,null,103,null
TriggerRate,1718012674000000000,num,null,105,null
TriggerRate,1718012734000000000,num,null,105,null
TriggerRate,1718012794000000000,num,null,102,null
TriggerRate,1718012854000000000,num,null,102,null
TriggerRate,1718012914000000000,num,null,104,null
TriggerRate,1718012974000000000,num,null,104,null
TriggerRate,1718013034000000000,num,null,104,null
TriggerRate,1718013094000000000,num,null,104,null
TriggerRate,1718013154000000000,num,null,103,null
TriggerRate,1718013214000000000,num,null,103,null
TriggerRate,1718013274000000000,num,null,103,null
TriggerRate,1718013334000000000,num,null,103,null
TriggerRate,1718013394000000000,num,null,104,null
TriggerRate,1718013454000000000,num,null,104,null
TriggerRate,1718013514000000000,num,null,104,null
TriggerRate,1718013574000000000,num,null,104,null
TriggerRate,1718013634000000000,num,null,103,null
TriggerRate,1718013694000000000,num,null,103,null
TriggerRate,1718013754000000000,num,null,102,null
TriggerRate,1718013814000000000,num,null,102,null
TriggerRate,1718013874000000000,num,null,105,null
TriggerRate,1718013934000000000,num,null,105,null
TriggerRate,1718013994000000000,num,null,103,null
TriggerRate,1718014054000000000,num,null,103,null
TriggerRate,1718014114000000000,num,null,106,null
TriggerRate,1718014174000000000,num,null,106,null
TriggerRate,1718014234000000000,num,null,105,null
TriggerRate,1718014294000000000,num,null,105,null
TriggerRate,1718014354000000000,num,null,107,null
TriggerRate,1718014414000000000,num,null,107,null
TriggerRate,1718014474000000000,num,null,103,null
TriggerRate,1718014534000000000,num,null,103,null
TriggerRate,1718014594000000000,num,null,102,null
TriggerRate,1718014654000000000,num,null,102,null
TriggerRate,1718014714000000000,num,null,102,null
TriggerRate,1718014774000000000,num,null,102,null
TriggerRate,1718014834000000000,num,null,105,null
TriggerRate,1718014894000000000,num,null,105,null
TriggerRate,1718014954000000000,num,null,105,null
TriggerRate,1718015014000000000,num,null,105,null
TriggerRate,1718015074000000000,num,null,103,null
TriggerRate,1718015134000000000,num,null,103,null
TriggerRate,1718015194000000000,num,null,104,null
TriggerRate,1718015254000000000,num,null,104,null
TriggerRate,1718015314000000000,num,null,104,null
TriggerRate,1718015374000000000,num,null,104,null
TriggerRate,1718015434000000000,num,null,104,null
TriggerRate,1718015494000000000,num,null,104,null
TriggerRate,1718015554000000000,num,null,104,null
TriggerRate,1718015614000000000,num,null,104,null
TriggerRate,1718015674000000000,num,null,104,null
TriggerRate,1718015734000000000,num,null,104,null
TriggerRate,1718015794000000000,num,null,102,null
TriggerRate,1718015854000000000,num,null,102,null
TriggerRate,1718015914000000000,num,null,104,null
TriggerRate,1718015944000000000,num,null,104,null
TriggerRate,1718082510000000000,num,null,0,null
TriggerRate,1718082570000000000,num,null,0,null
TriggerRate,1718082690000000000,num,null,0,null
TriggerRate,1718082750000000000,num,null,0,null
TriggerRate,1718082810000000000,num,null,0,null
TriggerRate,1718082870000000000,num,null,0,null
TriggerRate,1718082930000000000,num,null,0,null
TriggerRate,1718082990000000000,num,null,49,null
TriggerRate,1718083050000000000,num,null,49,null
TriggerRate,1718083110000000000,num,null,102,null
TriggerRate,1718083170000000000,num,null,102,null
TriggerRate,1718083230000000000,num,null,102,null
TriggerRate,1718083290000000000,num,null,102,null
TriggerRate,1718083350000000000,num,null,102,null
TriggerRate,1718083410000000000,num,null,102,null
TriggerRate,1718083470000000000,num,null,102,null
TriggerRate,1718083530000000000,num,null,102,null
TriggerRate,1718083590000000000,num,null,102,null
TriggerRate,1718083650000000000,num,null,102,null
TriggerRate,1718083710000000000,num,null,102,null
TriggerRate,1718083770000000000,num,null,102,null
TriggerRate,1718083830000000000,num,null,102,null
TriggerRate,1718083890000000000,num,null,102,null
TriggerRate,1718083950000000000,num,null,102,null
TriggerRate,1718084010000000000,num,null,102,null
TriggerRate,1718084070000000000,num,null,102,null
TriggerRate,1718084130000000000,num,null,102,null
TriggerRate,1718084160000000000,num,null,102,null
TriggerRate,1718084220000000000,num,null,7,null
TriggerRate,1718089430000000000,num,null,0,null
TriggerRate,1718089490000000000,num,null,0,null
TriggerRate,1718089730000000000,num,null,0,null
TriggerRate,1718089790000000000,num,null,0,null
TriggerRate,1718089850000000000,num,null,0,null
TriggerRate,1718089910000000000,num,null,0,null
TriggerRate,1718089970000000000,num,null,0,null
TriggerRate,1718090000000000000,num,null,0,null
TriggerRate,1718090090000000000,num,null,0,null
TriggerRate,1718090150000000000,num,null,12,null
TriggerRate,1718090210000000000,num,null,12,null
TriggerRate,1718090270000000000,num,null,65535,null
TriggerRate,1718090330000000000,num,null,65535,null
TriggerRate,1718090390000000000,num,null,123,null
TriggerRate,1718090450000000000,num,null,123,null
TriggerRate,1718090510000000000,num,null,124,null
TriggerRate,1718090570000000000,num,null,124,null
TriggerRate,1718090630000000000,num,null,127,null
TriggerRate,1718090690000000000,num,null,127,null
TriggerRate,1718090750000000000,num,null,122,null
TriggerRate,1718090810000000000,num,null,122,null
TriggerRate,1718090870000000000,num,null,123,null
TriggerRate,1718090930000000000,num,null,123,null
TriggerRate,1718090990000000000,num,null,130,null
TriggerRate,1718091050000000000,num,null,130,null
TriggerRate,1718091110000000000,num,null,125,null
TriggerRate,1718091170000000000,num,null,125,null
TriggerRate,1718091230000000000,num,null,118,null
TriggerRate,1718091290000000000,num,null,118,null
TriggerRate,1718091350000000000,num,null,125,null
TriggerRate,1718091410000000000,num,null,125,null
TriggerRate,1718091470000000000,num,null,133,null
TriggerRate,1718091530000000000,num,null,133,null
TriggerRate,1718091590000000000,num,null,127,null
TriggerRate,1718091650000000000,num,null,127,null
TriggerRate,1718091710000000000,num,null,129,null
TriggerRate,1718091770000000000,num,null,129,null
TriggerRate,1718091830000000000,num,null,122,null
TriggerRate,1718091890000000000,num,null,122,null
TriggerRate,1718091950000000000,num,null,122,null
TriggerRate,1718092010000000000,num,null,122,null
TriggerRate,1718092070000000000,num,null,185,null
TriggerRate,1718092130000000000,num,null,185,null
TriggerRate,1718092190000000000,num,null,127,null
TriggerRate,1718092250000000000,num,null,127,null
TriggerRate,1718092310000000000,num,null,123,null
TriggerRate,1718092370000000000,num,null,123,null
TriggerRate,1718092430000000000,num,null,128,null
TriggerRate,1718092490000000000,num,null,128,null
TriggerRate,1718092550000000000,num,null,129,null
TriggerRate,1718092610000000000,num,null,129,null
TriggerRate,1718092670000000000,num,null,128,null
TriggerRate,1718092730000000000,num,null,128,null
TriggerRate,1718092790000000000,num,null,130,null
TriggerRate,1718092850000000000,num,null,130,null
TriggerRate,1718092910000000000,num,null,133,null
TriggerRate,1718092970000000000,num,null,133,null
TriggerRate,1718093030000000000,num,null,126,null
TriggerRate,1718093090000000000,num,null,126,null
TriggerRate,1718093150000000000,num,null,132,null
TriggerRate,1718093210000000000,num,null,132,null
TriggerRate,1718093270000000000,num,null,128,null
TriggerRate,1718093330000000000,num,null,128,null
TriggerRate,1718093390000000000,num,null,120,null
TriggerRate,1718093450000000000,num,null,120,null
TriggerRate,1718093510000000000,num,null,120,null
TriggerRate,1718093570000000000,num,null,120,null
TriggerRate,1718093630000000000,num,null,119,null
TriggerRate,1718093690000000000,num,null,119,null
TriggerRate,1718093750000000000,num,null,134,null
TriggerRate,1718093810000000000,num,null,134,null
TriggerRate,1718093870000000000,num,null,128,null
TriggerRate,1718093930000000000,num,null,128,null
TriggerRate,1718093990000000000,num,null,115,null
TriggerRate,1718094050000000000,num,null,115,null
TriggerRate,1718094110000000000,num,null,128,null
TriggerRate,1718094170000000000,num,null,128,null
TriggerRate,1718094230000000000,num,null,132,null
TriggerRate,1718094290000000000,num,null,132,null
TriggerRate,1718094350000000000,num,null,130,null
TriggerRate,1718094410000000000,num,null,130,null
TriggerRate,1718094470000000000,num,null,131,null
TriggerRate,1718094530000000000,num,null,131,null
TriggerRate,1718094590000000000,num,null,131,null
TriggerRate,1718094650000000000,num,null,131,null
TriggerRate,1718094710000000000,num,null,132,null
TriggerRate,1718094770000000000,num,null,132,null
TriggerRate,1718094830000000000,num,null,137,null
TriggerRate,1718094890000000000,num,null,137,null
TriggerRate,1718094950000000000,num,null,128,null
TriggerRate,1718095010000000000,num,null,128,null
TriggerRate,1718095070000000000,num,null,135,null
TriggerRate,1718095130000000000,num,null,135,null
TriggerRate,1718095190000000000,num,null,118,null
TriggerRate,1718095250000000000,num,null,118,null
TriggerRate,1718095310000000000,num,null,127,null
TriggerRate,1718095370000000000,num,null,127,null
TriggerRate,1718095430000000000,num,null,134,null
TriggerRate,1718095490000000000,num,null,134,null
TriggerRate,1718095550000000000,num,null,126,null
TriggerRate,1718095610000000000,num,null,126,null
TriggerRate,1718095670000000000,num,null,130,null
TriggerRate,1718095730000000000,num,null,130,null
TriggerRate,1718095790000000000,num,null,134,null
TriggerRate,1718095850000000000,num,null,134,null
TriggerRate,1718095910000000000,num,null,138,null
TriggerRate,1718095970000000000,num,null,138,null
TriggerRate,1718096030000000000,num,null,125,null
TriggerRate,1718096090000000000,num,null,125,null
TriggerRate,1718096150000000000,num,null,133,null
TriggerRate,1718096210000000000,num,null,133,null
TriggerRate,1718096270000000000,num,null,123,null
TriggerRate,1718096330000000000,num,null,123,null
TriggerRate,1718096390000000000,num,null,130,null
TriggerRate,1718096450000000000,num,null,130,null
TriggerRate,1718096510000000000,num,null,126,null
TriggerRate,1718096570000000000,num,null,126,null
TriggerRate,1718096630000000000,num,null,128,null
TriggerRate,1718096690000000000,num,null,128,null
TriggerRate,1718096750000000000,num,null,128,null
TriggerRate,1718096810000000000,num,null,128,null
TriggerRate,1718096870000000000,num,null,130,null
TriggerRate,1718096930000000000,num,null,130,null
TriggerRate,1718096990000000000,num,null,131,null
TriggerRate,1718097050000000000,num,null,131,null
TriggerRate,1718097110000000000,num,null,132,null
TriggerRate,1718097170000000000,num,null,132,null
TriggerRate,1718097230000000000,num,null,134,null
TriggerRate,1718097290000000000,num,null,134,null
TriggerRate,1718097350000000000,num,null,128,null
TriggerRate,1718097410000000000,num,null,128,null
TriggerRate,1718097470000000000,num,null,131,null
TriggerRate,1718097530000000000,num,null,131,null
TriggerRate,1718097590000000000,num,null,131,null
TriggerRate,1718097650000000000,num,null,131,null
TriggerRate,1718097710000000000,num,null,129,null
TriggerRate,1718097770000000000,num,null,129,null
TriggerRate,1718097830000000000,num,null,129,null
TriggerRate,1718097890000000000,num,null,129,null
TriggerRate,1718097950000000000,num,null,129,null
TriggerRate,1718098010000000000,num,null,129,null
TriggerRate,1718098070000000000,num,null,143,null
TriggerRate,1718098130000000000,num,null,143,null
TriggerRate,1718098190000000000,num,null,129,null
TriggerRate,1718098250000000000,num,null,129,null
TriggerRate,1718098310000000000,num,null,141,null
TriggerRate,1718098370000000000,num,null,141,null
TriggerRate,1718098430000000000,num,null,143,null
TriggerRate,1718098490000000000,num,null,143,null
TriggerRate,1718098550000000000,num,null,126,null
TriggerRate,1718098610000000000,num,null,126,null
TriggerRate,1718098670000000000,num,null,131,null
TriggerRate,1718098730000000000,num,null,131,null
TriggerRate,1718098790000000000,num,null,146,null
TriggerRate,1718098850000000000,num,null,146,null
TriggerRate,1718098910000000000,num,null,138,null
TriggerRate,1718098970000000000,num,null,138,null
TriggerRate,1718099030000000000,num,null,136,null
TriggerRate,1718099090000000000,num,null,136,null
TriggerRate,1718099150000000000,num,null,129,null
TriggerRate,1718099210000000000,num,null,129,null
TriggerRate,1718099270000000000,num,null,143,null
TriggerRate,1718099330000000000,num,null,143,null
TriggerRate,1718099390000000000,num,null,137,null
TriggerRate,1718099450000000000,num,null,137,null
TriggerRate,1718099510000000000,num,null,139,null
TriggerRate,1718099570000000000,num,null,139,null
TriggerRate,1718099630000000000,num,null,138,null
TriggerRate,1718099690000000000,num,null,138,null
TriggerRate,1718099750000000000,num,null,129,null
TriggerRate,1718099810000000000,num,null,129,null
TriggerRate,1718099870000000000,num,null,133,null
TriggerRate,1718099930000000000,num,null,133,null
TriggerRate,1718099990000000000,num,null,141,null
TriggerRate,1718100050000000000,num,null,141,null
TriggerRate,1718100110000000000,num,null,139,null
TriggerRate,1718100170000000000,num,null,139,null
TriggerRate,1718100230000000000,num,null,132,null
TriggerRate,1718100290000000000,num,null,132,null
TriggerRate,1718100350000000000,num,null,139,null
TriggerRate,1718100410000000000,num,null,139,null
TriggerRate,1718100470000000000,num,null,137,null
TriggerRate,1718100530000000000,num,null,137,null
TriggerRate,1718100590000000000,num,null,138,null
TriggerRate,1718100650000000000,num,null,138,null
TriggerRate,1718100710000000000,num,null,134,null
TriggerRate,1718100770000000000,num,null,134,null
TriggerRate,1718100830000000000,num,null,134,null
TriggerRate,1718100890000000000,num,null,134,null
TriggerRate,1718100950000000000,num,null,144,null
TriggerRate,1718101010000000000,num,null,144,null
TriggerRate,1718101070000000000,num,null,139,null
TriggerRate,1718101130000000000,num,null,139,null
TriggerRate,1718101190000000000,num,null,138,null
TriggerRate,1718101250000000000,num,null,138,null
TriggerRate,1718101310000000000,num,null,146,null
TriggerRate,1718101370000000000,num,null,146,null
TriggerRate,1718101430000000000,num,null,147,null
TriggerRate,1718101490000000000,num,null,147,null
TriggerRate,1718101550000000000,num,null,144,null
TriggerRate,1718101610000000000,num,null,144,null
TriggerRate,1718101670000000000,num,null,156,null
TriggerRate,1718101730000000000,num,null,156,null
TriggerRate,1718101790000000000,num,null,179,null
TriggerRate,1718101850000000000,num,null,179,null
TriggerRate,1718101910000000000,num,null,178,null
TriggerRate,1718101970000000000,num,null,178,null
TriggerRate,1718102030000000000,num,null,192,null
TriggerRate,1718102090000000000,num,null,192,null
TriggerRate,1718102150000000000,num,null,240,null
TriggerRate,1718102210000000000,num,null,240,null
TriggerRate,1718102270000000000,num,null,357,null
TriggerRate,1718102330000000000,num,null,357,null
TriggerRate,1718102360000000000,num,null,357,null
TriggerRate,1718102420000000000,num,null,10,null
TriggerRate,1718164193000000000,num,null,0,null
TriggerRate,1718164223000000000,num,null,0,null
TriggerRate,1718164433000000000,num,null,0,null
TriggerRate,1718164493000000000,num,null,0,null
TriggerRate,1718164553000000000,num,null,0,null
TriggerRate,1718164583000000000,num,null,0,null
TriggerRate,1718164673000000000,num,null,0,null
TriggerRate,1718164733000000000,num,null,0,null
TriggerRate,1718164793000000000,num,null,0,null
TriggerRate,1718164853000000000,num,null,0,null
TriggerRate,1718164913000000000,num,null,0,null
TriggerRate,1718164973000000000,num,null,0,null
TriggerRate,1718165033000000000,num,null,0,null
TriggerRate,1718165393000000000,num,null,0,null
TriggerRate,1718165453000000000,num,null,0,null
TriggerRate,1718165513000000000,num,null,0,null
TriggerRate,1718165543000000000,num,null,0,null
TriggerRate,1718165603000000000,num,null,4,null
TriggerRate,1718177985000000000,num,null,0,null
TriggerRate,1718178045000000000,num,null,0,null
TriggerRate,1718178285000000000,num,null,0,null
TriggerRate,1718178345000000000,num,null,0,null
TriggerRate,1718178405000000000,num,null,0,null
TriggerRate,1718178465000000000,num,null,0,null
TriggerRate,1718178525000000000,num,null,0,null
TriggerRate,1718178585000000000,num,null,0,null
TriggerRate,1718178645000000000,num,null,0,null
TriggerRate,1718178705000000000,num,null,28,null
TriggerRate,1718178765000000000,num,null,28,null
TriggerRate,1718178825000000000,num,null,102,null
TriggerRate,1718178885000000000,num,null,102,null
TriggerRate,1718178945000000000,num,null,102,null
TriggerRate,1718179005000000000,num,null,102,null
TriggerRate,1718179065000000000,num,null,102,null
TriggerRate,1718179125000000000,num,null,102,null
TriggerRate,1718179185000000000,num,null,102,null
TriggerRate,1718179245000000000,num,null,102,null
TriggerRate,1718179305000000000,num,null,102,null
TriggerRate,1718179365000000000,num,null,102,null
TriggerRate,1718179425000000000,num,null,102,null
TriggerRate,1718179485000000000,num,null,102,null
TriggerRate,1718179545000000000,num,null,102,null
TriggerRate,1718179605000000000,num,null,102,null
TriggerRate,1718179665000000000,num,null,102,null
TriggerRate,1718179725000000000,num,null,102,null
TriggerRate,1718179755000000000,num,null,102,null
TriggerRate,1718179845000000000,num,null,36,null
TriggerRate,1718179875000000000,num,null,36,null
TriggerRate,1718310877000000000,num,null,0,null
TriggerRate,1718310937000000000,num,null,0,null
TriggerRate,1718310997000000000,num,null,0,null
TriggerRate,1718311057000000000,num,null,0,null
TriggerRate,1718311087000000000,num,null,0,null
TriggerRate,1718312029000000000,num,null,0,null
TriggerRate,1718312059000000000,num,null,0,null
TriggerRate,1718335534000000000,num,null,0,null
TriggerRate,1718335594000000000,num,null,0,null
TriggerRate,1718335714000000000,num,null,0,null
TriggerRate,1718335774000000000,num,null,0,null
TriggerRate,1718335834000000000,num,null,0,null
TriggerRate,1718335894000000000,num,null,0,null
TriggerRate,1718335954000000000,num,null,0,null
TriggerRate,1718336014000000000,num,null,109,null
TriggerRate,1718336074000000000,num,null,109,null
TriggerRate,1718336134000000000,num,null,103,null
TriggerRate,1718336194000000000,num,null,103,null
TriggerRate,1718336254000000000,num,null,80,null
TriggerRate,1718336314000000000,num,null,80,null
TriggerRate,1718336374000000000,num,null,80,null
TriggerRate,1718336434000000000,num,null,80,null
TriggerRate,1718336494000000000,num,null,80,null
TriggerRate,1718336554000000000,num,null,80,null
TriggerRate,1718336614000000000,num,null,80,null
TriggerRate,1718336674000000000,num,null,80,null
TriggerRate,1718336734000000000,num,null,80,null
TriggerRate,1718336794000000000,num,null,80,null
TriggerRate,1718336854000000000,num,null,80,null
TriggerRate,1718336914000000000,num,null,80,null
TriggerRate,1718336974000000000,num,null,80,null
TriggerRate,1718337034000000000,num,null,80,null
TriggerRate,1718337094000000000,num,null,80,null
TriggerRate,1718337154000000000,num,null,80,null
TriggerRate,1718337214000000000,num,null,80,null
TriggerRate,1718337274000000000,num,null,80,null
TriggerRate,1718337334000000000,num,null,80,null
TriggerRate,1718337394000000000,num,null,80,null
TriggerRate,1718337454000000000,num,null,80,null
TriggerRate,1718337514000000000,num,null,80,null
TriggerRate,1718337574000000000,num,null,80,null
TriggerRate,1718337634000000000,num,null,80,null
TriggerRate,1718337664000000000,num,null,80,null
TriggerRate,1718338110000000000,num,null,0,null
TriggerRate,1718338170000000000,num,null,0,null
TriggerRate,1718338290000000000,num,null,0,null
TriggerRate,1718338350000000000,num,null,0,null
TriggerRate,1718338410000000000,num,null,0,null
TriggerRate,1718338470000000000,num,null,0,null
TriggerRate,1718338530000000000,num,null,0,null
TriggerRate,1718338590000000000,num,null,103,null
TriggerRate,1718338650000000000,num,null,103,null
TriggerRate,1718338710000000000,num,null,102,null
TriggerRate,1718338770000000000,num,null,102,null
TriggerRate,1718338830000000000,num,null,102,null
TriggerRate,1718338890000000000,num,null,102,null
TriggerRate,1718338950000000000,num,null,102,null
TriggerRate,1718339010000000000,num,null,102,null
TriggerRate,1718339070000000000,num,null,102,null
TriggerRate,1718339130000000000,num,null,102,null
TriggerRate,1718339190000000000,num,null,102,null
TriggerRate,1718339250000000000,num,null,102,null
TriggerRate,1718339310000000000,num,null,102,null
TriggerRate,1718339370000000000,num,null,102,null
TriggerRate,1718339430000000000,num,null,102,null
TriggerRate,1718339490000000000,num,null,102,null
TriggerRate,1718339550000000000,num,null,102,null
TriggerRate,1718339610000000000,num,null,102,null
TriggerRate,1718339670000000000,num,null,102,null
TriggerRate,1718339700000000000,num,null,102,null
TriggerRate,1718339790000000000,num,null,101,null
TriggerRate,1718339850000000000,num,null,101,null
TriggerRate,1718339910000000000,num,null,101,null
TriggerRate,1718339970000000000,num,null,101,null
TriggerRate,1718340030000000000,num,null,101,null
TriggerRate,1718340090000000000,num,null,101,null
TriggerRate,1718340150000000000,num,null,101,null
TriggerRate,1718340180000000000,num,null,101,null
TriggerRate,1718438148000000000,num,null,0,null
TriggerRate,1718438208000000000,num,null,0,null
TriggerRate,1718438268000000000,num,null,0,null
TriggerRate,1718438328000000000,num,null,0,null
TriggerRate,1718438388000000000,num,null,0,null
TriggerRate,1718438448000000000,num,null,0,null
TriggerRate,1718438508000000000,num,null,0,null
TriggerRate,1718438568000000000,num,null,0,null
TriggerRate,1718438628000000000,num,null,0,null
TriggerRate,1718438688000000000,num,null,0,null
TriggerRate,1718438748000000000,num,null,0,null
TriggerRate,1718438808000000000,num,null,0,null
TriggerRate,1718438868000000000,num,null,0,null
TriggerRate,1718438928000000000,num,null,0,null
TriggerRate,1718439279000000000,num,null,0,null
TriggerRate,1718439339000000000,num,null,0,null
TriggerRate,1718439399000000000,num,null,0,null
TriggerRate,1718439459000000000,num,null,0,null
TriggerRate,1718439519000000000,num,null,0,null
TriggerRate,1718439579000000000,num,null,0,null
TriggerRate,1718440186000000000,num,null,0,null
TriggerRate,1718440246000000000,num,null,0,null
TriggerRate,1718440306000000000,num,null,0,null
TriggerRate,1718440366000000000,num,null,0,null
TriggerRate,1718440426000000000,num,null,0,null
TriggerRate,1718440486000000000,num,null,0,null
TriggerRate,1718440546000000000,num,null,0,null
TriggerRate,1718440606000000000,num,null,0,null
TriggerRate,1718440666000000000,num,null,0,null
TriggerRate,1718440726000000000,num,null,0,null
TriggerRate,1718440786000000000,num,null,0,null
TriggerRate,1718440846000000000,num,null,0,null
TriggerRate,1718440876000000000,num,null,0,null
TriggerRate,1718524532000000000,num,null,0,null
TriggerRate,1718524592000000000,num,null,0,null
TriggerRate,1718524712000000000,num,null,0,null
TriggerRate,1718524772000000000,num,null,0,null
TriggerRate,1718524832000000000,num,null,0,null
TriggerRate,1718524862000000000,num,null,0,null
TriggerRate,1718525204000000000,num,null,0,null
TriggerRate,1718525264000000000,num,null,0,null
TriggerRate,1718525384000000000,num,null,0,null
TriggerRate,1718525444000000000,num,null,0,null
TriggerRate,1718525504000000000,num,null,0,null
TriggerRate,1718525564000000000,num,null,0,null
TriggerRate,1718525624000000000,num,null,0,null
TriggerRate,1718525684000000000,num,null,92,null
TriggerRate,1718525744000000000,num,null,92,null
TriggerRate,1718525804000000000,num,null,103,null
TriggerRate,1718525864000000000,num,null,103,null
TriggerRate,1718525924000000000,num,null,103,null
TriggerRate,1718525984000000000,num,null,103,null
TriggerRate,1718526044000000000,num,null,103,null
TriggerRate,1718526104000000000,num,null,103,null
TriggerRate,1718526164000000000,num,null,103,null
TriggerRate,1718526224000000000,num,null,103,null
TriggerRate,1718526284000000000,num,null,103,null
TriggerRate,1718526344000000000,num,null,103,null
TriggerRate,1718526404000000000,num,null,103,null
TriggerRate,1718526464000000000,num,null,103,null
TriggerRate,1718526524000000000,num,null,103,null
TriggerRate,1718526584000000000,num,null,103,null
TriggerRate,1718526644000000000,num,null,103,null
TriggerRate,1718526704000000000,num,null,103,null
TriggerRate,1718526764000000000,num,null,103,null
TriggerRate,1718526794000000000,num,null,103,null
TriggerRate,1718526884000000000,num,null,102,null
TriggerRate,1718526944000000000,num,null,102,null
TriggerRate,1718527004000000000,num,null,102,null
TriggerRate,1718527064000000000,num,null,102,null
TriggerRate,1718527124000000000,num,null,102,null
TriggerRate,1718527184000000000,num,null,102,null
TriggerRate,1718527244000000000,num,null,102,null
TriggerRate,1718527304000000000,num,null,102,null
TriggerRate,1718527364000000000,num,null,102,null
TriggerRate,1718527424000000000,num,null,102,null
TriggerRate,1718527664000000000,num,null,102,null
TriggerRate,1718527724000000000,num,null,102,null
TriggerRate,1718527784000000000,num,null,102,null
TriggerRate,1718527844000000000,num,null,102,null
TriggerRate,1718527904000000000,num,null,102,null
TriggerRate,1718527964000000000,num,null,102,null
TriggerRate,1718528444000000000,num,null,102,null
TriggerRate,1718528504000000000,num,null,102,null
TriggerRate,1718528564000000000,num,null,65535,null
TriggerRate,1718528624000000000,num,null,65535,null
TriggerRate,1718528684000000000,num,null,3999,null
TriggerRate,1718528744000000000,num,null,3999,null
TriggerRate,1718612931000000000,num,null,0,null
TriggerRate,1718612961000000000,num,null,0,null
TriggerRate,1718613051000000000,num,null,0,null
TriggerRate,1718613111000000000,num,null,0,null
TriggerRate,1718613171000000000,num,null,0,null
TriggerRate,1718613231000000000,num,null,0,null
TriggerRate,1718613291000000000,num,null,44,null
TriggerRate,1718613351000000000,num,null,44,null
TriggerRate,1718613411000000000,num,null,102,null
TriggerRate,1718613471000000000,num,null,102,null
TriggerRate,1718613531000000000,num,null,102,null
TriggerRate,1718613591000000000,num,null,102,null
TriggerRate,1718613651000000000,num,null,102,null
TriggerRate,1718613711000000000,num,null,102,null
TriggerRate,1718613771000000000,num,null,102,null
TriggerRate,1718613831000000000,num,null,102,null
TriggerRate,1718613891000000000,num,null,102,null
TriggerRate,1718613951000000000,num,null,102,null
TriggerRate,1718614011000000000,num,null,102,null
TriggerRate,1718614071000000000,num,null,102,null
TriggerRate,1718614131000000000,num,null,102,null
TriggerRate,1718614191000000000,num,null,102,null
TriggerRate,1718614251000000000,num,null,102,null
TriggerRate,1718614311000000000,num,null,102,null
TriggerRate,1718614371000000000,num,null,102,null
TriggerRate,1718614431000000000,num,null,102,null
TriggerRate,1718614491000000000,num,null,7,null
TriggerRate,1718614551000000000,num,null,7,null
TriggerRate,1718614611000000000,num,null,7,null
TriggerRate,1718614671000000000,num,null,7,null
TriggerRate,1718614731000000000,num,null,7,null
TriggerRate,1718614791000000000,num,null,7,null
TriggerRate,1718614851000000000,num,null,7,null
TriggerRate,1718614911000000000,num,null,7,null
TriggerRate,1718614971000000000,num,null,7,null
TriggerRate,1718615031000000000,num,null,7,null
TriggerRate,1718615091000000000,num,null,7,null
TriggerRate,1718615151000000000,num,null,7,null
TriggerRate,1718615211000000000,num,null,7,null
TriggerRate,1718615271000000000,num,null,7,null
TriggerRate,1718615331000000000,num,null,7,null
TriggerRate,1718615391000000000,num,null,7,null
TriggerRate,1718615421000000000,num,null,7,null
TriggerRate,1718615631000000000,num,null,7,null
TriggerRate,1718615691000000000,num,null,7,null
TriggerRate,1718615751000000000,num,null,7,null
TriggerRate,1718615781000000000,num,null,7,null
TriggerRate,1718615871000000000,num,null,7,null
TriggerRate,1718615901000000000,num,null,7,null
TriggerRate,1718616411000000000,num,null,7,null
TriggerRate,1718616471000000000,num,null,7,null
TriggerRate,1718616531000000000,num,null,65535,null
TriggerRate,1718616591000000000,num,null,65535,null
TriggerRate,1718616651000000000,num,null,110,null
TriggerRate,1718616711000000000,num,null,110,null
TriggerRate,1718616771000000000,num,null,102,null
TriggerRate,1718616831000000000,num,null,102,null
TriggerRate,1718616891000000000,num,null,97,null
TriggerRate,1718616951000000000,num,null,97,null
TriggerRate,1718617011000000000,num,null,77,null
TriggerRate,1718617071000000000,num,null,77,null
TriggerRate,1718617131000000000,num,null,71,null
TriggerRate,1718617191000000000,num,null,71,null
TriggerRate,1718617251000000000,num,null,75,null
TriggerRate,1718617311000000000,num,null,75,null
TriggerRate,1718617371000000000,num,null,79,null
TriggerRate,1718617431000000000,num,null,79,null
TriggerRate,1718617491000000000,num,null,63,null
TriggerRate,1718617551000000000,num,null,63,null
TriggerRate,1718617611000000000,num,null,59,null
TriggerRate,1718617671000000000,num,null,59,null
TriggerRate,1718617851000000000,num,null,55,null
TriggerRate,1718617911000000000,num,null,55,null
TriggerRate,1718617971000000000,num,null,63,null
TriggerRate,1718618031000000000,num,null,63,null
TriggerRate,1718618091000000000,num,null,64,null
TriggerRate,1718618151000000000,num,null,64,null
TriggerRate,1718618211000000000,num,null,2480,null
TriggerRate,1718618271000000000,num,null,2480,null
TriggerRate,1718618331000000000,num,null,63,null
TriggerRate,1718618391000000000,num,null,63,null
TriggerRate,1718618451000000000,num,null,60,null
TriggerRate,1718618511000000000,num,null,60,null
TriggerRate,1718618571000000000,num,null,55,null
TriggerRate,1718618631000000000,num,null,55,null
TriggerRate,1718618691000000000,num,null,48,null
TriggerRate,1718618751000000000,num,null,48,null
TriggerRate,1718618811000000000,num,null,61,null
TriggerRate,1718618871000000000,num,null,61,null
TriggerRate,1718618931000000000,num,null,51,null
TriggerRate,1718618991000000000,num,null,51,null
TriggerRate,1718619051000000000,num,null,61,null
TriggerRate,1718619111000000000,num,null,61,null
TriggerRate,1718619171000000000,num,null,58,null
TriggerRate,1718619231000000000,num,null,58,null
TriggerRate,1718619291000000000,num,null,60,null
TriggerRate,1718619351000000000,num,null,60,null
TriggerRate,1718619411000000000,num,null,57,null
TriggerRate,1718619471000000000,num,null,57,null
TriggerRate,1718619531000000000,num,null,60,null
TriggerRate,1718619591000000000,num,null,60,null
TriggerRate,1718619651000000000,num,null,70,null
TriggerRate,1718619711000000000,num,null,70,null
TriggerRate,1718619771000000000,num,null,59,null
TriggerRate,1718619831000000000,num,null,59,null
TriggerRate,1718619891000000000,num,null,66,null
TriggerRate,1718619951000000000,num,null,66,null
TriggerRate,1718620011000000000,num,null,80,null
TriggerRate,1718620071000000000,num,null,80,null
TriggerRate,1718620131000000000,num,null,81,null
TriggerRate,1718620191000000000,num,null,81,null
TriggerRate,1718620251000000000,num,null,97,null
TriggerRate,1718620311000000000,num,null,97,null
TriggerRate,1718620371000000000,num,null,136,null
TriggerRate,1718620431000000000,num,null,136,null
TriggerRate,1718620491000000000,num,null,183,null
TriggerRate,1718620551000000000,num,null,183,null
TriggerRate,1718620611000000000,num,null,238,null
TriggerRate,1718620671000000000,num,null,238,null
TriggerRate,1718620701000000000,num,null,456,null
TriggerRate,1718685334000000000,num,null,0,null
TriggerRate,1718685394000000000,num,null,0,null
TriggerRate,1718685454000000000,num,null,0,null
TriggerRate,1718685514000000000,num,null,0,null
TriggerRate,1718685574000000000,num,null,0,null
TriggerRate,1718685634000000000,num,null,0,null
TriggerRate,1718685694000000000,num,null,0,null
TriggerRate,1718685754000000000,num,null,0,null
TriggerRate,1718685814000000000,num,null,0,null
TriggerRate,1718685874000000000,num,null,0,null
TriggerRate,1718685934000000000,num,null,40,null
TriggerRate,1718685994000000000,num,null,40,null
TriggerRate,1718686054000000000,num,null,103,null
TriggerRate,1718686114000000000,num,null,103,null
TriggerRate,1718687503000000000,num,null,0,null
TriggerRate,1718687533000000000,num,null,0,null
TriggerRate,1718687623000000000,num,null,0,null
TriggerRate,1718687683000000000,num,null,48,null
TriggerRate,1718687743000000000,num,null,48,null
TriggerRate,1718687803000000000,num,null,102,null
TriggerRate,1718687863000000000,num,null,102,null
TriggerRate,1718687923000000000,num,null,102,null
TriggerRate,1718689289000000000,num,null,0,null
TriggerRate,1718689319000000000,num,null,0,null
TriggerRate,1718689409000000000,num,null,0,null
TriggerRate,1718689469000000000,num,null,18,null
TriggerRate,1718689529000000000,num,null,18,null
TriggerRate,1718689589000000000,num,null,102,null
TriggerRate,1718691075000000000,num,null,0,null
TriggerRate,1718691225000000000,num,null,0,null
TriggerRate,1718691285000000000,num,null,90,null
TriggerRate,1718691345000000000,num,null,90,null
TriggerRate,1718691405000000000,num,null,102,null
TriggerRate,1718691465000000000,num,null,102,null
TriggerRate,1718691495000000000,num,null,102,null
TriggerRate,1718693080000000000,num,null,0,null
TriggerRate,1718693140000000000,num,null,0,null
TriggerRate,1718693200000000000,num,null,0,null
TriggerRate,1718693260000000000,num,null,46,null
TriggerRate,1718693320000000000,num,null,46,null
TriggerRate,1718693380000000000,num,null,102,null
TriggerRate,1718693410000000000,num,null,102,null
TriggerRate,1718694896000000000,num,null,0,null
TriggerRate,1718694926000000000,num,null,0,null
TriggerRate,1718695016000000000,num,null,0,null
TriggerRate,1718695076000000000,num,null,0,null
TriggerRate,1718695136000000000,num,null,78,null
TriggerRate,1718695196000000000,num,null,78,null
TriggerRate,1718695256000000000,num,null,102,null
TriggerRate,1718695316000000000,num,null,102,null
TriggerRate,1718726449000000000,num,null,0,null
TriggerRate,1718726509000000000,num,null,0,null
TriggerRate,1718726569000000000,num,null,0,null
TriggerRate,1718726599000000000,num,null,0,null
TriggerRate,1718727169000000000,num,null,0,null
TriggerRate,1718727229000000000,num,null,0,null
TriggerRate,1718727289000000000,num,null,0,null
TriggerRate,1718727679000000000,num,null,0,null
TriggerRate,1718727829000000000,num,null,0,null
TriggerRate,1718727889000000000,num,null,0,null
TriggerRate,1718727949000000000,num,null,0,null
TriggerRate,1718728009000000000,num,null,0,null
TriggerRate,1718728039000000000,num,null,0,null
TriggerRate,1718728249000000000,num,null,0,null
TriggerRate,1718728429000000000,num,null,0,null
TriggerRate,1718728489000000000,num,null,0,null
TriggerRate,1718728549000000000,num,null,0,null
TriggerRate,1718728579000000000,num,null,0,null
TriggerRate,1718728895000000000,num,null,0,null
TriggerRate,1718728955000000000,num,null,0,null
TriggerRate,1718729075000000000,num,null,0,null
TriggerRate,1718729135000000000,num,null,0,null
TriggerRate,1718729195000000000,num,null,0,null
TriggerRate,1718729255000000000,num,null,18,null
TriggerRate,1718729315000000000,num,null,18,null
TriggerRate,1718729375000000000,num,null,102,null
TriggerRate,1718729405000000000,num,null,102,null
TriggerRate,1718730452000000000,num,null,0,null
TriggerRate,1718730512000000000,num,null,0,null
TriggerRate,1718730632000000000,num,null,0,null
TriggerRate,1718730692000000000,num,null,0,null
TriggerRate,1718730752000000000,num,null,0,null
TriggerRate,1718730812000000000,num,null,0,null
TriggerRate,1718730872000000000,num,null,0,null
TriggerRate,1718730932000000000,num,null,109,null
TriggerRate,1718730992000000000,num,null,109,null
TriggerRate,1718731052000000000,num,null,102,null
TriggerRate,1718731112000000000,num,null,102,null
TriggerRate,1718731172000000000,num,null,102,null
TriggerRate,1718731232000000000,num,null,102,null
TriggerRate,1718731292000000000,num,null,102,null
TriggerRate,1718731352000000000,num,null,102,null
TriggerRate,1718731412000000000,num,null,102,null
TriggerRate,1718731472000000000,num,null,102,null
TriggerRate,1718731532000000000,num,null,102,null
TriggerRate,1718731592000000000,num,null,102,null
TriggerRate,1718731652000000000,num,null,102,null
TriggerRate,1718731712000000000,num,null,102,null
TriggerRate,1718731772000000000,num,null,102,null
TriggerRate,1718731832000000000,num,null,102,null
TriggerRate,1718731892000000000,num,null,102,null
TriggerRate,1718731952000000000,num,null,33,null
TriggerRate,1718732012000000000,num,null,33,null
TriggerRate,1718732072000000000,num,null,33,null
TriggerRate,1718732102000000000,num,null,33,null
TriggerRate,1718772224000000000,num,null,0,null
TriggerRate,1718772254000000000,num,null,0,null
TriggerRate,1718772344000000000,num,null,0,null
TriggerRate,1718772404000000000,num,null,0,null
TriggerRate,1718772464000000000,num,null,86,null
TriggerRate,1718772524000000000,num,null,86,null
TriggerRate,1718772584000000000,num,null,102,null
TriggerRate,1718772644000000000,num,null,102,null
TriggerRate,1718774134000000000,num,null,0,null
TriggerRate,1718774254000000000,num,null,0,null
TriggerRate,1718774314000000000,num,null,58,null
TriggerRate,1718774374000000000,num,null,58,null
TriggerRate,1718774434000000000,num,null,102,null
TriggerRate,1718774464000000000,num,null,102,null
TriggerRate,1719290994000000000,num,null,0,null
TriggerRate,1719291054000000000,num,null,0,null
TriggerRate,1719291114000000000,num,null,0,null
TriggerRate,1719291174000000000,num,null,0,null
TriggerRate,1719291234000000000,num,null,0,null
TriggerRate,1719291294000000000,num,null,0,null
TriggerRate,1719291354000000000,num,null,0,null
TriggerRate,1719291414000000000,num,null,0,null
TriggerRate,1719291474000000000,num,null,0,null
TriggerRate,1719291534000000000,num,null,0,null
TriggerRate,1719291594000000000,num,null,0,null
TriggerRate,1719291654000000000,num,null,0,null
TriggerRate,1719291714000000000,num,null,0,null
TriggerRate,1719291774000000000,num,null,0,null
TriggerRate,1719291834000000000,num,null,0,null
TriggerRate,1719292196000000000,num,null,0,null
TriggerRate,1719292256000000000,num,null,0,null
TriggerRate,1719292286000000000,num,null,0,null
TriggerRate,1719292346000000000,num,null,0,null
TriggerRate,1719292669000000000,num,null,0,null
TriggerRate,1719292729000000000,num,null,0,null
TriggerRate,1719292849000000000,num,null,0,null
TriggerRate,1719292909000000000,num,null,0,null
TriggerRate,1719292969000000000,num,null,0,null
TriggerRate,1719293029000000000,num,null,18,null
TriggerRate,1719293089000000000,num,null,18,null
TriggerRate,1719293149000000000,num,null,102,null
TriggerRate,1719293209000000000,num,null,102,null
TriggerRate,1719293269000000000,num,null,102,null
TriggerRate,1719293329000000000,num,null,102,null
TriggerRate,1719293389000000000,num,null,102,null
TriggerRate,1719293449000000000,num,null,102,null
TriggerRate,1719293479000000000,num,null,102,null
TriggerRate,1719293569000000000,num,null,8,null
TriggerRate,1719293629000000000,num,null,8,null
TriggerRate,1719293809000000000,num,null,8,null
TriggerRate,1719293869000000000,num,null,8,null
TriggerRate,1719293929000000000,num,null,8,null
TriggerRate,1719293989000000000,num,null,8,null
TriggerRate,1719294049000000000,num,null,8,null
TriggerRate,1719294079000000000,num,null,8,null
TriggerRate,1719294169000000000,num,null,8,null
TriggerRate,1719294229000000000,num,null,65535,null
TriggerRate,1719294289000000000,num,null,65535,null
TriggerRate,1719294349000000000,num,null,105,null
TriggerRate,1719294409000000000,num,null,53,null
TriggerRate,1719294469000000000,num,null,53,null
TriggerRate,1719294529000000000,num,null,53,null
TriggerRate,1719372344000000000,num,null,0,null
TriggerRate,1719372404000000000,num,null,0,null
TriggerRate,1719372464000000000,num,null,0,null
TriggerRate,1719372524000000000,num,null,0,null
TriggerRate,1719372584000000000,num,null,0,null
TriggerRate,1719372644000000000,num,null,0,null
TriggerRate,1719372704000000000,num,null,0,null
TriggerRate,1719372764000000000,num,null,0,null
TriggerRate,1719372824000000000,num,null,0,null
TriggerRate,1719372884000000000,num,null,0,null
TriggerRate,1719372944000000000,num,null,0,null
TriggerRate,1719373004000000000,num,null,0,null
TriggerRate,1719373064000000000,num,null,0,null
TriggerRate,1719373124000000000,num,null,0,null
TriggerRate,1719373184000000000,num,null,0,null
TriggerRate,1719373244000000000,num,null,0,null
TriggerRate,1719373304000000000,num,null,0,null
TriggerRate,1719373364000000000,num,null,0,null
TriggerRate,1719373424000000000,num,null,0,null
TriggerRate,1719373484000000000,num,null,0,null
TriggerRate,1719373544000000000,num,null,0,null
TriggerRate,1719373604000000000,num,null,0,null
TriggerRate,1719373664000000000,num,null,0,null
TriggerRate,1719373724000000000,num,null,0,null
TriggerRate,1719373784000000000,num,null,0,null
TriggerRate,1719373844000000000,num,null,0,null
TriggerRate,1719373904000000000,num,null,0,null
TriggerRate,1719373964000000000,num,null,0,null
TriggerRate,1719374307000000000,num,null,0,null
TriggerRate,1719374367000000000,num,null,0,null
TriggerRate,1719374487000000000,num,null,0,null
TriggerRate,1719374577000000000,num,null,0,null
TriggerRate,1719374607000000000,num,null,0,null
TriggerRate,1719374667000000000,num,null,0,null
TriggerRate,1719374727000000000,num,null,0,null
TriggerRate,1719374787000000000,num,null,27,null
TriggerRate,1719374847000000000,num,null,27,null
TriggerRate,1719374907000000000,num,null,27,null
TriggerRate,1719374967000000000,num,null,27,null
TriggerRate,1719375027000000000,num,null,27,null
TriggerRate,1719375087000000000,num,null,27,null
TriggerRate,1719375147000000000,num,null,27,null
TriggerRate,1719375207000000000,num,null,27,null
TriggerRate,1719375267000000000,num,null,27,null
TriggerRate,1719375327000000000,num,null,27,null
TriggerRate,1719375387000000000,num,null,27,null
TriggerRate,1719375447000000000,num,null,27,null
TriggerRate,1719375507000000000,num,null,65535,null
TriggerRate,1719375597000000000,num,null,102,null
TriggerRate,1719375627000000000,num,null,102,null
TriggerRate,1719375657000000000,num,null,102,null
TriggerRate,1719375747000000000,num,null,103,null
TriggerRate,1719375807000000000,num,null,103,null
TriggerRate,1719375867000000000,num,null,103,null
TriggerRate,1719375957000000000,num,null,103,null
TriggerRate,1719375987000000000,num,null,103,null
TriggerRate,1719376047000000000,num,null,103,null
TriggerRate,1719376107000000000,num,null,103,null
TriggerRate,1719376167000000000,num,null,103,null
TriggerRate,1719376227000000000,num,null,103,null
TriggerRate,1719376317000000000,num,null,103,null
TriggerRate,1719458081000000000,num,null,0,null
TriggerRate,1719458141000000000,num,null,0,null
TriggerRate,1719458261000000000,num,null,0,null
TriggerRate,1719458321000000000,num,null,0,null
TriggerRate,1719458381000000000,num,null,0,null
TriggerRate,1719458441000000000,num,null,0,null
TriggerRate,1719458501000000000,num,null,0,null
TriggerRate,1719458561000000000,num,null,92,null
TriggerRate,1719458621000000000,num,null,92,null
TriggerRate,1719458681000000000,num,null,102,null
TriggerRate,1719458741000000000,num,null,102,null
TriggerRate,1719458801000000000,num,null,102,null
TriggerRate,1719458861000000000,num,null,102,null
TriggerRate,1719458921000000000,num,null,102,null
TriggerRate,1719458981000000000,num,null,102,null
TriggerRate,1719459041000000000,num,null,102,null
TriggerRate,1719459101000000000,num,null,102,null
TriggerRate,1719459161000000000,num,null,102,null
TriggerRate,1719459221000000000,num,null,102,null
TriggerRate,1719459251000000000,num,null,102,null
TriggerRate,1719459765000000000,num,null,0,null
TriggerRate,1719459825000000000,num,null,0,null
TriggerRate,1719459945000000000,num,null,0,null
TriggerRate,1719460005000000000,num,null,0,null
TriggerRate,1719460065000000000,num,null,0,null
TriggerRate,1719460125000000000,num,null,18,null
TriggerRate,1719460185000000000,num,null,18,null
TriggerRate,1719460245000000000,num,null,102,null
TriggerRate,1719460305000000000,num,null,102,null
TriggerRate,1719460365000000000,num,null,102,null
TriggerRate,1719460425000000000,num,null,102,null
TriggerRate,1719460485000000000,num,null,102,null
TriggerRate,1719460545000000000,num,null,102,null
TriggerRate,1719460605000000000,num,null,102,null
TriggerRate,1719460665000000000,num,null,102,null
TriggerRate,1719460725000000000,num,null,102,null
TriggerRate,1719460785000000000,num,null,102,null
TriggerRate,1719460845000000000,num,null,102,null
TriggerRate,1719460905000000000,num,null,102,null
TriggerRate,1719460965000000000,num,null,102,null
TriggerRate,1719461025000000000,num,null,102,null
TriggerRate,1719461085000000000,num,null,102,null
TriggerRate,1719461145000000000,num,null,102,null
TriggerRate,1719461205000000000,num,null,102,null
TriggerRate,1719461265000000000,num,null,102,null
TriggerRate,1719461325000000000,num,null,102,null
TriggerRate,1719461385000000000,num,null,20,null
TriggerRate,1719461445000000000,num,null,20,null
TriggerRate,1719461505000000000,num,null,20,null
TriggerRate,1719461565000000000,num,null,20,null
TriggerRate,1719461625000000000,num,null,20,null
TriggerRate,1719461685000000000,num,null,20,null
TriggerRate,1719461745000000000,num,null,20,null
TriggerRate,1719461805000000000,num,null,20,null
TriggerRate,1719461865000000000,num,null,20,null
TriggerRate,1719461925000000000,num,null,20,null
TriggerRate,1719461985000000000,num,null,20,null
TriggerRate,1719462045000000000,num,null,20,null
TriggerRate,1719462105000000000,num,null,20,null
TriggerRate,1719462165000000000,num,null,20,null
TriggerRate,1719462225000000000,num,null,20,null
TriggerRate,1719462285000000000,num,null,20,null
TriggerRate,1719462345000000000,num,null,20,null
TriggerRate,1719462405000000000,num,null,20,null
TriggerRate,1719462465000000000,num,null,20,null
TriggerRate,1719462525000000000,num,null,20,null
TriggerRate,1719462585000000000,num,null,20,null
TriggerRate,1719462645000000000,num,null,20,null
TriggerRate,1719462705000000000,num,null,20,null
TriggerRate,1719462765000000000,num,null,20,null
TriggerRate,1719462825000000000,num,null,20,null
TriggerRate,1719462885000000000,num,null,20,null
TriggerRate,1719462945000000000,num,null,20,null
TriggerRate,1719463005000000000,num,null,20,null
TriggerRate,1719463065000000000,num,null,20,null
TriggerRate,1719463125000000000,num,null,20,null
TriggerRate,1719463185000000000,num,null,20,null
TriggerRate,1719463245000000000,num,null,20,null
TriggerRate,1719463305000000000,num,null,20,null
TriggerRate,1719463365000000000,num,null,20,null
TriggerRate,1719463425000000000,num,null,20,null
TriggerRate,1719463485000000000,num,null,20,null
TriggerRate,1719463545000000000,num,null,20,null
TriggerRate,1719463605000000000,num,null,20,null
TriggerRate,1719463665000000000,num,null,20,null
TriggerRate,1719463725000000000,num,null,20,null
TriggerRate,1719463785000000000,num,null,20,null
TriggerRate,1719463845000000000,num,null,20,null
TriggerRate,1719463905000000000,num,null,20,null
TriggerRate,1719463965000000000,num,null,20,null
TriggerRate,1719464025000000000,num,null,20,null
TriggerRate,1719464085000000000,num,null,20,null
TriggerRate,1719464145000000000,num,null,20,null
TriggerRate,1719464205000000000,num,null,20,null
TriggerRate,1719464265000000000,num,null,20,null
TriggerRate,1719464325000000000,num,null,20,null
TriggerRate,1719464385000000000,num,null,20,null
TriggerRate,1719464445000000000,num,null,20,null
TriggerRate,1719464505000000000,num,null,20,null
TriggerRate,1719464565000000000,num,null,20,null
TriggerRate,1719464625000000000,num,null,20,null
TriggerRate,1719464685000000000,num,null,20,null
TriggerRate,1719464745000000000,num,null,20,null
TriggerRate,1719464805000000000,num,null,20,null
TriggerRate,1719464865000000000,num,null,20,null
TriggerRate,1719464925000000000,num,null,20,null
TriggerRate,1719464985000000000,num,null,20,null
TriggerRate,1719465045000000000,num,null,20,null
TriggerRate,1719465105000000000,num,null,20,null
TriggerRate,1719465165000000000,num,null,20,null
TriggerRate,1719465225000000000,num,null,20,null
TriggerRate,1719465285000000000,num,null,20,null
TriggerRate,1719465345000000000,num,null,20,null
TriggerRate,1719465405000000000,num,null,20,null
TriggerRate,1719465465000000000,num,null,20,null
TriggerRate,1719465525000000000,num,null,20,null
TriggerRate,1719465585000000000,num,null,20,null
TriggerRate,1719465645000000000,num,null,20,null
TriggerRate,1719465705000000000,num,null,20,null
TriggerRate,1719465765000000000,num,null,20,null
TriggerRate,1719465825000000000,num,null,20,null
TriggerRate,1719465885000000000,num,null,20,null
TriggerRate,1719465945000000000,num,null,20,null
TriggerRate,1719466005000000000,num,null,20,null
TriggerRate,1719466065000000000,num,null,20,null
TriggerRate,1719466125000000000,num,null,20,null
TriggerRate,1719466185000000000,num,null,20,null
TriggerRate,1719466245000000000,num,null,20,null
TriggerRate,1719466305000000000,num,null,20,null
TriggerRate,1719466365000000000,num,null,20,null
TriggerRate,1719466425000000000,num,null,20,null
TriggerRate,1719466485000000000,num,null,20,null
TriggerRate,1719466545000000000,num,null,20,null
TriggerRate,1719466605000000000,num,null,20,null
TriggerRate,1719466665000000000,num,null,20,null
TriggerRate,1719466725000000000,num,null,20,null
TriggerRate,1719466785000000000,num,null,20,null
TriggerRate,1719466845000000000,num,null,20,null
TriggerRate,1719466905000000000,num,null,20,null
TriggerRate,1719466965000000000,num,null,20,null
TriggerRate,1719467025000000000,num,null,20,null
TriggerRate,1719467085000000000,num,null,20,null
TriggerRate,1719467145000000000,num,null,20,null
TriggerRate,1719467205000000000,num,null,20,null
TriggerRate,1719467265000000000,num,null,20,null
TriggerRate,1719467325000000000,num,null,20,null
TriggerRate,1719467385000000000,num,null,20,null
TriggerRate,1719467445000000000,num,null,20,null
TriggerRate,1719467505000000000,num,null,20,null
TriggerRate,1719467565000000000,num,null,20,null
TriggerRate,1719467625000000000,num,null,20,null
TriggerRate,1719468105000000000,num,null,20,null
TriggerRate,1719468135000000000,num,null,20,null
TriggerRate,1719468525000000000,num,null,20,null
TriggerRate,1719468585000000000,num,null,20,null
TriggerRate,1719468645000000000,num,null,20,null
TriggerRate,1719468705000000000,num,null,20,null
TriggerRate,1719468765000000000,num,null,20,null
TriggerRate,1719468825000000000,num,null,20,null
TriggerRate,1719468885000000000,num,null,20,null
TriggerRate,1719468945000000000,num,null,20,null
TriggerRate,1719469005000000000,num,null,20,null
TriggerRate,1719469065000000000,num,null,20,null
TriggerRate,1719469125000000000,num,null,20,null
TriggerRate,1719469185000000000,num,null,20,null
TriggerRate,1719469245000000000,num,null,20,null
TriggerRate,1719469305000000000,num,null,20,null
TriggerRate,1719469365000000000,num,null,20,null
TriggerRate,1719469395000000000,num,null,20,null
TriggerRate,1719541358000000000,num,null,0,null
TriggerRate,1719541418000000000,num,null,0,null
TriggerRate,1719541538000000000,num,null,0,null
TriggerRate,1719541598000000000,num,null,0,null
TriggerRate,1719541658000000000,num,null,0,null
TriggerRate,1719541718000000000,num,null,0,null
TriggerRate,1719541778000000000,num,null,0,null
TriggerRate,1719541838000000000,num,null,79,null
TriggerRate,1719541898000000000,num,null,79,null
TriggerRate,1719541958000000000,num,null,102,null
TriggerRate,1719542018000000000,num,null,102,null
TriggerRate,1719542078000000000,num,null,102,null
TriggerRate,1719542138000000000,num,null,102,null
TriggerRate,1719542198000000000,num,null,102,null
TriggerRate,1719542258000000000,num,null,102,null
TriggerRate,1719542288000000000,num,null,102,null
TriggerRate,1719542378000000000,num,null,32,null
TriggerRate,1719542438000000000,num,null,32,null
TriggerRate,1719542498000000000,num,null,32,null
TriggerRate,1719542558000000000,num,null,32,null
TriggerRate,1719542618000000000,num,null,32,null
TriggerRate,1719542678000000000,num,null,32,null
TriggerRate,1719542738000000000,num,null,32,null
TriggerRate,1719542798000000000,num,null,32,null
TriggerRate,1719542858000000000,num,null,32,null
TriggerRate,1719542918000000000,num,null,32,null
TriggerRate,1719542978000000000,num,null,32,null
TriggerRate,1719543038000000000,num,null,32,null
TriggerRate,1719543389000000000,num,null,0,null
TriggerRate,1719543449000000000,num,null,0,null
TriggerRate,1719543569000000000,num,null,0,null
TriggerRate,1719543659000000000,num,null,0,null
TriggerRate,1719543689000000000,num,null,0,null
TriggerRate,1719543749000000000,num,null,0,null
TriggerRate,1719543809000000000,num,null,0,null
TriggerRate,1719543869000000000,num,null,79,null
TriggerRate,1719543929000000000,num,null,79,null
TriggerRate,1719543989000000000,num,null,102,null
TriggerRate,1719544049000000000,num,null,102,null
TriggerRate,1719544109000000000,num,null,102,null
TriggerRate,1719544169000000000,num,null,102,null
TriggerRate,1719544229000000000,num,null,102,null
TriggerRate,1719544289000000000,num,null,102,null
TriggerRate,1719544349000000000,num,null,102,null
TriggerRate,1719544409000000000,num,null,102,null
TriggerRate,1719544469000000000,num,null,102,null
TriggerRate,1719544529000000000,num,null,102,null
TriggerRate,1719544589000000000,num,null,102,null
TriggerRate,1719544649000000000,num,null,102,null
TriggerRate,1719544709000000000,num,null,102,null
TriggerRate,1719544769000000000,num,null,102,null
TriggerRate,1719544829000000000,num,null,102,null
TriggerRate,1719544889000000000,num,null,102,null
TriggerRate,1719544949000000000,num,null,102,null
TriggerRate,1719545009000000000,num,null,102,null
TriggerRate,1719545069000000000,num,null,102,null
TriggerRate,1719545129000000000,num,null,50,null
TriggerRate,1719545189000000000,num,null,50,null
TriggerRate,1719545249000000000,num,null,50,null
TriggerRate,1719545309000000000,num,null,50,null
TriggerRate,1719545369000000000,num,null,50,null
TriggerRate,1719545429000000000,num,null,50,null
TriggerRate,1719545489000000000,num,null,50,null
TriggerRate,1719545549000000000,num,null,50,null
TriggerRate,1719545609000000000,num,null,50,null
TriggerRate,1719545669000000000,num,null,50,null
TriggerRate,1719545729000000000,num,null,50,null
TriggerRate,1719545789000000000,num,null,50,null
TriggerRate,1719545849000000000,num,null,50,null
TriggerRate,1719545909000000000,num,null,50,null
TriggerRate,1719545969000000000,num,null,50,null
TriggerRate,1719546029000000000,num,null,50,null
TriggerRate,1719546089000000000,num,null,50,null
TriggerRate,1719546149000000000,num,null,50,null
TriggerRate,1719546209000000000,num,null,50,null
TriggerRate,1719546269000000000,num,null,50,null
TriggerRate,1719546329000000000,num,null,50,null
TriggerRate,1719546389000000000,num,null,50,null
TriggerRate,1719546449000000000,num,null,50,null
TriggerRate,1719546509000000000,num,null,50,null
TriggerRate,1719546569000000000,num,null,50,null
TriggerRate,1719546629000000000,num,null,50,null
TriggerRate,1719546689000000000,num,null,50,null
TriggerRate,1719546749000000000,num,null,50,null
TriggerRate,1719546809000000000,num,null,50,null
TriggerRate,1719546869000000000,num,null,50,null
TriggerRate,1719546929000000000,num,null,50,null
TriggerRate,1719546989000000000,num,null,50,null
TriggerRate,1719547049000000000,num,null,50,null
TriggerRate,1719547109000000000,num,null,50,null
TriggerRate,1719547169000000000,num,null,50,null
TriggerRate,1719547229000000000,num,null,50,null
TriggerRate,1719547289000000000,num,null,50,null
TriggerRate,1719547349000000000,num,null,50,null
TriggerRate,1719547409000000000,num,null,50,null
TriggerRate,1719547469000000000,num,null,50,null
TriggerRate,1719547529000000000,num,null,50,null
TriggerRate,1719547589000000000,num,null,50,null
TriggerRate,1719547649000000000,num,null,50,null
TriggerRate,1719547709000000000,num,null,50,null
TriggerRate,1719547769000000000,num,null,50,null
TriggerRate,1719547829000000000,num,null,50,null
TriggerRate,1719547889000000000,num,null,50,null
TriggerRate,1719547949000000000,num,null,50,null
TriggerRate,1719548009000000000,num,null,50,null
TriggerRate,1719548069000000000,num,null,50,null
TriggerRate,1719548129000000000,num,null,50,null
TriggerRate,1719548189000000000,num,null,50,null
TriggerRate,1719548249000000000,num,null,50,null
TriggerRate,1719548309000000000,num,null,50,null
TriggerRate,1719548369000000000,num,null,50,null
TriggerRate,1719548429000000000,num,null,50,null
TriggerRate,1719548489000000000,num,null,50,null
TriggerRate,1719548549000000000,num,null,50,null
TriggerRate,1719548609000000000,num,null,50,null
TriggerRate,1719548669000000000,num,null,50,null
TriggerRate,1719548729000000000,num,null,50,null
TriggerRate,1719548789000000000,num,null,50,null
TriggerRate,1719548849000000000,num,null,50,null
TriggerRate,1719548909000000000,num,null,50,null
TriggerRate,1719548969000000000,num,null,50,null
TriggerRate,1719549029000000000,num,null,50,null
TriggerRate,1719549089000000000,num,null,50,null
TriggerRate,1719549149000000000,num,null,50,null
TriggerRate,1719549209000000000,num,null,50,null
TriggerRate,1719549269000000000,num,null,50,null
TriggerRate,1719549329000000000,num,null,50,null
TriggerRate,1719549389000000000,num,null,50,null
TriggerRate,1719549449000000000,num,null,50,null
TriggerRate,1719549509000000000,num,null,50,null
TriggerRate,1719549569000000000,num,null,50,null
TriggerRate,1719549869000000000,num,null,50,null
TriggerRate,1719549929000000000,num,null,50,null
TriggerRate,1719549989000000000,num,null,50,null
TriggerRate,1719550049000000000,num,null,50,null
TriggerRate,1719550109000000000,num,null,65535,null
TriggerRate,1719550169000000000,num,null,65535,null
TriggerRate,1719550229000000000,num,null,102,null
TriggerRate,1719550289000000000,num,null,102,null
TriggerRate,1719550349000000000,num,null,102,null
TriggerRate,1719550409000000000,num,null,102,null
TriggerRate,1719550469000000000,num,null,102,null
TriggerRate,1719550529000000000,num,null,102,null
TriggerRate,1719550589000000000,num,null,102,null
TriggerRate,1719550649000000000,num,null,102,null
TriggerRate,1719550709000000000,num,null,102,null
TriggerRate,1719550769000000000,num,null,102,null
TriggerRate,1719550829000000000,num,null,102,null
TriggerRate,1719550889000000000,num,null,102,null
TriggerRate,1719550949000000000,num,null,102,null
TriggerRate,1719551009000000000,num,null,102,null
TriggerRate,1719551069000000000,num,null,102,null
TriggerRate,1719551129000000000,num,null,102,null
TriggerRate,1719551189000000000,num,null,102,null
TriggerRate,1719551249000000000,num,null,102,null
TriggerRate,1719551309000000000,num,null,102,null
TriggerRate,1719551369000000000,num,null,102,null
TriggerRate,1719551429000000000,num,null,102,null
TriggerRate,1719551489000000000,num,null,63,null
TriggerRate,1719551549000000000,num,null,63,null
TriggerRate,1719551609000000000,num,null,63,null
TriggerRate,1719551669000000000,num,null,63,null
TriggerRate,1719551729000000000,num,null,63,null
TriggerRate,1719551789000000000,num,null,63,null
TriggerRate,1719551849000000000,num,null,63,null
TriggerRate,1719551909000000000,num,null,63,null
TriggerRate,1719551969000000000,num,null,63,null
TriggerRate,1719552029000000000,num,null,63,null
TriggerRate,1719552089000000000,num,null,63,null
TriggerRate,1719552149000000000,num,null,63,null
TriggerRate,1719552209000000000,num,null,63,null
TriggerRate,1719552269000000000,num,null,63,null
TriggerRate,1719552329000000000,num,null,63,null
TriggerRate,1719552389000000000,num,null,63,null
TriggerRate,1719552449000000000,num,null,63,null
TriggerRate,1719552509000000000,num,null,63,null
TriggerRate,1719552539000000000,num,null,63,null
TriggerRate,1719552869000000000,num,null,63,null
TriggerRate,1719552929000000000,num,null,63,null
TriggerRate,1719552989000000000,num,null,63,null
TriggerRate,1719553049000000000,num,null,63,null
TriggerRate,1719553109000000000,num,null,65535,null
TriggerRate,1719553169000000000,num,null,65535,null
TriggerRate,1719553229000000000,num,null,102,null
TriggerRate,1719553289000000000,num,null,102,null
TriggerRate,1719553349000000000,num,null,102,null
TriggerRate,1719553409000000000,num,null,102,null
TriggerRate,1719553469000000000,num,null,102,null
TriggerRate,1719553529000000000,num,null,102,null
TriggerRate,1719553589000000000,num,null,102,null
TriggerRate,1719553649000000000,num,null,102,null
TriggerRate,1719553709000000000,num,null,102,null
TriggerRate,1719553769000000000,num,null,102,null
TriggerRate,1719553829000000000,num,null,102,null
TriggerRate,1719553889000000000,num,null,102,null
TriggerRate,1719553949000000000,num,null,102,null
TriggerRate,1719554009000000000,num,null,102,null
TriggerRate,1719554069000000000,num,null,102,null
TriggerRate,1719554129000000000,num,null,102,null
TriggerRate,1719554189000000000,num,null,102,null
TriggerRate,1719554249000000000,num,null,102,null
TriggerRate,1719554309000000000,num,null,102,null
TriggerRate,1719554369000000000,num,null,102,null
TriggerRate,1719554429000000000,num,null,102,null
TriggerRate,1719554489000000000,num,null,102,null
TriggerRate,1719554549000000000,num,null,102,null
TriggerRate,1719554609000000000,num,null,72,null
TriggerRate,1719554669000000000,num,null,72,null
TriggerRate,1719554729000000000,num,null,72,null
TriggerRate,1719554789000000000,num,null,72,null
TriggerRate,1719554849000000000,num,null,72,null
TriggerRate,1719554909000000000,num,null,72,null
TriggerRate,1719554969000000000,num,null,72,null
TriggerRate,1719554999000000000,num,null,72,null
TriggerRate,1719556529000000000,num,null,72,null
TriggerRate,1719556589000000000,num,null,72,null
TriggerRate,1719556649000000000,num,null,72,null
TriggerRate,1719556709000000000,num,null,72,null
TriggerRate,1719556739000000000,num,null,72,null
TriggerRate,1719558689000000000,num,null,72,null
TriggerRate,1719558749000000000,num,null,72,null
TriggerRate,1719558929000000000,num,null,72,null
TriggerRate,1719558989000000000,num,null,72,null
TriggerRate,1719559019000000000,num,null,72,null
TriggerRate,1719559289000000000,num,null,72,null
TriggerRate,1719559349000000000,num,null,72,null
TriggerRate,1719559409000000000,num,null,72,null
TriggerRate,1719559469000000000,num,null,0,null
TriggerRate,1719559529000000000,num,null,0,null
TriggerRate,1719559589000000000,num,null,65535,null
TriggerRate,1719559649000000000,num,null,65535,null
TriggerRate,1719559709000000000,num,null,3999,null
TriggerRate,1719559769000000000,num,null,3999,null
TriggerRate,1719559829000000000,num,null,3999,null
TriggerRate,1719559889000000000,num,null,3999,null
TriggerRate,1719559949000000000,num,null,3999,null
TriggerRate,1719560009000000000,num,null,3999,null
TriggerRate,1719560069000000000,num,null,3999,null
TriggerRate,1719560129000000000,num,null,3999,null
TriggerRate,1719560189000000000,num,null,3999,null
TriggerRate,1719560249000000000,num,null,3999,null
TriggerRate,1719560309000000000,num,null,3999,null
TriggerRate,1719560369000000000,num,null,3999,null
TriggerRate,1719560429000000000,num,null,3999,null
TriggerRate,1719560489000000000,num,null,3999,null
TriggerRate,1719560609000000000,num,null,3999,null
TriggerRate,1719560669000000000,num,null,3999,null
TriggerRate,1719560729000000000,num,null,3999,null
TriggerRate,1719560759000000000,num,null,3999,null
TriggerRate,1719560909000000000,num,null,3999,null
TriggerRate,1719560969000000000,num,null,3999,null
TriggerRate,1719561029000000000,num,null,3999,null
TriggerRate,1719561089000000000,num,null,3999,null
TriggerRate,1719561149000000000,num,null,3999,null
TriggerRate,1719561269000000000,num,null,3999,null
TriggerRate,1719561329000000000,num,null,3999,null
TriggerRate,1719561389000000000,num,null,3999,null
TriggerRate,1719561449000000000,num,null,3999,null
TriggerRate,1719561479000000000,num,null,3999,null
TriggerRate,1719890790000000000,num,null,0,null
TriggerRate,1719890850000000000,num,null,0,null
TriggerRate,1719890970000000000,num,null,0,null
TriggerRate,1719891030000000000,num,null,0,null
TriggerRate,1719891090000000000,num,null,0,null
TriggerRate,1719891150000000000,num,null,0,null
TriggerRate,1719891210000000000,num,null,0,null
TriggerRate,1719891270000000000,num,null,108,null
TriggerRate,1719891330000000000,num,null,108,null
TriggerRate,1719891390000000000,num,null,102,null
TriggerRate,1719891450000000000,num,null,102,null
TriggerRate,1719891510000000000,num,null,102,null
TriggerRate,1719891570000000000,num,null,102,null
TriggerRate,1719891630000000000,num,null,102,null
TriggerRate,1719891690000000000,num,null,102,null
TriggerRate,1719891750000000000,num,null,102,null
TriggerRate,1719891810000000000,num,null,102,null
TriggerRate,1719891870000000000,num,null,102,null
TriggerRate,1719891930000000000,num,null,102,null
TriggerRate,1719891990000000000,num,null,102,null
TriggerRate,1719892050000000000,num,null,102,null
TriggerRate,1719892110000000000,num,null,102,null
TriggerRate,1719892170000000000,num,null,102,null
TriggerRate,1719892230000000000,num,null,102,null
TriggerRate,1719892290000000000,num,null,102,null
TriggerRate,1719892350000000000,num,null,102,null
TriggerRate,1719892410000000000,num,null,102,null
TriggerRate,1719892470000000000,num,null,102,null
TriggerRate,1719892530000000000,num,null,20,null
TriggerRate,1719892590000000000,num,null,20,null
TriggerRate,1719892650000000000,num,null,20,null
TriggerRate,1719892710000000000,num,null,20,null
TriggerRate,1719892770000000000,num,null,20,null
TriggerRate,1719892830000000000,num,null,20,null
TriggerRate,1719892890000000000,num,null,20,null
TriggerRate,1719892950000000000,num,null,20,null
TriggerRate,1719893010000000000,num,null,20,null
TriggerRate,1719893070000000000,num,null,20,null
TriggerRate,1719893130000000000,num,null,20,null
TriggerRate,1719893190000000000,num,null,20,null
TriggerRate,1719893250000000000,num,null,20,null
TriggerRate,1719893310000000000,num,null,20,null
TriggerRate,1719893370000000000,num,null,20,null
TriggerRate,1719893430000000000,num,null,20,null
TriggerRate,1719893490000000000,num,null,20,null
TriggerRate,1719893550000000000,num,null,20,null
TriggerRate,1719893610000000000,num,null,20,null
TriggerRate,1719893670000000000,num,null,20,null
TriggerRate,1719893730000000000,num,null,20,null
TriggerRate,1719893790000000000,num,null,20,null
TriggerRate,1719893850000000000,num,null,20,null
TriggerRate,1719893910000000000,num,null,20,null
TriggerRate,1719893970000000000,num,null,20,null
TriggerRate,1719894030000000000,num,null,20,null
TriggerRate,1719894090000000000,num,null,20,null
TriggerRate,1719894150000000000,num,null,20,null
TriggerRate,1719894210000000000,num,null,20,null
TriggerRate,1719894270000000000,num,null,20,null
TriggerRate,1719894330000000000,num,null,20,null
TriggerRate,1719894390000000000,num,null,20,null
TriggerRate,1719894450000000000,num,null,20,null
TriggerRate,1719894510000000000,num,null,20,null
TriggerRate,1719894570000000000,num,null,20,null
TriggerRate,1719894630000000000,num,null,20,null
TriggerRate,1719894690000000000,num,null,20,null
TriggerRate,1719894750000000000,num,null,20,null
TriggerRate,1719894810000000000,num,null,20,null
TriggerRate,1719894870000000000,num,null,20,null
TriggerRate,1719894930000000000,num,null,20,null
TriggerRate,1719894990000000000,num,null,20,null
TriggerRate,1719895050000000000,num,null,20,null
TriggerRate,1719895110000000000,num,null,20,null
TriggerRate,1719895170000000000,num,null,20,null
TriggerRate,1719895230000000000,num,null,20,null
TriggerRate,1719895290000000000,num,null,20,null
TriggerRate,1719895350000000000,num,null,20,null
TriggerRate,1719895410000000000,num,null,20,null
TriggerRate,1719895470000000000,num,null,20,null
TriggerRate,1719895530000000000,num,null,20,null
TriggerRate,1719895590000000000,num,null,20,null
TriggerRate,1719895650000000000,num,null,20,null
TriggerRate,1719895710000000000,num,null,20,null
TriggerRate,1719895770000000000,num,null,20,null
TriggerRate,1719895830000000000,num,null,20,null
TriggerRate,1719895890000000000,num,null,20,null
TriggerRate,1719895920000000000,num,null,20,null
TriggerRate,1719896130000000000,num,null,20,null
TriggerRate,1719896190000000000,num,null,20,null
TriggerRate,1719896250000000000,num,null,20,null
TriggerRate,1719896310000000000,num,null,65535,null
TriggerRate,1719896370000000000,num,null,65535,null
TriggerRate,1719896430000000000,num,null,102,null
TriggerRate,1719896490000000000,num,null,102,null
TriggerRate,1719896550000000000,num,null,102,null
TriggerRate,1719896610000000000,num,null,102,null
TriggerRate,1719896670000000000,num,null,102,null
TriggerRate,1719896730000000000,num,null,102,null
TriggerRate,1719896790000000000,num,null,102,null
TriggerRate,1719896850000000000,num,null,102,null
TriggerRate,1719896910000000000,num,null,102,null
TriggerRate,1719896970000000000,num,null,102,null
TriggerRate,1719897030000000000,num,null,102,null
TriggerRate,1719897090000000000,num,null,102,null
TriggerRate,1719897150000000000,num,null,102,null
TriggerRate,1719897210000000000,num,null,102,null
TriggerRate,1719897270000000000,num,null,102,null
TriggerRate,1719897330000000000,num,null,102,null
TriggerRate,1719897390000000000,num,null,102,null
TriggerRate,1719897450000000000,num,null,102,null
TriggerRate,1719897510000000000,num,null,102,null
TriggerRate,1719897540000000000,num,null,102,null
TriggerRate,1719897630000000000,num,null,63,null
TriggerRate,1719897690000000000,num,null,63,null
TriggerRate,1719897750000000000,num,null,63,null
TriggerRate,1719897810000000000,num,null,63,null
TriggerRate,1719897870000000000,num,null,63,null
TriggerRate,1719897930000000000,num,null,63,null
TriggerRate,1719897990000000000,num,null,63,null
TriggerRate,1719898050000000000,num,null,63,null
TriggerRate,1719898110000000000,num,null,63,null
TriggerRate,1719898170000000000,num,null,63,null
TriggerRate,1719898230000000000,num,null,63,null
TriggerRate,1719898290000000000,num,null,63,null
TriggerRate,1719898350000000000,num,null,63,null
TriggerRate,1719898410000000000,num,null,63,null
TriggerRate,1719898470000000000,num,null,63,null
TriggerRate,1719898530000000000,num,null,63,null
TriggerRate,1719898590000000000,num,null,63,null
TriggerRate,1719898650000000000,num,null,63,null
TriggerRate,1719898710000000000,num,null,63,null
TriggerRate,1719898770000000000,num,null,63,null
TriggerRate,1719898830000000000,num,null,63,null
TriggerRate,1719898890000000000,num,null,63,null
TriggerRate,1719898950000000000,num,null,63,null
TriggerRate,1719899010000000000,num,null,63,null
TriggerRate,1719899070000000000,num,null,63,null
TriggerRate,1719899130000000000,num,null,63,null
TriggerRate,1719899190000000000,num,null,63,null
TriggerRate,1719899250000000000,num,null,63,null
TriggerRate,1719899310000000000,num,null,63,null
TriggerRate,1719899370000000000,num,null,63,null
TriggerRate,1719899430000000000,num,null,63,null
TriggerRate,1719899490000000000,num,null,63,null
TriggerRate,1719899550000000000,num,null,63,null
TriggerRate,1719899610000000000,num,null,63,null
TriggerRate,1719899670000000000,num,null,63,null
TriggerRate,1719899730000000000,num,null,63,null
TriggerRate,1719899790000000000,num,null,63,null
TriggerRate,1719899850000000000,num,null,63,null
TriggerRate,1719899910000000000,num,null,63,null
TriggerRate,1719899970000000000,num,null,63,null
TriggerRate,1719900030000000000,num,null,63,null
TriggerRate,1719900090000000000,num,null,63,null
TriggerRate,1719900150000000000,num,null,63,null
TriggerRate,1719900210000000000,num,null,63,null
TriggerRate,1719900270000000000,num,null,63,null
TriggerRate,1719900330000000000,num,null,63,null
TriggerRate,1719900390000000000,num,null,63,null
TriggerRate,1719900450000000000,num,null,63,null
TriggerRate,1719900510000000000,num,null,63,null
TriggerRate,1719977035000000000,num,null,0,null
TriggerRate,1719977095000000000,num,null,0,null
TriggerRate,1719977155000000000,num,null,0,null
TriggerRate,1719977215000000000,num,null,0,null
TriggerRate,1719977275000000000,num,null,0,null
TriggerRate,1719977335000000000,num,null,0,null
TriggerRate,1719977395000000000,num,null,0,null
TriggerRate,1719977455000000000,num,null,0,null
TriggerRate,1719977515000000000,num,null,0,null
TriggerRate,1719977575000000000,num,null,0,null
TriggerRate,1719977635000000000,num,null,0,null
TriggerRate,1719977695000000000,num,null,0,null
TriggerRate,1719977755000000000,num,null,0,null
TriggerRate,1719977815000000000,num,null,0,null
TriggerRate,1719977875000000000,num,null,0,null
TriggerRate,1719977935000000000,num,null,0,null
TriggerRate,1719977995000000000,num,null,0,null
TriggerRate,1719978055000000000,num,null,0,null
TriggerRate,1719978115000000000,num,null,0,null
TriggerRate,1719978175000000000,num,null,0,null
TriggerRate,1719978235000000000,num,null,0,null
TriggerRate,1719978295000000000,num,null,0,null
TriggerRate,1719978355000000000,num,null,0,null
TriggerRate,1719978773000000000,num,null,0,null
TriggerRate,1719978803000000000,num,null,0,null
TriggerRate,1719978893000000000,num,null,0,null
TriggerRate,1719978953000000000,num,null,0,null
TriggerRate,1719979013000000000,num,null,0,null
TriggerRate,1719979073000000000,num,null,0,null
TriggerRate,1719979133000000000,num,null,42,null
TriggerRate,1719979193000000000,num,null,84,null
TriggerRate,1719979253000000000,num,null,84,null
TriggerRate,1719979313000000000,num,null,84,null
TriggerRate,1719979373000000000,num,null,84,null
TriggerRate,1719979433000000000,num,null,84,null
TriggerRate,1719979493000000000,num,null,84,null
TriggerRate,1719979553000000000,num,null,84,null
TriggerRate,1719979613000000000,num,null,84,null
TriggerRate,1719979673000000000,num,null,84,null
TriggerRate,1719979733000000000,num,null,84,null
TriggerRate,1719979793000000000,num,null,84,null
TriggerRate,1719979823000000000,num,null,84,null
TriggerRate,1719980335000000000,num,null,0,null
TriggerRate,1719980365000000000,num,null,0,null
TriggerRate,1719980455000000000,num,null,0,null
TriggerRate,1719980515000000000,num,null,0,null
TriggerRate,1719980575000000000,num,null,0,null
TriggerRate,1719980635000000000,num,null,0,null
TriggerRate,1719980695000000000,num,null,48,null
TriggerRate,1719980755000000000,num,null,73,null
TriggerRate,1719980815000000000,num,null,73,null
TriggerRate,1719980875000000000,num,null,73,null
TriggerRate,1719980905000000000,num,null,73,null
TriggerRate,1719980995000000000,num,null,73,null
TriggerRate,1719981055000000000,num,null,73,null
TriggerRate,1720061316000000000,num,null,0,null
TriggerRate,1720061376000000000,num,null,0,null
TriggerRate,1720061496000000000,num,null,0,null
TriggerRate,1720061556000000000,num,null,0,null
TriggerRate,1720061616000000000,num,null,0,null
TriggerRate,1720061676000000000,num,null,0,null
TriggerRate,1720061736000000000,num,null,0,null
TriggerRate,1720061796000000000,num,null,92,null
TriggerRate,1720061856000000000,num,null,92,null
TriggerRate,1720061916000000000,num,null,102,null
TriggerRate,1720061976000000000,num,null,102,null
TriggerRate,1720062036000000000,num,null,102,null
TriggerRate,1720062096000000000,num,null,102,null
TriggerRate,1720062156000000000,num,null,102,null
TriggerRate,1720062216000000000,num,null,102,null
TriggerRate,1720062276000000000,num,null,102,null
TriggerRate,1720062336000000000,num,null,102,null
TriggerRate,1720062396000000000,num,null,102,null
TriggerRate,1720062456000000000,num,null,102,null
TriggerRate,1720062516000000000,num,null,102,null
TriggerRate,1720062576000000000,num,null,102,null
TriggerRate,1720062636000000000,num,null,102,null
TriggerRate,1720062696000000000,num,null,102,null
TriggerRate,1720062756000000000,num,null,102,null
TriggerRate,1720062816000000000,num,null,102,null
TriggerRate,1720062876000000000,num,null,102,null
TriggerRate,1720062906000000000,num,null,102,null
TriggerRate,1720062996000000000,num,null,95,null
TriggerRate,1720063056000000000,num,null,95,null
TriggerRate,1720063116000000000,num,null,95,null
TriggerRate,1720063176000000000,num,null,95,null
TriggerRate,1720063236000000000,num,null,95,null
TriggerRate,1720063296000000000,num,null,95,null
TriggerRate,1720063356000000000,num,null,95,null
TriggerRate,1720063416000000000,num,null,95,null
TriggerRate,1720063476000000000,num,null,95,null
TriggerRate,1720063536000000000,num,null,95,null
TriggerRate,1720063596000000000,num,null,95,null
TriggerRate,1720063656000000000,num,null,95,null
TriggerRate,1720063716000000000,num,null,95,null
TriggerRate,1720063776000000000,num,null,95,null
TriggerRate,1720063836000000000,num,null,95,null
TriggerRate,1720063896000000000,num,null,95,null
TriggerRate,1720063956000000000,num,null,95,null
TriggerRate,1720064016000000000,num,null,95,null
TriggerRate,1720064076000000000,num,null,95,null
TriggerRate,1720064136000000000,num,null,95,null
TriggerRate,1720064196000000000,num,null,95,null
TriggerRate,1720064256000000000,num,null,95,null
TriggerRate,1720064316000000000,num,null,95,null
TriggerRate,1720064376000000000,num,null,95,null
TriggerRate,1720064436000000000,num,null,95,null
TriggerRate,1720064496000000000,num,null,95,null
TriggerRate,1720064556000000000,num,null,95,null
TriggerRate,1720064616000000000,num,null,95,null
TriggerRate,1720064676000000000,num,null,95,null
TriggerRate,1720064736000000000,num,null,95,null
TriggerRate,1720064796000000000,num,null,95,null
TriggerRate,1720064856000000000,num,null,95,null
TriggerRate,1720064916000000000,num,null,95,null
TriggerRate,1720064976000000000,num,null,95,null
TriggerRate,1720065036000000000,num,null,95,null
TriggerRate,1720065096000000000,num,null,95,null
TriggerRate,1720065156000000000,num,null,95,null
TriggerRate,1720065216000000000,num,null,95,null
TriggerRate,1720065276000000000,num,null,95,null
TriggerRate,1720065336000000000,num,null,95,null
TriggerRate,1720065396000000000,num,null,95,null
TriggerRate,1720065456000000000,num,null,95,null
TriggerRate,1720065516000000000,num,null,95,null
TriggerRate,1720065576000000000,num,null,95,null
TriggerRate,1720065636000000000,num,null,95,null
TriggerRate,1720065696000000000,num,null,95,null
TriggerRate,1720065756000000000,num,null,95,null
TriggerRate,1720065816000000000,num,null,95,null
TriggerRate,1720065876000000000,num,null,95,null
TriggerRate,1720065936000000000,num,null,95,null
TriggerRate,1720065996000000000,num,null,95,null
TriggerRate,1720066056000000000,num,null,95,null
TriggerRate,1720066116000000000,num,null,95,null
TriggerRate,1720066176000000000,num,null,95,null
TriggerRate,1720066236000000000,num,null,95,null
TriggerRate,1720066296000000000,num,null,95,null
TriggerRate,1720066356000000000,num,null,95,null
TriggerRate,1720066416000000000,num,null,95,null
TriggerRate,1720066476000000000,num,null,95,null
TriggerRate,1720066536000000000,num,null,95,null
TriggerRate,1720066596000000000,num,null,95,null
TriggerRate,1720066656000000000,num,null,95,null
TriggerRate,1720066716000000000,num,null,95,null
TriggerRate,1720066776000000000,num,null,95,null
TriggerRate,1720066836000000000,num,null,95,null
TriggerRate,1720066896000000000,num,null,95,null
TriggerRate,1720066956000000000,num,null,95,null
TriggerRate,1720067016000000000,num,null,95,null
TriggerRate,1720067076000000000,num,null,95,null
TriggerRate,1720067136000000000,num,null,95,null
TriggerRate,1720067196000000000,num,null,95,null
TriggerRate,1720067256000000000,num,null,95,null
TriggerRate,1720067316000000000,num,null,95,null
TriggerRate,1720067376000000000,num,null,95,null
TriggerRate,1720067436000000000,num,null,95,null
TriggerRate,1720067496000000000,num,null,95,null
TriggerRate,1720067556000000000,num,null,95,null
TriggerRate,1720067616000000000,num,null,95,null
TriggerRate,1720067676000000000,num,null,95,null
TriggerRate,1720067736000000000,num,null,95,null
TriggerRate,1720067796000000000,num,null,95,null
TriggerRate,1720067856000000000,num,null,95,null
TriggerRate,1720067916000000000,num,null,95,null
TriggerRate,1720067976000000000,num,null,95,null
TriggerRate,1720068036000000000,num,null,95,null
TriggerRate,1720068096000000000,num,null,95,null
TriggerRate,1720068156000000000,num,null,95,null
TriggerRate,1720068216000000000,num,null,95,null
TriggerRate,1720068276000000000,num,null,95,null
TriggerRate,1720068336000000000,num,null,95,null
TriggerRate,1720068396000000000,num,null,95,null
TriggerRate,1720068456000000000,num,null,95,null
TriggerRate,1720068516000000000,num,null,95,null
TriggerRate,1720068576000000000,num,null,95,null
TriggerRate,1720068636000000000,num,null,95,null
TriggerRate,1720068696000000000,num,null,95,null
TriggerRate,1720068756000000000,num,null,95,null
TriggerRate,1720068816000000000,num,null,95,null
TriggerRate,1720068876000000000,num,null,95,null
TriggerRate,1720068936000000000,num,null,95,null
TriggerRate,1720068996000000000,num,null,95,null
TriggerRate,1720069056000000000,num,null,95,null
TriggerRate,1720069116000000000,num,null,95,null
TriggerRate,1720069176000000000,num,null,95,null
TriggerRate,1720069236000000000,num,null,95,null
TriggerRate,1720069296000000000,num,null,95,null
TriggerRate,1720069356000000000,num,null,95,null
TriggerRate,1720069416000000000,num,null,95,null
TriggerRate,1720069476000000000,num,null,95,null
TriggerRate,1720069536000000000,num,null,95,null
TriggerRate,1720069596000000000,num,null,95,null
TriggerRate,1720069656000000000,num,null,95,null
TriggerRate,1720069716000000000,num,null,95,null
TriggerRate,1720069776000000000,num,null,95,null
TriggerRate,1720069836000000000,num,null,95,null
TriggerRate,1720069896000000000,num,null,95,null
TriggerRate,1720069956000000000,num,null,95,null
TriggerRate,1720070016000000000,num,null,95,null
TriggerRate,1720070076000000000,num,null,95,null
TriggerRate,1720070136000000000,num,null,95,null
TriggerRate,1720070196000000000,num,null,95,null
TriggerRate,1720070256000000000,num,null,95,null
TriggerRate,1720070316000000000,num,null,95,null
TriggerRate,1720070376000000000,num,null,95,null
TriggerRate,1720070436000000000,num,null,95,null
TriggerRate,1720070496000000000,num,null,95,null
TriggerRate,1720070556000000000,num,null,95,null
TriggerRate,1720070616000000000,num,null,95,null
TriggerRate,1720070676000000000,num,null,95,null
TriggerRate,1720070736000000000,num,null,95,null
TriggerRate,1720070796000000000,num,null,95,null
TriggerRate,1720070856000000000,num,null,95,null
TriggerRate,1720070916000000000,num,null,95,null
TriggerRate,1720070976000000000,num,null,95,null
TriggerRate,1720071036000000000,num,null,95,null
TriggerRate,1720071096000000000,num,null,95,null
TriggerRate,1720071156000000000,num,null,95,null
TriggerRate,1720071216000000000,num,null,95,null
TriggerRate,1720071276000000000,num,null,95,null
TriggerRate,1720071336000000000,num,null,95,null
TriggerRate,1720071396000000000,num,null,95,null
TriggerRate,1720071456000000000,num,null,95,null
TriggerRate,1720071516000000000,num,null,95,null
TriggerRate,1720071576000000000,num,null,95,null
TriggerRate,1720071636000000000,num,null,95,null
TriggerRate,1720071696000000000,num,null,95,null
TriggerRate,1720071756000000000,num,null,95,null
TriggerRate,1720071816000000000,num,null,95,null
TriggerRate,1720071876000000000,num,null,95,null
TriggerRate,1720071936000000000,num,null,95,null
TriggerRate,1720071996000000000,num,null,95,null
TriggerRate,1720072056000000000,num,null,95,null
TriggerRate,1720072116000000000,num,null,95,null
TriggerRate,1720072176000000000,num,null,95,null
TriggerRate,1720072236000000000,num,null,95,null
TriggerRate,1720072296000000000,num,null,95,null
TriggerRate,1720072356000000000,num,null,95,null
TriggerRate,1720072416000000000,num,null,95,null
TriggerRate,1720072476000000000,num,null,95,null
TriggerRate,1720072536000000000,num,null,95,null
TriggerRate,1720072596000000000,num,null,95,null
TriggerRate,1720072656000000000,num,null,95,null
TriggerRate,1720072716000000000,num,null,95,null
TriggerRate,1720072776000000000,num,null,95,null
TriggerRate,1720072836000000000,num,null,95,null
TriggerRate,1720072896000000000,num,null,95,null
TriggerRate,1720072956000000000,num,null,95,null
TriggerRate,1720073016000000000,num,null,95,null
TriggerRate,1720073076000000000,num,null,95,null
TriggerRate,1720073136000000000,num,null,95,null
TriggerRate,1720073196000000000,num,null,95,null
TriggerRate,1720073256000000000,num,null,95,null
TriggerRate,1720073316000000000,num,null,95,null
TriggerRate,1720073376000000000,num,null,95,null
TriggerRate,1720073436000000000,num,null,95,null
TriggerRate,1720073496000000000,num,null,95,null
TriggerRate,1720073556000000000,num,null,95,null
TriggerRate,1720073616000000000,num,null,95,null
TriggerRate,1720073676000000000,num,null,95,null
TriggerRate,1720073736000000000,num,null,95,null
TriggerRate,1720073796000000000,num,null,95,null
TriggerRate,1720073856000000000,num,null,95,null
TriggerRate,1720073916000000000,num,null,95,null
TriggerRate,1720073976000000000,num,null,95,null
TriggerRate,1720074036000000000,num,null,95,null
TriggerRate,1720074096000000000,num,null,95,null
TriggerRate,1720074156000000000,num,null,95,null
TriggerRate,1720074216000000000,num,null,95,null
TriggerRate,1720074276000000000,num,null,95,null
TriggerRate,1720074336000000000,num,null,95,null
TriggerRate,1720074396000000000,num,null,95,null
TriggerRate,1720074456000000000,num,null,95,null
TriggerRate,1720074516000000000,num,null,95,null
TriggerRate,1720074576000000000,num,null,95,null
TriggerRate,1720074636000000000,num,null,95,null
TriggerRate,1720074696000000000,num,null,95,null
TriggerRate,1720074756000000000,num,null,95,null
TriggerRate,1720074816000000000,num,null,95,null
TriggerRate,1720074876000000000,num,null,95,null
TriggerRate,1720074936000000000,num,null,95,null
TriggerRate,1720074996000000000,num,null,95,null
TriggerRate,1720075056000000000,num,null,95,null
TriggerRate,1720075116000000000,num,null,95,null
TriggerRate,1720075176000000000,num,null,95,null
TriggerRate,1720075236000000000,num,null,95,null
TriggerRate,1720075296000000000,num,null,95,null
TriggerRate,1720075356000000000,num,null,95,null
TriggerRate,1720075416000000000,num,null,95,null
TriggerRate,1720075476000000000,num,null,95,null
TriggerRate,1720075536000000000,num,null,95,null
TriggerRate,1720075596000000000,num,null,95,null
TriggerRate,1720075656000000000,num,null,95,null
TriggerRate,1720075716000000000,num,null,95,null
TriggerRate,1720075776000000000,num,null,95,null
TriggerRate,1720075836000000000,num,null,95,null
TriggerRate,1720075896000000000,num,null,95,null
TriggerRate,1720075956000000000,num,null,95,null
TriggerRate,1720076016000000000,num,null,95,null
TriggerRate,1720076076000000000,num,null,95,null
TriggerRate,1720076136000000000,num,null,95,null
TriggerRate,1720076196000000000,num,null,95,null
TriggerRate,1720076256000000000,num,null,95,null
TriggerRate,1720076316000000000,num,null,95,null
TriggerRate,1720076376000000000,num,null,95,null
TriggerRate,1720076436000000000,num,null,95,null
TriggerRate,1720076496000000000,num,null,95,null
TriggerRate,1720076556000000000,num,null,95,null
TriggerRate,1720076616000000000,num,null,95,null
TriggerRate,1720076676000000000,num,null,95,null
TriggerRate,1720076736000000000,num,null,95,null
TriggerRate,1720076796000000000,num,null,95,null
TriggerRate,1720076856000000000,num,null,95,null
TriggerRate,1720076916000000000,num,null,95,null
TriggerRate,1720076976000000000,num,null,95,null
TriggerRate,1720077036000000000,num,null,95,null
TriggerRate,1720077096000000000,num,null,95,null
TriggerRate,1720077156000000000,num,null,95,null
TriggerRate,1720077216000000000,num,null,95,null
TriggerRate,1720077276000000000,num,null,95,null
TriggerRate,1720077336000000000,num,null,95,null
TriggerRate,1720077396000000000,num,null,95,null
TriggerRate,1720077456000000000,num,null,95,null
TriggerRate,1720077516000000000,num,null,95,null
TriggerRate,1720077576000000000,num,null,95,null
TriggerRate,1720077636000000000,num,null,95,null
TriggerRate,1720077696000000000,num,null,95,null
TriggerRate,1720077756000000000,num,null,95,null
TriggerRate,1720077816000000000,num,null,95,null
TriggerRate,1720077876000000000,num,null,95,null
TriggerRate,1720077936000000000,num,null,95,null
TriggerRate,1720077996000000000,num,null,95,null
TriggerRate,1720078056000000000,num,null,95,null
TriggerRate,1720078116000000000,num,null,95,null
TriggerRate,1720078176000000000,num,null,95,null
TriggerRate,1720078236000000000,num,null,95,null
TriggerRate,1720078296000000000,num,null,95,null
TriggerRate,1720078356000000000,num,null,95,null
TriggerRate,1720078416000000000,num,null,95,null
TriggerRate,1720078476000000000,num,null,95,null
TriggerRate,1720078536000000000,num,null,95,null
TriggerRate,1720078596000000000,num,null,95,null
TriggerRate,1720078656000000000,num,null,95,null
TriggerRate,1720078716000000000,num,null,95,null
TriggerRate,1720078776000000000,num,null,95,null
TriggerRate,1720078836000000000,num,null,95,null
TriggerRate,1720078896000000000,num,null,95,null
TriggerRate,1720078956000000000,num,null,95,null
TriggerRate,1720079016000000000,num,null,95,null
TriggerRate,1720079076000000000,num,null,95,null
TriggerRate,1720079136000000000,num,null,95,null
TriggerRate,1720079196000000000,num,null,95,null
TriggerRate,1720079256000000000,num,null,95,null
TriggerRate,1720079316000000000,num,null,95,null
TriggerRate,1720079376000000000,num,null,95,null
TriggerRate,1720079436000000000,num,null,95,null
TriggerRate,1720079496000000000,num,null,95,null
TriggerRate,1720079556000000000,num,null,95,null
TriggerRate,1720079616000000000,num,null,95,null
TriggerRate,1720079676000000000,num,null,95,null
TriggerRate,1720079736000000000,num,null,95,null
TriggerRate,1720079796000000000,num,null,95,null
TriggerRate,1720079856000000000,num,null,95,null
TriggerRate,1720079916000000000,num,null,95,null
TriggerRate,1720079976000000000,num,null,95,null
TriggerRate,1720080036000000000,num,null,95,null
TriggerRate,1720080096000000000,num,null,95,null
TriggerRate,1720080156000000000,num,null,95,null
TriggerRate,1720080216000000000,num,null,95,null
TriggerRate,1720080276000000000,num,null,95,null
TriggerRate,1720080336000000000,num,null,95,null
TriggerRate,1720080396000000000,num,null,95,null
TriggerRate,1720080456000000000,num,null,95,null
TriggerRate,1720080516000000000,num,null,95,null
TriggerRate,1720080576000000000,num,null,95,null
TriggerRate,1720080636000000000,num,null,95,null
TriggerRate,1720080696000000000,num,null,95,null
TriggerRate,1720080756000000000,num,null,95,null
TriggerRate,1720080816000000000,num,null,95,null
TriggerRate,1720080876000000000,num,null,95,null
TriggerRate,1720080936000000000,num,null,95,null
TriggerRate,1720080996000000000,num,null,95,null
TriggerRate,1720081056000000000,num,null,95,null
TriggerRate,1720081116000000000,num,null,95,null
TriggerRate,1720081176000000000,num,null,95,null
TriggerRate,1720081236000000000,num,null,95,null
TriggerRate,1720081296000000000,num,null,95,null
TriggerRate,1720081356000000000,num,null,95,null
TriggerRate,1720081416000000000,num,null,95,null
TriggerRate,1720081476000000000,num,null,95,null
TriggerRate,1720081536000000000,num,null,95,null
TriggerRate,1720081596000000000,num,null,95,null
TriggerRate,1720081656000000000,num,null,95,null
TriggerRate,1720081716000000000,num,null,95,null
TriggerRate,1720081776000000000,num,null,95,null
TriggerRate,1720081836000000000,num,null,95,null
TriggerRate,1720081896000000000,num,null,95,null
TriggerRate,1720081956000000000,num,null,95,null
TriggerRate,1720082016000000000,num,null,95,null
TriggerRate,1720082076000000000,num,null,95,null
TriggerRate,1720082136000000000,num,null,95,null
TriggerRate,1720082196000000000,num,null,95,null
TriggerRate,1720082256000000000,num,null,95,null
TriggerRate,1720082316000000000,num,null,95,null
TriggerRate,1720082376000000000,num,null,95,null
TriggerRate,1720082436000000000,num,null,95,null
TriggerRate,1720082496000000000,num,null,95,null
TriggerRate,1720082556000000000,num,null,95,null
TriggerRate,1720082616000000000,num,null,95,null
TriggerRate,1720082676000000000,num,null,95,null
TriggerRate,1720082736000000000,num,null,95,null
TriggerRate,1720082796000000000,num,null,95,null
TriggerRate,1720082856000000000,num,null,95,null
TriggerRate,1720082916000000000,num,null,95,null
TriggerRate,1720082976000000000,num,null,95,null
TriggerRate,1720083036000000000,num,null,95,null
TriggerRate,1720083096000000000,num,null,95,null
TriggerRate,1720083156000000000,num,null,95,null
TriggerRate,1720083216000000000,num,null,95,null
TriggerRate,1720083276000000000,num,null,95,null
TriggerRate,1720083336000000000,num,null,95,null
TriggerRate,1720083396000000000,num,null,95,null
TriggerRate,1720083456000000000,num,null,95,null
TriggerRate,1720083516000000000,num,null,95,null
TriggerRate,1720083576000000000,num,null,95,null
TriggerRate,1720083636000000000,num,null,95,null
TriggerRate,1720083696000000000,num,null,95,null
TriggerRate,1720083756000000000,num,null,95,null
TriggerRate,1720083816000000000,num,null,95,null
TriggerRate,1720083876000000000,num,null,95,null
TriggerRate,1720083936000000000,num,null,95,null
TriggerRate,1720083966000000000,num,null,95,null
TriggerRate,1720149694000000000,num,null,0,null
TriggerRate,1720149754000000000,num,null,0,null
TriggerRate,1720150114000000000,num,null,0,null
TriggerRate,1720150174000000000,num,null,0,null
TriggerRate,1720150234000000000,num,null,0,null
TriggerRate,1720150294000000000,num,null,0,null
TriggerRate,1720150354000000000,num,null,0,null
TriggerRate,1720150414000000000,num,null,0,null
TriggerRate,1720150474000000000,num,null,0,null
TriggerRate,1720150534000000000,num,null,0,null
TriggerRate,1720150594000000000,num,null,0,null
TriggerRate,1720150654000000000,num,null,0,null
TriggerRate,1720150714000000000,num,null,0,null
TriggerRate,1720150774000000000,num,null,0,null
TriggerRate,1720151385000000000,num,null,0,null
TriggerRate,1720151445000000000,num,null,0,null
TriggerRate,1720151475000000000,num,null,0,null
TriggerRate,1720151745000000000,num,null,0,null
TriggerRate,1720151775000000000,num,null,0,null
TriggerRate,1720151865000000000,num,null,0,null
TriggerRate,1720151925000000000,num,null,64,null
TriggerRate,1720151985000000000,num,null,64,null
TriggerRate,1720152045000000000,num,null,103,null
TriggerRate,1720152105000000000,num,null,103,null
TriggerRate,1720152165000000000,num,null,103,null
TriggerRate,1720152225000000000,num,null,103,null
TriggerRate,1720152285000000000,num,null,103,null
TriggerRate,1720152345000000000,num,null,103,null
TriggerRate,1720152405000000000,num,null,103,null
TriggerRate,1720152465000000000,num,null,103,null
TriggerRate,1720152525000000000,num,null,103,null
TriggerRate,1720152585000000000,num,null,103,null
TriggerRate,1720152645000000000,num,null,103,null
TriggerRate,1720152705000000000,num,null,103,null
TriggerRate,1720152765000000000,num,null,103,null
TriggerRate,1720152825000000000,num,null,103,null
TriggerRate,1720152885000000000,num,null,103,null
TriggerRate,1720152945000000000,num,null,103,null
TriggerRate,1720153005000000000,num,null,103,null
TriggerRate,1720153065000000000,num,null,103,null
TriggerRate,1720153125000000000,num,null,103,null
TriggerRate,1720153155000000000,num,null,103,null
TriggerRate,1720153245000000000,num,null,98,null
TriggerRate,1720153275000000000,num,null,98,null
TriggerRate,1720153485000000000,num,null,98,null
TriggerRate,1720153515000000000,num,null,98,null
TriggerRate,1720153725000000000,num,null,98,null
TriggerRate,1720153785000000000,num,null,98,null
TriggerRate,1720153845000000000,num,null,98,null
TriggerRate,1720153905000000000,num,null,98,null
TriggerRate,1720153965000000000,num,null,65535,null
TriggerRate,1720154025000000000,num,null,65535,null
TriggerRate,1720154085000000000,num,null,103,null
TriggerRate,1720154145000000000,num,null,103,null
TriggerRate,1720154205000000000,num,null,103,null
TriggerRate,1720154265000000000,num,null,103,null
TriggerRate,1720154325000000000,num,null,103,null
TriggerRate,1720154385000000000,num,null,88,null
TriggerRate,1720154445000000000,num,null,88,null
TriggerRate,1720154505000000000,num,null,88,null
TriggerRate,1720154565000000000,num,null,88,null
TriggerRate,1720154625000000000,num,null,88,null
TriggerRate,1720154685000000000,num,null,88,null
TriggerRate,1720154745000000000,num,null,88,null
TriggerRate,1720154805000000000,num,null,88,null
TriggerRate,1720154865000000000,num,null,88,null
TriggerRate,1720154925000000000,num,null,88,null
TriggerRate,1720154985000000000,num,null,88,null
TriggerRate,1720155045000000000,num,null,88,null
TriggerRate,1720155105000000000,num,null,88,null
TriggerRate,1720155165000000000,num,null,88,null
TriggerRate,1720155225000000000,num,null,88,null
TriggerRate,1720155285000000000,num,null,88,null
TriggerRate,1720155345000000000,num,null,88,null
TriggerRate,1720155405000000000,num,null,88,null
TriggerRate,1720155465000000000,num,null,88,null
TriggerRate,1720155525000000000,num,null,88,null
TriggerRate,1720155585000000000,num,null,88,null
TriggerRate,1720155645000000000,num,null,88,null
TriggerRate,1720155705000000000,num,null,88,null
TriggerRate,1720155765000000000,num,null,88,null
TriggerRate,1720155825000000000,num,null,88,null
TriggerRate,1720155885000000000,num,null,88,null
TriggerRate,1720155945000000000,num,null,88,null
TriggerRate,1720156005000000000,num,null,88,null
TriggerRate,1720156065000000000,num,null,88,null
TriggerRate,1720156095000000000,num,null,88,null
TriggerRate,1720245235000000000,num,null,0,null
TriggerRate,1720245265000000000,num,null,0,null
TriggerRate,1720245355000000000,num,null,0,null
TriggerRate,1720245415000000000,num,null,0,null
TriggerRate,1720245475000000000,num,null,0,null
TriggerRate,1720245535000000000,num,null,0,null
TriggerRate,1720245595000000000,num,null,41,null
TriggerRate,1720245655000000000,num,null,68,null
TriggerRate,1720245715000000000,num,null,68,null
TriggerRate,1720245745000000000,num,null,68,null
TriggerRate,1720320753000000000,num,null,0,null
TriggerRate,1720320813000000000,num,null,0,null
TriggerRate,1720320873000000000,num,null,0,null
TriggerRate,1720320933000000000,num,null,0,null
TriggerRate,1720320993000000000,num,null,0,null
TriggerRate,1720321053000000000,num,null,0,null
TriggerRate,1720321113000000000,num,null,0,null
TriggerRate,1720321173000000000,num,null,0,null
TriggerRate,1720321203000000000,num,null,0,null
TriggerRate,1720322493000000000,num,null,0,null
TriggerRate,1720322553000000000,num,null,0,null
TriggerRate,1720322613000000000,num,null,0,null
TriggerRate,1720322673000000000,num,null,0,null
TriggerRate,1720322733000000000,num,null,0,null
TriggerRate,1720322793000000000,num,null,0,null
TriggerRate,1720322853000000000,num,null,0,null
TriggerRate,1720322913000000000,num,null,0,null
TriggerRate,1720322973000000000,num,null,0,null
TriggerRate,1720323033000000000,num,null,0,null
TriggerRate,1720323093000000000,num,null,0,null
TriggerRate,1720323153000000000,num,null,0,null
TriggerRate,1720323213000000000,num,null,0,null
TriggerRate,1720323273000000000,num,null,0,null
TriggerRate,1720323333000000000,num,null,0,null
TriggerRate,1720323393000000000,num,null,0,null
TriggerRate,1720323453000000000,num,null,0,null
TriggerRate,1720323513000000000,num,null,0,null
TriggerRate,1720323573000000000,num,null,0,null
TriggerRate,1720323633000000000,num,null,0,null
TriggerRate,1720323693000000000,num,null,0,null
TriggerRate,1720323753000000000,num,null,0,null
TriggerRate,1720323813000000000,num,null,0,null
TriggerRate,1720323873000000000,num,null,0,null
TriggerRate,1720323933000000000,num,null,0,null
TriggerRate,1720323993000000000,num,null,0,null
TriggerRate,1720324053000000000,num,null,0,null
TriggerRate,1720324113000000000,num,null,0,null
TriggerRate,1720324173000000000,num,null,0,null
TriggerRate,1720324233000000000,num,null,0,null
TriggerRate,1720324293000000000,num,null,0,null
TriggerRate,1720324353000000000,num,null,0,null
TriggerRate,1720324413000000000,num,null,0,null
TriggerRate,1720324473000000000,num,null,0,null
TriggerRate,1720324533000000000,num,null,0,null
TriggerRate,1720324593000000000,num,null,0,null
TriggerRate,1720324623000000000,num,null,0,null
TriggerRate,1720324953000000000,num,null,0,null
TriggerRate,1720325013000000000,num,null,0,null
TriggerRate,1720325133000000000,num,null,0,null
TriggerRate,1720325193000000000,num,null,0,null
TriggerRate,1720325253000000000,num,null,0,null
TriggerRate,1720325313000000000,num,null,0,null
TriggerRate,1720325373000000000,num,null,0,null
TriggerRate,1720325403000000000,num,null,0,null
TriggerRate,1720325493000000000,num,null,7,null
TriggerRate,1720325553000000000,num,null,7,null
TriggerRate,1720325613000000000,num,null,7,null
TriggerRate,1720325673000000000,num,null,7,null
TriggerRate,1720325733000000000,num,null,7,null
TriggerRate,1720325793000000000,num,null,7,null
TriggerRate,1720325853000000000,num,null,7,null
TriggerRate,1720325913000000000,num,null,7,null
TriggerRate,1720325973000000000,num,null,7,null
TriggerRate,1720326281000000000,num,null,0,null
TriggerRate,1720326341000000000,num,null,0,null
TriggerRate,1720326461000000000,num,null,0,null
TriggerRate,1720326521000000000,num,null,0,null
TriggerRate,1720326581000000000,num,null,0,null
TriggerRate,1720326641000000000,num,null,18,null
TriggerRate,1720326701000000000,num,null,18,null
TriggerRate,1720326761000000000,num,null,102,null
TriggerRate,1720326821000000000,num,null,102,null
TriggerRate,1720326881000000000,num,null,102,null
TriggerRate,1720326941000000000,num,null,102,null
TriggerRate,1720327001000000000,num,null,102,null
TriggerRate,1720327061000000000,num,null,102,null
TriggerRate,1720327121000000000,num,null,102,null
TriggerRate,1720327181000000000,num,null,102,null
TriggerRate,1720327241000000000,num,null,102,null
TriggerRate,1720327301000000000,num,null,102,null
TriggerRate,1720327361000000000,num,null,102,null
TriggerRate,1720327421000000000,num,null,102,null
TriggerRate,1720327481000000000,num,null,102,null
TriggerRate,1720327541000000000,num,null,102,null
TriggerRate,1720327601000000000,num,null,102,null
TriggerRate,1720327661000000000,num,null,102,null
TriggerRate,1720327721000000000,num,null,102,null
TriggerRate,1720327751000000000,num,null,102,null
TriggerRate,1720327841000000000,num,null,72,null
TriggerRate,1720327901000000000,num,null,72,null
TriggerRate,1720327961000000000,num,null,72,null
TriggerRate,1720328021000000000,num,null,72,null
TriggerRate,1720328081000000000,num,null,72,null
TriggerRate,1720328141000000000,num,null,72,null
TriggerRate,1720328201000000000,num,null,72,null
TriggerRate,1720328261000000000,num,null,72,null
TriggerRate,1720328321000000000,num,null,72,null
TriggerRate,1720328381000000000,num,null,72,null
TriggerRate,1720328441000000000,num,null,72,null
TriggerRate,1720328501000000000,num,null,72,null
TriggerRate,1720328561000000000,num,null,72,null
TriggerRate,1720328801000000000,num,null,72,null
TriggerRate,1720328861000000000,num,null,72,null
TriggerRate,1720328921000000000,num,null,15,null
TriggerRate,1720328981000000000,num,null,15,null
TriggerRate,1720329041000000000,num,null,65535,null
TriggerRate,1720329101000000000,num,null,65535,null
TriggerRate,1720329161000000000,num,null,102,null
TriggerRate,1720329221000000000,num,null,102,null
TriggerRate,1720329281000000000,num,null,102,null
TriggerRate,1720329341000000000,num,null,102,null
TriggerRate,1720329401000000000,num,null,102,null
TriggerRate,1720329461000000000,num,null,102,null
TriggerRate,1720329521000000000,num,null,102,null
TriggerRate,1720329581000000000,num,null,102,null
TriggerRate,1720329641000000000,num,null,102,null
TriggerRate,1720329701000000000,num,null,102,null
TriggerRate,1720329761000000000,num,null,102,null
TriggerRate,1720329821000000000,num,null,102,null
TriggerRate,1720329881000000000,num,null,102,null
TriggerRate,1720329941000000000,num,null,102,null
TriggerRate,1720330001000000000,num,null,102,null
TriggerRate,1720330031000000000,num,null,102,null
TriggerRate,1720330121000000000,num,null,63,null
TriggerRate,1720330181000000000,num,null,63,null
TriggerRate,1720330241000000000,num,null,63,null
TriggerRate,1720330301000000000,num,null,63,null
TriggerRate,1720330361000000000,num,null,63,null
TriggerRate,1720330421000000000,num,null,63,null
TriggerRate,1720330451000000000,num,null,63,null
TriggerRate,1720332461000000000,num,null,63,null
TriggerRate,1720332521000000000,num,null,63,null
TriggerRate,1720332581000000000,num,null,63,null
TriggerRate,1720332641000000000,num,null,63,null
TriggerRate,1720332671000000000,num,null,63,null
TriggerRate,1720333189000000000,num,null,0,null
TriggerRate,1720333249000000000,num,null,0,null
TriggerRate,1720333489000000000,num,null,0,null
TriggerRate,1720333549000000000,num,null,0,null
TriggerRate,1720333609000000000,num,null,0,null
TriggerRate,1720333669000000000,num,null,0,null
TriggerRate,1720333729000000000,num,null,0,null
TriggerRate,1720334209000000000,num,null,0,null
TriggerRate,1720334269000000000,num,null,0,null
TriggerRate,1720334329000000000,num,null,0,null
TriggerRate,1720334389000000000,num,null,8,null
TriggerRate,1720334449000000000,num,null,8,null
TriggerRate,1720334509000000000,num,null,6,null
TriggerRate,1720334539000000000,num,null,6,null
TriggerRate,1720336191000000000,num,null,0,null
TriggerRate,1720336251000000000,num,null,0,null
TriggerRate,1720336491000000000,num,null,0,null
TriggerRate,1720336551000000000,num,null,0,null
TriggerRate,1720336611000000000,num,null,0,null
TriggerRate,1720336671000000000,num,null,0,null
TriggerRate,1720336731000000000,num,null,0,null
TriggerRate,1720337211000000000,num,null,0,null
TriggerRate,1720337271000000000,num,null,0,null
TriggerRate,1720337331000000000,num,null,0,null
TriggerRate,1720337751000000000,num,null,3,null
TriggerRate,1720337811000000000,num,null,3,null
TriggerRate,1720337841000000000,num,null,3,null
TriggerRate,1720337931000000000,num,null,3,null
TriggerRate,1720337991000000000,num,null,3,null
TriggerRate,1720338171000000000,num,null,3,null
TriggerRate,1720338231000000000,num,null,3,null
TriggerRate,1720338291000000000,num,null,3,null
TriggerRate,1720338351000000000,num,null,1940,null
TriggerRate,1720338411000000000,num,null,105,null
TriggerRate,1720338831000000000,num,null,105,null
TriggerRate,1720338861000000000,num,null,105,null
TriggerRate,1720339131000000000,num,null,105,null
TriggerRate,1720339161000000000,num,null,105,null
TriggerRate,1720339251000000000,num,null,105,null
TriggerRate,1720339281000000000,num,null,105,null
TriggerRate,1720339371000000000,num,null,105,null
TriggerRate,1720339401000000000,num,null,105,null
TriggerRate,1720339491000000000,num,null,105,null
TriggerRate,1720339521000000000,num,null,105,null
TriggerRate,1720339671000000000,num,null,105,null
TriggerRate,1720339731000000000,num,null,105,null
TriggerRate,1720339791000000000,num,null,65535,null
TriggerRate,1720339851000000000,num,null,65535,null
TriggerRate,1720339911000000000,num,null,3999,null
TriggerRate,1720339971000000000,num,null,3999,null
TriggerRate,1720340031000000000,num,null,3999,null
TriggerRate,1720340091000000000,num,null,3999,null
TriggerRate,1720340151000000000,num,null,3999,null
TriggerRate,1720340211000000000,num,null,1499,null
TriggerRate,1720340928000000000,num,null,0,null
TriggerRate,1720340958000000000,num,null,0,null
TriggerRate,1720341168000000000,num,null,0,null
TriggerRate,1720341228000000000,num,null,0,null
TriggerRate,1720341288000000000,num,null,0,null
TriggerRate,1720341318000000000,num,null,0,null
TriggerRate,1720341408000000000,num,null,0,null
TriggerRate,1720341468000000000,num,null,0,null
TriggerRate,1720341948000000000,num,null,0,null
TriggerRate,1720342008000000000,num,null,0,null
TriggerRate,1720342068000000000,num,null,0,null
TriggerRate,1720342128000000000,num,null,5,null
TriggerRate,1720342188000000000,num,null,5,null
TriggerRate,1720342248000000000,num,null,5,null
TriggerRate,1720342308000000000,num,null,5,null
TriggerRate,1720342368000000000,num,null,4,null
TriggerRate,1720342398000000000,num,null,4,null
TriggerRate,1720342458000000000,num,null,4,null
TriggerRate,1720410353000000000,num,null,0,null
TriggerRate,1720410413000000000,num,null,0,null
TriggerRate,1720410473000000000,num,null,0,null
TriggerRate,1720410533000000000,num,null,0,null
TriggerRate,1720410593000000000,num,null,0,null
TriggerRate,1720410653000000000,num,null,0,null
TriggerRate,1720410713000000000,num,null,0,null
TriggerRate,1720410773000000000,num,null,0,null
TriggerRate,1720410833000000000,num,null,0,null
TriggerRate,1720410893000000000,num,null,0,null
TriggerRate,1720410953000000000,num,null,0,null
TriggerRate,1720411013000000000,num,null,0,null
TriggerRate,1720411073000000000,num,null,0,null
TriggerRate,1720411133000000000,num,null,0,null
TriggerRate,1720411193000000000,num,null,0,null
TriggerRate,1720411253000000000,num,null,0,null
TriggerRate,1720411313000000000,num,null,0,null
TriggerRate,1720411373000000000,num,null,0,null
TriggerRate,1720411433000000000,num,null,0,null
TriggerRate,1720411493000000000,num,null,0,null
TriggerRate,1720411553000000000,num,null,0,null
TriggerRate,1720411613000000000,num,null,0,null
TriggerRate,1720411673000000000,num,null,0,null
TriggerRate,1720411733000000000,num,null,0,null
TriggerRate,1720411793000000000,num,null,0,null
TriggerRate,1720411853000000000,num,null,0,null
TriggerRate,1720411913000000000,num,null,0,null
TriggerRate,1720411973000000000,num,null,0,null
TriggerRate,1720412033000000000,num,null,0,null
TriggerRate,1720412093000000000,num,null,0,null
TriggerRate,1720412123000000000,num,null,0,null
TriggerRate,1720412816000000000,num,null,0,null
TriggerRate,1720412846000000000,num,null,0,null
TriggerRate,1720412966000000000,num,null,0,null
TriggerRate,1720413056000000000,num,null,0,null
TriggerRate,1720413116000000000,num,null,0,null
TriggerRate,1720413176000000000,num,null,0,null
TriggerRate,1720413206000000000,num,null,0,null
TriggerRate,1720413266000000000,num,null,79,null
TriggerRate,1720413326000000000,num,null,79,null
TriggerRate,1720413386000000000,num,null,102,null
TriggerRate,1720413446000000000,num,null,102,null
TriggerRate,1720413536000000000,num,null,102,null
TriggerRate,1720413566000000000,num,null,102,null
TriggerRate,1720413626000000000,num,null,102,null
TriggerRate,1720413686000000000,num,null,102,null
TriggerRate,1720413776000000000,num,null,102,null
TriggerRate,1720413836000000000,num,null,102,null
TriggerRate,1720413896000000000,num,null,102,null
TriggerRate,1720413926000000000,num,null,102,null
TriggerRate,1720413986000000000,num,null,102,null
TriggerRate,1720414046000000000,num,null,102,null
TriggerRate,1720414106000000000,num,null,102,null
TriggerRate,1720414136000000000,num,null,102,null
TriggerRate,1720414256000000000,num,null,97,null
TriggerRate,1720414316000000000,num,null,97,null
TriggerRate,1720414346000000000,num,null,97,null
TriggerRate,1720414406000000000,num,null,97,null
TriggerRate,1720414466000000000,num,null,97,null
TriggerRate,1720414526000000000,num,null,97,null
TriggerRate,1720414616000000000,num,null,97,null
TriggerRate,1720414676000000000,num,null,97,null
TriggerRate,1720414706000000000,num,null,97,null
TriggerRate,1720414766000000000,num,null,97,null
TriggerRate,1720414826000000000,num,null,97,null
TriggerRate,1720414886000000000,num,null,97,null
TriggerRate,1720414976000000000,num,null,97,null
TriggerRate,1720415006000000000,num,null,97,null
TriggerRate,1720415096000000000,num,null,97,null
TriggerRate,1720415156000000000,num,null,97,null
TriggerRate,1720415216000000000,num,null,97,null
TriggerRate,1720415246000000000,num,null,97,null
TriggerRate,1720415336000000000,num,null,97,null
TriggerRate,1720415366000000000,num,null,97,null
TriggerRate,1720415426000000000,num,null,97,null
TriggerRate,1720415486000000000,num,null,97,null
TriggerRate,1720415576000000000,num,null,97,null
TriggerRate,1720415606000000000,num,null,97,null
TriggerRate,1720415696000000000,num,null,97,null
TriggerRate,1720415756000000000,num,null,97,null
TriggerRate,1720415816000000000,num,null,97,null
TriggerRate,1720415876000000000,num,null,97,null
TriggerRate,1720415906000000000,num,null,97,null
TriggerRate,1720415966000000000,num,null,97,null
TriggerRate,1720416056000000000,num,null,97,null
TriggerRate,1720416086000000000,num,null,97,null
TriggerRate,1720416176000000000,num,null,97,null
TriggerRate,1720416206000000000,num,null,97,null
TriggerRate,1720416266000000000,num,null,97,null
TriggerRate,1720416326000000000,num,null,97,null
TriggerRate,1720416416000000000,num,null,97,null
TriggerRate,1720416476000000000,num,null,97,null
TriggerRate,1720416536000000000,num,null,97,null
TriggerRate,1720416566000000000,num,null,97,null
TriggerRate,1720416626000000000,num,null,97,null
TriggerRate,1720416686000000000,num,null,97,null
TriggerRate,1720416776000000000,num,null,97,null
TriggerRate,1720416806000000000,num,null,97,null
TriggerRate,1720416866000000000,num,null,97,null
TriggerRate,1720416926000000000,num,null,97,null
TriggerRate,1720416986000000000,num,null,97,null
TriggerRate,1720419386000000000,num,null,97,null
TriggerRate,1720419446000000000,num,null,97,null
TriggerRate,1720419506000000000,num,null,97,null
TriggerRate,1720419596000000000,num,null,97,null
TriggerRate,1720419626000000000,num,null,97,null
TriggerRate,1720419686000000000,num,null,97,null
TriggerRate,1720419776000000000,num,null,65535,null
TriggerRate,1720419806000000000,num,null,65535,null
TriggerRate,1720419866000000000,num,null,102,null
TriggerRate,1720419926000000000,num,null,102,null
TriggerRate,1720420016000000000,num,null,102,null
TriggerRate,1720420046000000000,num,null,102,null
TriggerRate,1720420136000000000,num,null,102,null
TriggerRate,1720420166000000000,num,null,102,null
TriggerRate,1720420226000000000,num,null,102,null
TriggerRate,1720420286000000000,num,null,102,null
TriggerRate,1720420376000000000,num,null,102,null
TriggerRate,1720420406000000000,num,null,102,null
TriggerRate,1720420466000000000,num,null,102,null
TriggerRate,1720420556000000000,num,null,102,null
TriggerRate,1720420586000000000,num,null,102,null
TriggerRate,1720420676000000000,num,null,102,null
TriggerRate,1720420736000000000,num,null,102,null
TriggerRate,1720420766000000000,num,null,102,null
TriggerRate,1720420826000000000,num,null,102,null
TriggerRate,1720420886000000000,num,null,102,null
TriggerRate,1720420946000000000,num,null,102,null
TriggerRate,1720421036000000000,num,null,102,null
TriggerRate,1720421096000000000,num,null,102,null
TriggerRate,1720421276000000000,num,null,102,null
TriggerRate,1720421306000000000,num,null,102,null
TriggerRate,1720421396000000000,num,null,102,null
TriggerRate,1720421456000000000,num,null,102,null
TriggerRate,1720421486000000000,num,null,102,null
TriggerRate,1720421546000000000,num,null,102,null
TriggerRate,1720421636000000000,num,null,102,null
TriggerRate,1720421666000000000,num,null,102,null
TriggerRate,1720421756000000000,num,null,102,null
TriggerRate,1720421786000000000,num,null,102,null
TriggerRate,1720421846000000000,num,null,102,null
TriggerRate,1720421936000000000,num,null,102,null
TriggerRate,1720421966000000000,num,null,102,null
TriggerRate,1720422026000000000,num,null,102,null
TriggerRate,1720422116000000000,num,null,102,null
TriggerRate,1720422146000000000,num,null,102,null
TriggerRate,1720422236000000000,num,null,102,null
TriggerRate,1720422266000000000,num,null,102,null
TriggerRate,1720422326000000000,num,null,102,null
TriggerRate,1720422386000000000,num,null,102,null
TriggerRate,1720422476000000000,num,null,102,null
TriggerRate,1720422536000000000,num,null,102,null
TriggerRate,1720422566000000000,num,null,102,null
TriggerRate,1720422626000000000,num,null,102,null
TriggerRate,1720422686000000000,num,null,102,null
TriggerRate,1720422746000000000,num,null,102,null
TriggerRate,1720422836000000000,num,null,102,null
TriggerRate,1720422866000000000,num,null,102,null
TriggerRate,1720422926000000000,num,null,102,null
TriggerRate,1720422956000000000,num,null,102,null
TriggerRate,1720432136000000000,num,null,102,null
TriggerRate,1720432196000000000,num,null,102,null
TriggerRate,1720432256000000000,num,null,102,null
TriggerRate,1720432316000000000,num,null,102,null
TriggerRate,1720432376000000000,num,null,102,null
TriggerRate,1720432436000000000,num,null,102,null
TriggerRate,1720432466000000000,num,null,102,null
TriggerRate,1720432526000000000,num,null,102,null
TriggerRate,1720432586000000000,num,null,102,null
TriggerRate,1720432646000000000,num,null,102,null
TriggerRate,1720432706000000000,num,null,102,null
TriggerRate,1720432796000000000,num,null,102,null
TriggerRate,1720432826000000000,num,null,102,null
TriggerRate,1720433006000000000,num,null,102,null
TriggerRate,1720499154000000000,num,null,0,null
TriggerRate,1720499214000000000,num,null,0,null
TriggerRate,1720499274000000000,num,null,0,null
TriggerRate,1720499334000000000,num,null,0,null
TriggerRate,1720499394000000000,num,null,0,null
TriggerRate,1720499454000000000,num,null,0,null
TriggerRate,1720499514000000000,num,null,0,null
TriggerRate,1720499574000000000,num,null,0,null
TriggerRate,1720499634000000000,num,null,0,null
TriggerRate,1720499694000000000,num,null,0,null
TriggerRate,1720499754000000000,num,null,0,null
TriggerRate,1720499814000000000,num,null,0,null
TriggerRate,1720500342000000000,num,null,0,null
TriggerRate,1720500402000000000,num,null,0,null
TriggerRate,1720500522000000000,num,null,0,null
TriggerRate,1720500582000000000,num,null,0,null
TriggerRate,1720500642000000000,num,null,0,null
TriggerRate,1720500702000000000,num,null,0,null
TriggerRate,1720500762000000000,num,null,0,null
TriggerRate,1720500822000000000,num,null,0,null
TriggerRate,1720500882000000000,num,null,0,null
TriggerRate,1720500942000000000,num,null,0,null
TriggerRate,1720501002000000000,num,null,0,null
TriggerRate,1720501062000000000,num,null,0,null
TriggerRate,1720501601000000000,num,null,0,null
TriggerRate,1720501631000000000,num,null,0,null
TriggerRate,1720501721000000000,num,null,0,null
TriggerRate,1720501781000000000,num,null,0,null
TriggerRate,1720501841000000000,num,null,0,null
TriggerRate,1720501901000000000,num,null,0,null
TriggerRate,1720501961000000000,num,null,0,null
TriggerRate,1720502021000000000,num,null,0,null
TriggerRate,1720502081000000000,num,null,0,null
TriggerRate,1720502141000000000,num,null,0,null
TriggerRate,1720502201000000000,num,null,0,null
TriggerRate,1720502261000000000,num,null,0,null
TriggerRate,1720502667000000000,num,null,0,null
TriggerRate,1720502727000000000,num,null,0,null
TriggerRate,1720502847000000000,num,null,0,null
TriggerRate,1720502937000000000,num,null,0,null
TriggerRate,1720502967000000000,num,null,0,null
TriggerRate,1720503027000000000,num,null,0,null
TriggerRate,1720503087000000000,num,null,0,null
TriggerRate,1720503147000000000,num,null,18,null
TriggerRate,1720503207000000000,num,null,18,null
TriggerRate,1720503297000000000,num,null,102,null
TriggerRate,1720503327000000000,num,null,102,null
TriggerRate,1720503387000000000,num,null,102,null
TriggerRate,1720503447000000000,num,null,49,null
TriggerRate,1720503507000000000,num,null,49,null
TriggerRate,1720503567000000000,num,null,49,null
TriggerRate,1720503657000000000,num,null,49,null
TriggerRate,1720503687000000000,num,null,49,null
TriggerRate,1720503717000000000,num,null,49,null
TriggerRate,1720504061000000000,num,null,0,null
TriggerRate,1720504121000000000,num,null,0,null
TriggerRate,1720504241000000000,num,null,0,null
TriggerRate,1720504301000000000,num,null,0,null
TriggerRate,1720504361000000000,num,null,0,null
TriggerRate,1720504421000000000,num,null,0,null
TriggerRate,1720504481000000000,num,null,0,null
TriggerRate,1720504541000000000,num,null,92,null
TriggerRate,1720504601000000000,num,null,92,null
TriggerRate,1720504661000000000,num,null,102,null
TriggerRate,1720504721000000000,num,null,102,null
TriggerRate,1720504781000000000,num,null,102,null
TriggerRate,1720504841000000000,num,null,102,null
TriggerRate,1720504901000000000,num,null,102,null
TriggerRate,1720504961000000000,num,null,102,null
TriggerRate,1720505021000000000,num,null,102,null
TriggerRate,1720505081000000000,num,null,102,null
TriggerRate,1720505141000000000,num,null,102,null
TriggerRate,1720505201000000000,num,null,102,null
TriggerRate,1720505261000000000,num,null,102,null
TriggerRate,1720505321000000000,num,null,102,null
TriggerRate,1720505351000000000,num,null,102,null
TriggerRate,1720505441000000000,num,null,36,null
TriggerRate,1720505501000000000,num,null,36,null
TriggerRate,1720505561000000000,num,null,36,null
TriggerRate,1720505621000000000,num,null,36,null
TriggerRate,1720505681000000000,num,null,36,null
TriggerRate,1720505741000000000,num,null,78,null
TriggerRate,1720505801000000000,num,null,78,null
TriggerRate,1720505861000000000,num,null,102,null
TriggerRate,1720505921000000000,num,null,102,null
TriggerRate,1720505981000000000,num,null,103,null
TriggerRate,1720506041000000000,num,null,103,null
TriggerRate,1720506101000000000,num,null,102,null
TriggerRate,1720506161000000000,num,null,81,null
TriggerRate,1720506221000000000,num,null,81,null
TriggerRate,1720506281000000000,num,null,81,null
TriggerRate,1720506311000000000,num,null,81,null
TriggerRate,1720506521000000000,num,null,81,null
TriggerRate,1720506581000000000,num,null,81,null
TriggerRate,1720506641000000000,num,null,81,null
TriggerRate,1720506671000000000,num,null,81,null
TriggerRate,1720506761000000000,num,null,81,null
TriggerRate,1720506791000000000,num,null,81,null
TriggerRate,1720506881000000000,num,null,81,null
TriggerRate,1720506941000000000,num,null,65535,null
TriggerRate,1720507001000000000,num,null,65535,null
TriggerRate,1720507061000000000,num,null,104,null
TriggerRate,1720507121000000000,num,null,104,null
TriggerRate,1720507181000000000,num,null,102,null
TriggerRate,1720507241000000000,num,null,102,null
TriggerRate,1720507301000000000,num,null,20,null
TriggerRate,1720507361000000000,num,null,20,null
TriggerRate,1720507421000000000,num,null,20,null
TriggerRate,1720507481000000000,num,null,20,null
TriggerRate,1720507541000000000,num,null,20,null
TriggerRate,1720507601000000000,num,null,20,null
TriggerRate,1720507841000000000,num,null,20,null
TriggerRate,1720507901000000000,num,null,20,null
TriggerRate,1720507961000000000,num,null,20,null
TriggerRate,1720508021000000000,num,null,20,null
TriggerRate,1720508081000000000,num,null,20,null
TriggerRate,1720508141000000000,num,null,20,null
TriggerRate,1720508201000000000,num,null,20,null
TriggerRate,1720508261000000000,num,null,20,null
TriggerRate,1720509761000000000,num,null,20,null
TriggerRate,1720509821000000000,num,null,20,null
TriggerRate,1720509881000000000,num,null,20,null
TriggerRate,1720510376000000000,num,null,0,null
TriggerRate,1720510406000000000,num,null,0,null
TriggerRate,1720510436000000000,num,null,0,null
TriggerRate,1720510646000000000,num,null,0,null
TriggerRate,1720510736000000000,num,null,0,null
TriggerRate,1720510826000000000,num,null,65535,null
TriggerRate,1720510886000000000,num,null,65535,null
TriggerRate,1720510946000000000,num,null,65535,null
TriggerRate,1720511006000000000,num,null,65535,null
TriggerRate,1720511096000000000,num,null,65535,null
TriggerRate,1720511126000000000,num,null,65535,null
TriggerRate,1720511186000000000,num,null,65535,null
TriggerRate,1720511246000000000,num,null,65535,null
TriggerRate,1720511306000000000,num,null,65535,null
TriggerRate,1720511366000000000,num,null,65535,null
TriggerRate,1720511456000000000,num,null,65535,null
TriggerRate,1720511486000000000,num,null,65535,null
TriggerRate,1720511546000000000,num,null,65535,null
TriggerRate,1720511606000000000,num,null,65535,null
TriggerRate,1720511666000000000,num,null,65535,null
TriggerRate,1720511726000000000,num,null,65535,null
TriggerRate,1720511966000000000,num,null,65535,null
TriggerRate,1720512026000000000,num,null,65535,null
TriggerRate,1720512086000000000,num,null,65535,null
TriggerRate,1720512176000000000,num,null,65535,null
TriggerRate,1720512236000000000,num,null,65535,null
TriggerRate,1720512266000000000,num,null,65535,null
TriggerRate,1720512326000000000,num,null,65535,null
TriggerRate,1720512386000000000,num,null,65535,null
TriggerRate,1720512446000000000,num,null,65535,null
TriggerRate,1720512536000000000,num,null,65535,null
TriggerRate,1720512566000000000,num,null,65535,null
TriggerRate,1720512626000000000,num,null,65535,null
TriggerRate,1720512686000000000,num,null,65535,null
TriggerRate,1720512746000000000,num,null,65535,null
TriggerRate,1720512806000000000,num,null,65535,null
TriggerRate,1720512896000000000,num,null,65535,null
TriggerRate,1720512926000000000,num,null,65535,null
TriggerRate,1720514021000000000,num,null,0,null
TriggerRate,1720514081000000000,num,null,0,null
TriggerRate,1720514201000000000,num,null,0,null
TriggerRate,1720514261000000000,num,null,0,null
TriggerRate,1720514321000000000,num,null,0,null
TriggerRate,1720514441000000000,num,null,23,null
TriggerRate,1720514471000000000,num,null,23,null
TriggerRate,1720514681000000000,num,null,23,null
TriggerRate,1720514741000000000,num,null,23,null
TriggerRate,1720514801000000000,num,null,23,null
TriggerRate,1720514831000000000,num,null,23,null
TriggerRate,1720514921000000000,num,null,23,null
TriggerRate,1720514981000000000,num,null,23,null
TriggerRate,1720515461000000000,num,null,23,null
TriggerRate,1720515521000000000,num,null,23,null
TriggerRate,1720515581000000000,num,null,2,null
TriggerRate,1720515641000000000,num,null,4,null
TriggerRate,1720515701000000000,num,null,4,null
TriggerRate,1720515941000000000,num,null,4,null
TriggerRate,1720516001000000000,num,null,4,null
TriggerRate,1720516061000000000,num,null,4,null
TriggerRate,1720516121000000000,num,null,4,null
TriggerRate,1720516181000000000,num,null,4,null
TriggerRate,1720516476000000000,num,null,0,null
TriggerRate,1720516536000000000,num,null,0,null
TriggerRate,1720516776000000000,num,null,0,null
TriggerRate,1720516836000000000,num,null,0,null
TriggerRate,1720516896000000000,num,null,0,null
TriggerRate,1720516926000000000,num,null,0,null
TriggerRate,1720517016000000000,num,null,0,null
TriggerRate,1720517076000000000,num,null,0,null
TriggerRate,1720517556000000000,num,null,0,null
TriggerRate,1720517616000000000,num,null,0,null
TriggerRate,1720517676000000000,num,null,4,null
TriggerRate,1720517736000000000,num,null,4,null
TriggerRate,1720517796000000000,num,null,5,null
TriggerRate,1720517856000000000,num,null,5,null
TriggerRate,1720517916000000000,num,null,4,null
TriggerRate,1720517976000000000,num,null,4,null
TriggerRate,1720518036000000000,num,null,5,null
TriggerRate,1720518156000000000,num,null,5,null
TriggerRate,1720518216000000000,num,null,2,null
TriggerRate,1720585012000000000,num,null,0,null
TriggerRate,1720585072000000000,num,null,0,null
TriggerRate,1720585102000000000,num,null,0,null
TriggerRate,1720585852000000000,num,null,0,null
TriggerRate,1720585912000000000,num,null,0,null
TriggerRate,1720586032000000000,num,null,0,null
TriggerRate,1720586092000000000,num,null,0,null
TriggerRate,1720586152000000000,num,null,0,null
TriggerRate,1720586212000000000,num,null,0,null
TriggerRate,1720586272000000000,num,null,0,null
TriggerRate,1720586332000000000,num,null,0,null
TriggerRate,1720586392000000000,num,null,0,null
TriggerRate,1720586452000000000,num,null,0,null
TriggerRate,1720586512000000000,num,null,0,null
TriggerRate,1720586572000000000,num,null,64,null
TriggerRate,1720586632000000000,num,null,64,null
TriggerRate,1720586692000000000,num,null,102,null
TriggerRate,1720586752000000000,num,null,102,null
TriggerRate,1720586812000000000,num,null,102,null
TriggerRate,1720586872000000000,num,null,102,null
TriggerRate,1720586932000000000,num,null,102,null
TriggerRate,1720586992000000000,num,null,102,null
TriggerRate,1720587052000000000,num,null,102,null
TriggerRate,1720587112000000000,num,null,102,null
TriggerRate,1720587172000000000,num,null,102,null
TriggerRate,1720587232000000000,num,null,102,null
TriggerRate,1720587292000000000,num,null,102,null
TriggerRate,1720587352000000000,num,null,102,null
TriggerRate,1720587412000000000,num,null,102,null
TriggerRate,1720587472000000000,num,null,102,null
TriggerRate,1720587532000000000,num,null,102,null
TriggerRate,1720587592000000000,num,null,102,null
TriggerRate,1720587652000000000,num,null,102,null
TriggerRate,1720587712000000000,num,null,102,null
TriggerRate,1720587772000000000,num,null,102,null
TriggerRate,1720590292000000000,num,null,36,null
TriggerRate,1720590352000000000,num,null,36,null
TriggerRate,1720590412000000000,num,null,36,null
TriggerRate,1720590442000000000,num,null,36,null
TriggerRate,1720590532000000000,num,null,36,null
TriggerRate,1720590592000000000,num,null,36,null
TriggerRate,1720590652000000000,num,null,65535,null
TriggerRate,1720590712000000000,num,null,65535,null
TriggerRate,1720590772000000000,num,null,108,null
TriggerRate,1720590832000000000,num,null,108,null
TriggerRate,1720590892000000000,num,null,104,null
TriggerRate,1720590952000000000,num,null,104,null
TriggerRate,1720590982000000000,num,null,104,null
TriggerRate,1720591072000000000,num,null,14,null
TriggerRate,1720591132000000000,num,null,14,null
TriggerRate,1720591192000000000,num,null,14,null
TriggerRate,1720591252000000000,num,null,14,null
TriggerRate,1720591312000000000,num,null,14,null
TriggerRate,1720591372000000000,num,null,14,null
TriggerRate,1720591612000000000,num,null,14,null
TriggerRate,1720591672000000000,num,null,14,null
TriggerRate,1720591732000000000,num,null,65535,null
TriggerRate,1720591792000000000,num,null,65535,null
TriggerRate,1720591822000000000,num,null,65535,null
TriggerRate,1720591912000000000,num,null,6,null
TriggerRate,1720591972000000000,num,null,6,null
TriggerRate,1720592032000000000,num,null,6,null
TriggerRate,1720592092000000000,num,null,6,null
TriggerRate,1720592152000000000,num,null,6,null
TriggerRate,1720592212000000000,num,null,6,null
TriggerRate,1720592272000000000,num,null,6,null
TriggerRate,1720592332000000000,num,null,6,null
TriggerRate,1720592392000000000,num,null,6,null
TriggerRate,1720592452000000000,num,null,6,null
TriggerRate,1720592482000000000,num,null,6,null
TriggerRate,1720593172000000000,num,null,6,null
TriggerRate,1720593232000000000,num,null,6,null
TriggerRate,1720593292000000000,num,null,65535,null
TriggerRate,1720593352000000000,num,null,65535,null
TriggerRate,1720593412000000000,num,null,389,null
TriggerRate,1720593472000000000,num,null,389,null
TriggerRate,1720593532000000000,num,null,437,null
TriggerRate,1720593592000000000,num,null,437,null
TriggerRate,1720593652000000000,num,null,448,null
TriggerRate,1720593712000000000,num,null,448,null
TriggerRate,1720593772000000000,num,null,428,null
TriggerRate,1720593832000000000,num,null,428,null
TriggerRate,1720593892000000000,num,null,402,null
TriggerRate,1720593952000000000,num,null,402,null
TriggerRate,1720594012000000000,num,null,443,null
TriggerRate,1720594072000000000,num,null,443,null
TriggerRate,1720594132000000000,num,null,481,null
TriggerRate,1720594192000000000,num,null,481,null
TriggerRate,1720594252000000000,num,null,445,null
TriggerRate,1720594312000000000,num,null,445,null
TriggerRate,1720594372000000000,num,null,415,null
TriggerRate,1720594432000000000,num,null,415,null
TriggerRate,1720594492000000000,num,null,454,null
TriggerRate,1720594552000000000,num,null,454,null
TriggerRate,1720594612000000000,num,null,510,null
TriggerRate,1720594672000000000,num,null,510,null
TriggerRate,1720594732000000000,num,null,459,null
TriggerRate,1720594792000000000,num,null,459,null
TriggerRate,1720594852000000000,num,null,437,null
TriggerRate,1720594912000000000,num,null,437,null
TriggerRate,1720594972000000000,num,null,469,null
TriggerRate,1720595032000000000,num,null,469,null
TriggerRate,1720595092000000000,num,null,514,null
TriggerRate,1720595152000000000,num,null,514,null
TriggerRate,1720595212000000000,num,null,461,null
TriggerRate,1720595272000000000,num,null,461,null
TriggerRate,1720595332000000000,num,null,432,null
TriggerRate,1720595392000000000,num,null,432,null
TriggerRate,1720595452000000000,num,null,488,null
TriggerRate,1720595512000000000,num,null,488,null
TriggerRate,1720595572000000000,num,null,517,null
TriggerRate,1720595632000000000,num,null,517,null
TriggerRate,1720595692000000000,num,null,489,null
TriggerRate,1720595752000000000,num,null,489,null
TriggerRate,1720595812000000000,num,null,3999,null
TriggerRate,1720595872000000000,num,null,3999,null
TriggerRate,1720595932000000000,num,null,3999,null
TriggerRate,1720595992000000000,num,null,3999,null
TriggerRate,1720596052000000000,num,null,3999,null
TriggerRate,1720596112000000000,num,null,3999,null
TriggerRate,1720596172000000000,num,null,472,null
TriggerRate,1720596232000000000,num,null,472,null
TriggerRate,1720596292000000000,num,null,480,null
TriggerRate,1720596352000000000,num,null,480,null
TriggerRate,1720596412000000000,num,null,495,null
TriggerRate,1720596472000000000,num,null,495,null
TriggerRate,1720596532000000000,num,null,534,null
TriggerRate,1720596592000000000,num,null,534,null
TriggerRate,1720596652000000000,num,null,459,null
TriggerRate,1720596712000000000,num,null,459,null
TriggerRate,1720596772000000000,num,null,451,null
TriggerRate,1720596832000000000,num,null,451,null
TriggerRate,1720596892000000000,num,null,3999,null
TriggerRate,1720596952000000000,num,null,3999,null
TriggerRate,1720597012000000000,num,null,539,null
TriggerRate,1720597072000000000,num,null,539,null
TriggerRate,1720597132000000000,num,null,465,null
TriggerRate,1720597192000000000,num,null,465,null
TriggerRate,1720597252000000000,num,null,3999,null
TriggerRate,1720597312000000000,num,null,3999,null
TriggerRate,1720597372000000000,num,null,544,null
TriggerRate,1720597432000000000,num,null,544,null
TriggerRate,1720597492000000000,num,null,540,null
TriggerRate,1720597552000000000,num,null,540,null
TriggerRate,1720597612000000000,num,null,473,null
TriggerRate,1720597672000000000,num,null,473,null
TriggerRate,1720597732000000000,num,null,481,null
TriggerRate,1720597792000000000,num,null,481,null
TriggerRate,1720597852000000000,num,null,509,null
TriggerRate,1720597912000000000,num,null,509,null
TriggerRate,1720597972000000000,num,null,522,null
TriggerRate,1720598032000000000,num,null,522,null
TriggerRate,1720598092000000000,num,null,502,null
TriggerRate,1720598152000000000,num,null,502,null
TriggerRate,1720598212000000000,num,null,475,null
TriggerRate,1720598272000000000,num,null,475,null
TriggerRate,1720598332000000000,num,null,537,null
TriggerRate,1720598392000000000,num,null,537,null
TriggerRate,1720598452000000000,num,null,503,null
TriggerRate,1720598512000000000,num,null,503,null
TriggerRate,1720598572000000000,num,null,476,null
TriggerRate,1720598632000000000,num,null,476,null
TriggerRate,1720598692000000000,num,null,478,null
TriggerRate,1720598752000000000,num,null,478,null
TriggerRate,1720598812000000000,num,null,537,null
TriggerRate,1720598872000000000,num,null,537,null
TriggerRate,1720598932000000000,num,null,518,null
TriggerRate,1720598992000000000,num,null,518,null
TriggerRate,1720599052000000000,num,null,505,null
TriggerRate,1720599112000000000,num,null,505,null
TriggerRate,1720599172000000000,num,null,531,null
TriggerRate,1720599232000000000,num,null,531,null
TriggerRate,1720599292000000000,num,null,612,null
TriggerRate,1720599352000000000,num,null,612,null
TriggerRate,1720599412000000000,num,null,582,null
TriggerRate,1720599472000000000,num,null,582,null
TriggerRate,1720599532000000000,num,null,3999,null
TriggerRate,1720599592000000000,num,null,3999,null
TriggerRate,1720599652000000000,num,null,525,null
TriggerRate,1720599712000000000,num,null,525,null
TriggerRate,1720599772000000000,num,null,597,null
TriggerRate,1720599832000000000,num,null,597,null
TriggerRate,1720599892000000000,num,null,583,null
TriggerRate,1720599952000000000,num,null,583,null
TriggerRate,1720600012000000000,num,null,526,null
TriggerRate,1720600072000000000,num,null,526,null
TriggerRate,1720600132000000000,num,null,571,null
TriggerRate,1720600192000000000,num,null,571,null
TriggerRate,1720600252000000000,num,null,640,null
TriggerRate,1720600312000000000,num,null,640,null
TriggerRate,1720600372000000000,num,null,576,null
TriggerRate,1720600432000000000,num,null,576,null
TriggerRate,1720600492000000000,num,null,533,null
TriggerRate,1720600552000000000,num,null,533,null
TriggerRate,1720600582000000000,num,null,533,null
TriggerRate,1720665931000000000,num,null,0,null
TriggerRate,1720665991000000000,num,null,0,null
TriggerRate,1720666111000000000,num,null,0,null
TriggerRate,1720666171000000000,num,null,0,null
TriggerRate,1720666231000000000,num,null,0,null
TriggerRate,1720666291000000000,num,null,18,null
TriggerRate,1720666351000000000,num,null,18,null
TriggerRate,1720666411000000000,num,null,102,null
TriggerRate,1720666471000000000,num,null,102,null
TriggerRate,1720666531000000000,num,null,102,null
TriggerRate,1720666591000000000,num,null,102,null
TriggerRate,1720666651000000000,num,null,102,null
TriggerRate,1720666711000000000,num,null,102,null
TriggerRate,1720666771000000000,num,null,102,null
TriggerRate,1720666831000000000,num,null,102,null
TriggerRate,1720666891000000000,num,null,102,null
TriggerRate,1720666951000000000,num,null,102,null
TriggerRate,1720667011000000000,num,null,102,null
TriggerRate,1720667071000000000,num,null,102,null
TriggerRate,1720667131000000000,num,null,102,null
TriggerRate,1720667191000000000,num,null,102,null
TriggerRate,1720667251000000000,num,null,102,null
TriggerRate,1720667311000000000,num,null,102,null
TriggerRate,1720667401000000000,num,null,102,null
TriggerRate,1720667431000000000,num,null,102,null
TriggerRate,1720667491000000000,num,null,88,null
TriggerRate,1720667551000000000,num,null,88,null
TriggerRate,1720667611000000000,num,null,88,null
TriggerRate,1720667671000000000,num,null,88,null
TriggerRate,1720667731000000000,num,null,88,null
TriggerRate,1720667791000000000,num,null,88,null
TriggerRate,1720667851000000000,num,null,88,null
TriggerRate,1720667911000000000,num,null,88,null
TriggerRate,1720667971000000000,num,null,88,null
TriggerRate,1720668031000000000,num,null,88,null
TriggerRate,1720668091000000000,num,null,88,null
TriggerRate,1720668151000000000,num,null,88,null
TriggerRate,1720668211000000000,num,null,88,null
TriggerRate,1720668271000000000,num,null,88,null
TriggerRate,1720668331000000000,num,null,88,null
TriggerRate,1720668391000000000,num,null,88,null
TriggerRate,1720668451000000000,num,null,88,null
TriggerRate,1720668511000000000,num,null,88,null
TriggerRate,1720668571000000000,num,null,88,null
TriggerRate,1720668631000000000,num,null,88,null
TriggerRate,1720668691000000000,num,null,88,null
TriggerRate,1720668751000000000,num,null,88,null
TriggerRate,1720668811000000000,num,null,88,null
TriggerRate,1720668871000000000,num,null,88,null
TriggerRate,1720668931000000000,num,null,88,null
TriggerRate,1720668991000000000,num,null,88,null
TriggerRate,1720669051000000000,num,null,88,null
TriggerRate,1720669111000000000,num,null,88,null
TriggerRate,1720669171000000000,num,null,88,null
TriggerRate,1720669231000000000,num,null,88,null
TriggerRate,1720669291000000000,num,null,88,null
TriggerRate,1720669351000000000,num,null,88,null
TriggerRate,1720669411000000000,num,null,88,null
TriggerRate,1720669471000000000,num,null,88,null
TriggerRate,1720669531000000000,num,null,88,null
TriggerRate,1720669591000000000,num,null,88,null
TriggerRate,1720669651000000000,num,null,88,null
TriggerRate,1720669711000000000,num,null,88,null
TriggerRate,1720669771000000000,num,null,88,null
TriggerRate,1720669831000000000,num,null,88,null
TriggerRate,1720669891000000000,num,null,88,null
TriggerRate,1720669951000000000,num,null,88,null
TriggerRate,1720670011000000000,num,null,88,null
TriggerRate,1720670071000000000,num,null,88,null
TriggerRate,1720670131000000000,num,null,88,null
TriggerRate,1720670191000000000,num,null,88,null
TriggerRate,1720670251000000000,num,null,88,null
TriggerRate,1720670311000000000,num,null,88,null
TriggerRate,1720670371000000000,num,null,88,null
TriggerRate,1720670431000000000,num,null,88,null
TriggerRate,1720670491000000000,num,null,88,null
TriggerRate,1720670551000000000,num,null,88,null
TriggerRate,1720670611000000000,num,null,88,null
TriggerRate,1720670671000000000,num,null,88,null
TriggerRate,1720670731000000000,num,null,88,null
TriggerRate,1720670791000000000,num,null,88,null
TriggerRate,1720670851000000000,num,null,88,null
TriggerRate,1720670911000000000,num,null,88,null
TriggerRate,1720670971000000000,num,null,88,null
TriggerRate,1720671031000000000,num,null,88,null
TriggerRate,1720671091000000000,num,null,88,null
TriggerRate,1720671151000000000,num,null,88,null
TriggerRate,1720671211000000000,num,null,88,null
TriggerRate,1720671271000000000,num,null,88,null
TriggerRate,1720671331000000000,num,null,88,null
TriggerRate,1720671391000000000,num,null,88,null
TriggerRate,1720671451000000000,num,null,88,null
TriggerRate,1720671511000000000,num,null,88,null
TriggerRate,1720671571000000000,num,null,88,null
TriggerRate,1720671631000000000,num,null,88,null
TriggerRate,1720671691000000000,num,null,88,null
TriggerRate,1720671751000000000,num,null,88,null
TriggerRate,1720671811000000000,num,null,88,null
TriggerRate,1720671871000000000,num,null,88,null
TriggerRate,1720671931000000000,num,null,88,null
TriggerRate,1720671991000000000,num,null,88,null
TriggerRate,1720672051000000000,num,null,88,null
TriggerRate,1720672111000000000,num,null,88,null
TriggerRate,1720672171000000000,num,null,88,null
TriggerRate,1720672231000000000,num,null,88,null
TriggerRate,1720672291000000000,num,null,88,null
TriggerRate,1720672351000000000,num,null,88,null
TriggerRate,1720672411000000000,num,null,88,null
TriggerRate,1720672471000000000,num,null,88,null
TriggerRate,1720672531000000000,num,null,88,null
TriggerRate,1720672591000000000,num,null,88,null
TriggerRate,1720672651000000000,num,null,88,null
TriggerRate,1720672711000000000,num,null,88,null
TriggerRate,1720672771000000000,num,null,88,null
TriggerRate,1720672831000000000,num,null,88,null
TriggerRate,1720672891000000000,num,null,88,null
TriggerRate,1720672951000000000,num,null,88,null
TriggerRate,1720673011000000000,num,null,88,null
TriggerRate,1720673071000000000,num,null,88,null
TriggerRate,1720673131000000000,num,null,88,null
TriggerRate,1720673191000000000,num,null,88,null
TriggerRate,1720673251000000000,num,null,88,null
TriggerRate,1720673311000000000,num,null,88,null
TriggerRate,1720673371000000000,num,null,88,null
TriggerRate,1720673431000000000,num,null,88,null
TriggerRate,1720673491000000000,num,null,88,null
TriggerRate,1720673551000000000,num,null,88,null
TriggerRate,1720673611000000000,num,null,88,null
TriggerRate,1720673671000000000,num,null,88,null
TriggerRate,1720673731000000000,num,null,88,null
TriggerRate,1720673791000000000,num,null,88,null
TriggerRate,1720673851000000000,num,null,88,null
TriggerRate,1720673911000000000,num,null,88,null
TriggerRate,1720673971000000000,num,null,88,null
TriggerRate,1720674031000000000,num,null,88,null
TriggerRate,1720674091000000000,num,null,88,null
TriggerRate,1720674151000000000,num,null,88,null
TriggerRate,1720674211000000000,num,null,88,null
TriggerRate,1720674271000000000,num,null,88,null
TriggerRate,1720674331000000000,num,null,88,null
TriggerRate,1720674391000000000,num,null,88,null
TriggerRate,1720674451000000000,num,null,88,null
TriggerRate,1720674511000000000,num,null,88,null
TriggerRate,1720674571000000000,num,null,88,null
TriggerRate,1720674631000000000,num,null,88,null
TriggerRate,1720674691000000000,num,null,88,null
TriggerRate,1720674751000000000,num,null,88,null
TriggerRate,1720674811000000000,num,null,88,null
TriggerRate,1720674871000000000,num,null,88,null
TriggerRate,1720674931000000000,num,null,88,null
TriggerRate,1720674991000000000,num,null,88,null
TriggerRate,1720675051000000000,num,null,88,null
TriggerRate,1720675111000000000,num,null,88,null
TriggerRate,1720675171000000000,num,null,88,null
TriggerRate,1720675231000000000,num,null,88,null
TriggerRate,1720675291000000000,num,null,88,null
TriggerRate,1720675351000000000,num,null,88,null
TriggerRate,1720675411000000000,num,null,88,null
TriggerRate,1720675471000000000,num,null,88,null
TriggerRate,1720675531000000000,num,null,88,null
TriggerRate,1720675591000000000,num,null,88,null
TriggerRate,1720675651000000000,num,null,88,null
TriggerRate,1720675711000000000,num,null,88,null
TriggerRate,1720675771000000000,num,null,88,null
TriggerRate,1720675831000000000,num,null,88,null
TriggerRate,1720675891000000000,num,null,88,null
TriggerRate,1720675951000000000,num,null,88,null
TriggerRate,1720676011000000000,num,null,88,null
TriggerRate,1720676071000000000,num,null,88,null
TriggerRate,1720676131000000000,num,null,88,null
TriggerRate,1720676191000000000,num,null,88,null
TriggerRate,1720676251000000000,num,null,88,null
TriggerRate,1720676311000000000,num,null,88,null
TriggerRate,1720676371000000000,num,null,88,null
TriggerRate,1720676431000000000,num,null,88,null
TriggerRate,1720676491000000000,num,null,88,null
TriggerRate,1720676551000000000,num,null,88,null
TriggerRate,1720676611000000000,num,null,88,null
TriggerRate,1720676671000000000,num,null,88,null
TriggerRate,1720676731000000000,num,null,88,null
TriggerRate,1720676791000000000,num,null,88,null
TriggerRate,1720676851000000000,num,null,88,null
TriggerRate,1720676911000000000,num,null,88,null
TriggerRate,1720676971000000000,num,null,88,null
TriggerRate,1720677031000000000,num,null,88,null
TriggerRate,1720677091000000000,num,null,88,null
TriggerRate,1720677151000000000,num,null,88,null
TriggerRate,1720677211000000000,num,null,88,null
TriggerRate,1720677271000000000,num,null,88,null
TriggerRate,1720677331000000000,num,null,88,null
TriggerRate,1720677391000000000,num,null,88,null
TriggerRate,1720677451000000000,num,null,88,null
TriggerRate,1720677691000000000,num,null,88,null
TriggerRate,1720677751000000000,num,null,88,null
TriggerRate,1720677811000000000,num,null,88,null
TriggerRate,1720677871000000000,num,null,88,null
TriggerRate,1720677931000000000,num,null,88,null
TriggerRate,1720677991000000000,num,null,88,null
TriggerRate,1720678051000000000,num,null,65535,null
TriggerRate,1720678111000000000,num,null,65535,null
TriggerRate,1720678171000000000,num,null,102,null
TriggerRate,1720678231000000000,num,null,102,null
TriggerRate,1720678261000000000,num,null,102,null
TriggerRate,1720678351000000000,num,null,8,null
TriggerRate,1720678411000000000,num,null,8,null
TriggerRate,1720678471000000000,num,null,8,null
TriggerRate,1720678531000000000,num,null,8,null
TriggerRate,1720678591000000000,num,null,8,null
TriggerRate,1720678651000000000,num,null,8,null
TriggerRate,1720678711000000000,num,null,8,null
TriggerRate,1720678771000000000,num,null,8,null
TriggerRate,1720678831000000000,num,null,8,null
TriggerRate,1720678861000000000,num,null,8,null
TriggerRate,1720679551000000000,num,null,8,null
TriggerRate,1720679611000000000,num,null,8,null
TriggerRate,1720679671000000000,num,null,8,null
TriggerRate,1720679731000000000,num,null,65535,null
TriggerRate,1720679791000000000,num,null,65535,null
TriggerRate,1720679851000000000,num,null,3999,null
TriggerRate,1720679911000000000,num,null,3999,null
TriggerRate,1720680581000000000,num,null,0,null
TriggerRate,1720680641000000000,num,null,0,null
TriggerRate,1720680701000000000,num,null,0,null
TriggerRate,1720680761000000000,num,null,0,null
TriggerRate,1720680821000000000,num,null,0,null
TriggerRate,1720680881000000000,num,null,0,null
TriggerRate,1720680941000000000,num,null,0,null
TriggerRate,1720681001000000000,num,null,0,null
TriggerRate,1720681592000000000,num,null,0,null
TriggerRate,1720681652000000000,num,null,0,null
TriggerRate,1720681712000000000,num,null,0,null
TriggerRate,1720681772000000000,num,null,0,null
TriggerRate,1720681802000000000,num,null,0,null
TriggerRate,1720682617000000000,num,null,0,null
TriggerRate,1720682677000000000,num,null,0,null
TriggerRate,1720682707000000000,num,null,0,null
TriggerRate,1720683097000000000,num,null,0,null
TriggerRate,1720683127000000000,num,null,0,null
TriggerRate,1720683457000000000,num,null,0,null
TriggerRate,1720683517000000000,num,null,0,null
TriggerRate,1720683547000000000,num,null,0,null
TriggerRate,1720683817000000000,num,null,0,null
TriggerRate,1720683877000000000,num,null,0,null
TriggerRate,1720683937000000000,num,null,0,null
TriggerRate,1720684357000000000,num,null,0,null
TriggerRate,1720684417000000000,num,null,0,null
TriggerRate,1720684477000000000,num,null,0,null
TriggerRate,1720684537000000000,num,null,3999,null
TriggerRate,1720684597000000000,num,null,3999,null
TriggerRate,1720684657000000000,num,null,3999,null
TriggerRate,1720684717000000000,num,null,3999,null
TriggerRate,1720684777000000000,num,null,3999,null
TriggerRate,1720684837000000000,num,null,3999,null
TriggerRate,1720684867000000000,num,null,3999,null
TriggerRate,1720685197000000000,num,null,3999,null
TriggerRate,1720685257000000000,num,null,3999,null
TriggerRate,1720685317000000000,num,null,3999,null
TriggerRate,1720685377000000000,num,null,3999,null
TriggerRate,1720685407000000000,num,null,3999,null
TriggerRate,1720685737000000000,num,null,3999,null
TriggerRate,1720685767000000000,num,null,3999,null
TriggerRate,1720687117000000000,num,null,3999,null
TriggerRate,1720687177000000000,num,null,3999,null
TriggerRate,1720687237000000000,num,null,3999,null
TriggerRate,1720687267000000000,num,null,3999,null
TriggerRate,1720687777000000000,num,null,3999,null
TriggerRate,1720687837000000000,num,null,3999,null
TriggerRate,1720687897000000000,num,null,3999,null
TriggerRate,1720687957000000000,num,null,3999,null
TriggerRate,1720688017000000000,num,null,3999,null
TriggerRate,1720688077000000000,num,null,3999,null
TriggerRate,1720688137000000000,num,null,3999,null
TriggerRate,1720688197000000000,num,null,3999,null
TriggerRate,1720689236000000000,num,null,0,null
TriggerRate,1720689266000000000,num,null,0,null
TriggerRate,1720689446000000000,num,null,0,null
TriggerRate,1720689506000000000,num,null,0,null
TriggerRate,1720690646000000000,num,null,0,null
TriggerRate,1720690706000000000,num,null,0,null
TriggerRate,1720690796000000000,num,null,0,null
TriggerRate,1720690826000000000,num,null,0,null
TriggerRate,1720690916000000000,num,null,0,null
TriggerRate,1720690976000000000,num,null,0,null
TriggerRate,1720691006000000000,num,null,0,null
TriggerRate,1720691066000000000,num,null,3999,null
TriggerRate,1720691156000000000,num,null,3999,null
TriggerRate,1720691186000000000,num,null,3999,null
TriggerRate,1720691246000000000,num,null,3999,null
TriggerRate,1720691336000000000,num,null,3999,null
TriggerRate,1720691396000000000,num,null,3999,null
TriggerRate,1720691426000000000,num,null,3999,null
TriggerRate,1720691486000000000,num,null,3999,null
TriggerRate,1720691546000000000,num,null,3999,null
TriggerRate,1720757977000000000,num,null,0,null
TriggerRate,1720758037000000000,num,null,0,null
TriggerRate,1720758097000000000,num,null,0,null
TriggerRate,1720758157000000000,num,null,0,null
TriggerRate,1720758217000000000,num,null,0,null
TriggerRate,1720758277000000000,num,null,0,null
TriggerRate,1720758337000000000,num,null,0,null
TriggerRate,1720758367000000000,num,null,0,null
TriggerRate,1720758656000000000,num,null,0,null
TriggerRate,1720758686000000000,num,null,0,null
TriggerRate,1720758746000000000,num,null,0,null
TriggerRate,1720758836000000000,num,null,0,null
TriggerRate,1720758896000000000,num,null,0,null
TriggerRate,1720758926000000000,num,null,0,null
TriggerRate,1720758986000000000,num,null,0,null
TriggerRate,1720759255000000000,num,null,0,null
TriggerRate,1720759285000000000,num,null,0,null
TriggerRate,1720759375000000000,num,null,0,null
TriggerRate,1720759435000000000,num,null,0,null
TriggerRate,1720759495000000000,num,null,0,null
TriggerRate,1720759555000000000,num,null,0,null
TriggerRate,1720759615000000000,num,null,49,null
TriggerRate,1720759675000000000,num,null,49,null
TriggerRate,1720759735000000000,num,null,103,null
TriggerRate,1720759795000000000,num,null,103,null
TriggerRate,1720759855000000000,num,null,103,null
TriggerRate,1720759915000000000,num,null,103,null
TriggerRate,1720759975000000000,num,null,103,null
TriggerRate,1720760035000000000,num,null,103,null
TriggerRate,1720760095000000000,num,null,103,null
TriggerRate,1720760155000000000,num,null,103,null
TriggerRate,1720760215000000000,num,null,103,null
TriggerRate,1720760275000000000,num,null,103,null
TriggerRate,1720760335000000000,num,null,103,null
TriggerRate,1720760395000000000,num,null,103,null
TriggerRate,1720760455000000000,num,null,21,null
TriggerRate,1720760515000000000,num,null,21,null
TriggerRate,1720760575000000000,num,null,21,null
TriggerRate,1720760635000000000,num,null,21,null
TriggerRate,1720760695000000000,num,null,21,null
TriggerRate,1720760755000000000,num,null,21,null
TriggerRate,1720760815000000000,num,null,21,null
TriggerRate,1720760875000000000,num,null,21,null
TriggerRate,1720760935000000000,num,null,21,null
TriggerRate,1720760995000000000,num,null,21,null
TriggerRate,1720761055000000000,num,null,21,null
TriggerRate,1720761115000000000,num,null,21,null
TriggerRate,1720761175000000000,num,null,21,null
TriggerRate,1720761235000000000,num,null,21,null
TriggerRate,1720761295000000000,num,null,21,null
TriggerRate,1720761325000000000,num,null,21,null
TriggerRate,1720762435000000000,num,null,21,null
TriggerRate,1720762495000000000,num,null,3979,null
TriggerRate,1720762555000000000,num,null,3979,null
TriggerRate,1720762615000000000,num,null,65535,null
TriggerRate,1720762675000000000,num,null,65535,null
TriggerRate,1720762735000000000,num,null,3999,null
TriggerRate,1720762795000000000,num,null,3999,null
TriggerRate,1720762825000000000,num,null,3999,null
TriggerRate,1720763215000000000,num,null,3999,null
TriggerRate,1720763395000000000,num,null,65535,null
TriggerRate,1720763455000000000,num,null,3999,null
TriggerRate,1720766035000000000,num,null,104,null
TriggerRate,1720766095000000000,num,null,102,null
TriggerRate,1720766155000000000,num,null,102,null
TriggerRate,1720766215000000000,num,null,107,null
TriggerRate,1720766275000000000,num,null,107,null
TriggerRate,1720766335000000000,num,null,30,null
TriggerRate,1720843648000000000,num,null,0,null
TriggerRate,1720843738000000000,num,null,0,null
TriggerRate,1720843768000000000,num,null,0,null
TriggerRate,1720843828000000000,num,null,0,null
TriggerRate,1720843888000000000,num,null,0,null
TriggerRate,1720843948000000000,num,null,0,null
TriggerRate,1720844008000000000,num,null,0,null
TriggerRate,1720844098000000000,num,null,0,null
TriggerRate,1720844128000000000,num,null,0,null
TriggerRate,1720844188000000000,num,null,0,null
TriggerRate,1720844248000000000,num,null,0,null
TriggerRate,1720844308000000000,num,null,0,null
TriggerRate,1720844368000000000,num,null,0,null
TriggerRate,1720844428000000000,num,null,0,null
TriggerRate,1720844488000000000,num,null,0,null
TriggerRate,1720844548000000000,num,null,0,null
TriggerRate,1720844608000000000,num,null,103,null
TriggerRate,1720844668000000000,num,null,103,null
TriggerRate,1720844728000000000,num,null,102,null
TriggerRate,1720844788000000000,num,null,102,null
TriggerRate,1720844848000000000,num,null,102,null
TriggerRate,1720844908000000000,num,null,102,null
TriggerRate,1720844968000000000,num,null,102,null
TriggerRate,1720845028000000000,num,null,102,null
TriggerRate,1720845088000000000,num,null,102,null
TriggerRate,1720845148000000000,num,null,102,null
TriggerRate,1720845208000000000,num,null,102,null
TriggerRate,1720845268000000000,num,null,102,null
TriggerRate,1720845328000000000,num,null,102,null
TriggerRate,1720845388000000000,num,null,102,null
TriggerRate,1720845448000000000,num,null,102,null
TriggerRate,1720845508000000000,num,null,80,null
TriggerRate,1720847128000000000,num,null,3999,null
TriggerRate,1720847188000000000,num,null,3999,null
TriggerRate,1720853668000000000,num,null,170,null
TriggerRate,1720853758000000000,num,null,65535,null
TriggerRate,1720853788000000000,num,null,65535,null
TriggerRate,1720854568000000000,num,null,157,null
TriggerRate,1720854628000000000,num,null,157,null
TriggerRate,1720854688000000000,num,null,165,null
TriggerRate,1720854748000000000,num,null,165,null
TriggerRate,1720854808000000000,num,null,631,null
TriggerRate,1720854868000000000,num,null,631,null
TriggerRate,1720854928000000000,num,null,1674,null
TriggerRate,1720854988000000000,num,null,1674,null
TriggerRate,1720855048000000000,num,null,161,null
TriggerRate,1720855108000000000,num,null,161,null
TriggerRate,1720855198000000000,num,null,157,null
TriggerRate,1720855228000000000,num,null,157,null
TriggerRate,1720855288000000000,num,null,163,null
TriggerRate,1720855348000000000,num,null,163,null
TriggerRate,1720855408000000000,num,null,158,null
TriggerRate,1720855468000000000,num,null,158,null
TriggerRate,1720855528000000000,num,null,169,null
TriggerRate,1720855588000000000,num,null,169,null
TriggerRate,1720855648000000000,num,null,159,null
TriggerRate,1720855708000000000,num,null,159,null
TriggerRate,1720855768000000000,num,null,157,null
TriggerRate,1720855828000000000,num,null,157,null
TriggerRate,1720855888000000000,num,null,171,null
TriggerRate,1720855948000000000,num,null,171,null
TriggerRate,1720856008000000000,num,null,145,null
TriggerRate,1720856068000000000,num,null,145,null
TriggerRate,1720856128000000000,num,null,162,null
TriggerRate,1720856188000000000,num,null,162,null
TriggerRate,1720856248000000000,num,null,166,null
TriggerRate,1720856308000000000,num,null,166,null
TriggerRate,1720856368000000000,num,null,166,null
TriggerRate,1720856428000000000,num,null,166,null
TriggerRate,1720856488000000000,num,null,152,null
TriggerRate,1720856548000000000,num,null,152,null
TriggerRate,1720856638000000000,num,null,174,null
TriggerRate,1720856668000000000,num,null,174,null
TriggerRate,1720856728000000000,num,null,179,null
TriggerRate,1720856788000000000,num,null,179,null
TriggerRate,1720856848000000000,num,null,161,null
TriggerRate,1720856908000000000,num,null,161,null
TriggerRate,1720856968000000000,num,null,146,null
TriggerRate,1720857028000000000,num,null,146,null
TriggerRate,1720857088000000000,num,null,151,null
TriggerRate,1720857148000000000,num,null,151,null
TriggerRate,1720857208000000000,num,null,156,null
TriggerRate,1720857268000000000,num,null,156,null
TriggerRate,1720857328000000000,num,null,160,null
TriggerRate,1720857388000000000,num,null,160,null
TriggerRate,1720857448000000000,num,null,166,null
TriggerRate,1720857508000000000,num,null,166,null
TriggerRate,1720857568000000000,num,null,151,null
TriggerRate,1720857628000000000,num,null,151,null
TriggerRate,1720857688000000000,num,null,151,null
TriggerRate,1720857748000000000,num,null,151,null
TriggerRate,1720857808000000000,num,null,166,null
TriggerRate,1720857868000000000,num,null,166,null
TriggerRate,1720857928000000000,num,null,151,null
TriggerRate,1720857988000000000,num,null,151,null
TriggerRate,1720858048000000000,num,null,152,null
TriggerRate,1720858108000000000,num,null,152,null
TriggerRate,1720858168000000000,num,null,152,null
TriggerRate,1720858228000000000,num,null,152,null
TriggerRate,1720858288000000000,num,null,157,null
TriggerRate,1720858348000000000,num,null,157,null
TriggerRate,1720858408000000000,num,null,153,null
TriggerRate,1720858468000000000,num,null,153,null
TriggerRate,1720858528000000000,num,null,140,null
TriggerRate,1720858588000000000,num,null,140,null
TriggerRate,1720858648000000000,num,null,150,null
TriggerRate,1720858738000000000,num,null,157,null
TriggerRate,1720858768000000000,num,null,157,null
TriggerRate,1720858828000000000,num,null,157,null
TriggerRate,1720858888000000000,num,null,168,null
TriggerRate,1720858948000000000,num,null,168,null
TriggerRate,1720859008000000000,num,null,137,null
TriggerRate,1720859068000000000,num,null,137,null
TriggerRate,1720859128000000000,num,null,156,null
TriggerRate,1720859188000000000,num,null,156,null
TriggerRate,1720859248000000000,num,null,144,null
TriggerRate,1720859308000000000,num,null,144,null
TriggerRate,1720859368000000000,num,null,161,null
TriggerRate,1720859428000000000,num,null,161,null
TriggerRate,1720859488000000000,num,null,161,null
TriggerRate,1720859548000000000,num,null,161,null
TriggerRate,1720859608000000000,num,null,171,null
TriggerRate,1720859668000000000,num,null,171,null
TriggerRate,1720859728000000000,num,null,152,null
TriggerRate,1720859788000000000,num,null,152,null
TriggerRate,1720859848000000000,num,null,165,null
TriggerRate,1720859908000000000,num,null,165,null
TriggerRate,1720859968000000000,num,null,159,null
TriggerRate,1720860028000000000,num,null,159,null
TriggerRate,1720860088000000000,num,null,154,null
TriggerRate,1720860148000000000,num,null,154,null
TriggerRate,1720860208000000000,num,null,154,null
TriggerRate,1720860268000000000,num,null,154,null
TriggerRate,1720860328000000000,num,null,166,null
TriggerRate,1720860388000000000,num,null,166,null
TriggerRate,1720860448000000000,num,null,171,null
TriggerRate,1720860508000000000,num,null,171,null
TriggerRate,1720860568000000000,num,null,159,null
TriggerRate,1720860628000000000,num,null,159,null
TriggerRate,1720860688000000000,num,null,159,null
TriggerRate,1720860748000000000,num,null,159,null
TriggerRate,1720860808000000000,num,null,162,null
TriggerRate,1720860868000000000,num,null,162,null
TriggerRate,1720860928000000000,num,null,171,null
TriggerRate,1720860988000000000,num,null,171,null
TriggerRate,1720861048000000000,num,null,169,null
TriggerRate,1720861138000000000,num,null,182,null
TriggerRate,1720861168000000000,num,null,182,null
TriggerRate,1720861228000000000,num,null,182,null
TriggerRate,1720861288000000000,num,null,161,null
TriggerRate,1720861348000000000,num,null,161,null
TriggerRate,1720861408000000000,num,null,171,null
TriggerRate,1720861498000000000,num,null,171,null
TriggerRate,1720861528000000000,num,null,171,null
TriggerRate,1720861588000000000,num,null,171,null
TriggerRate,1720861648000000000,num,null,174,null
TriggerRate,1720861708000000000,num,null,174,null
TriggerRate,1720861768000000000,num,null,161,null
TriggerRate,1720861828000000000,num,null,161,null
TriggerRate,1720861888000000000,num,null,166,null
TriggerRate,1720861948000000000,num,null,166,null
TriggerRate,1720862008000000000,num,null,155,null
TriggerRate,1720862068000000000,num,null,155,null
TriggerRate,1720862128000000000,num,null,159,null
TriggerRate,1720862188000000000,num,null,159,null
TriggerRate,1720862248000000000,num,null,170,null
TriggerRate,1720862308000000000,num,null,170,null
TriggerRate,1720862368000000000,num,null,162,null
TriggerRate,1720862428000000000,num,null,162,null
TriggerRate,1720862488000000000,num,null,163,null
TriggerRate,1720862578000000000,num,null,162,null
TriggerRate,1720862608000000000,num,null,162,null
TriggerRate,1720862668000000000,num,null,162,null
TriggerRate,1720862728000000000,num,null,163,null
TriggerRate,1720862788000000000,num,null,163,null
TriggerRate,1720862848000000000,num,null,189,null
TriggerRate,1720862908000000000,num,null,189,null
TriggerRate,1720862968000000000,num,null,186,null
TriggerRate,1720863028000000000,num,null,186,null
TriggerRate,1720863088000000000,num,null,181,null
TriggerRate,1720863148000000000,num,null,181,null
TriggerRate,1720863208000000000,num,null,169,null
TriggerRate,1720863298000000000,num,null,171,null
TriggerRate,1720863328000000000,num,null,171,null
TriggerRate,1720863388000000000,num,null,171,null
TriggerRate,1720863448000000000,num,null,181,null
TriggerRate,1720863508000000000,num,null,181,null
TriggerRate,1720863568000000000,num,null,180,null
TriggerRate,1720863628000000000,num,null,180,null
TriggerRate,1720863688000000000,num,null,186,null
TriggerRate,1720863748000000000,num,null,186,null
TriggerRate,1720863808000000000,num,null,179,null
TriggerRate,1720863868000000000,num,null,179,null
TriggerRate,1720863928000000000,num,null,196,null
TriggerRate,1720863988000000000,num,null,196,null
TriggerRate,1720864048000000000,num,null,175,null
TriggerRate,1720864108000000000,num,null,175,null
TriggerRate,1720864168000000000,num,null,175,null
TriggerRate,1720864228000000000,num,null,175,null
TriggerRate,1720864288000000000,num,null,203,null
TriggerRate,1720864348000000000,num,null,203,null
TriggerRate,1720864408000000000,num,null,167,null
TriggerRate,1720864468000000000,num,null,167,null
TriggerRate,1720864528000000000,num,null,191,null
TriggerRate,1720864588000000000,num,null,191,null
TriggerRate,1720864678000000000,num,null,177,null
TriggerRate,1720864708000000000,num,null,177,null
TriggerRate,1720864768000000000,num,null,187,null
TriggerRate,1720864828000000000,num,null,187,null
TriggerRate,1720864888000000000,num,null,187,null
TriggerRate,1720864948000000000,num,null,187,null
TriggerRate,1720865008000000000,num,null,169,null
TriggerRate,1720865068000000000,num,null,169,null
TriggerRate,1720865128000000000,num,null,181,null
TriggerRate,1720865188000000000,num,null,181,null
TriggerRate,1720865248000000000,num,null,165,null
TriggerRate,1720865308000000000,num,null,165,null
TriggerRate,1720865368000000000,num,null,179,null
TriggerRate,1720865428000000000,num,null,179,null
TriggerRate,1720865488000000000,num,null,164,null
TriggerRate,1720865548000000000,num,null,164,null
TriggerRate,1720865608000000000,num,null,177,null
TriggerRate,1720865668000000000,num,null,177,null
TriggerRate,1720865758000000000,num,null,187,null
TriggerRate,1720865788000000000,num,null,187,null
TriggerRate,1720865848000000000,num,null,167,null
TriggerRate,1720865908000000000,num,null,167,null
TriggerRate,1720865968000000000,num,null,168,null
TriggerRate,1720866028000000000,num,null,168,null
TriggerRate,1720866088000000000,num,null,168,null
TriggerRate,1720866148000000000,num,null,168,null
TriggerRate,1720866208000000000,num,null,167,null
TriggerRate,1720866268000000000,num,null,167,null
TriggerRate,1720866328000000000,num,null,162,null
TriggerRate,1720866388000000000,num,null,162,null
TriggerRate,1720866448000000000,num,null,162,null
TriggerRate,1720866508000000000,num,null,162,null
TriggerRate,1720866568000000000,num,null,170,null
TriggerRate,1720866628000000000,num,null,170,null
TriggerRate,1720866688000000000,num,null,176,null
TriggerRate,1720866748000000000,num,null,176,null
TriggerRate,1720866808000000000,num,null,147,null
TriggerRate,1720866868000000000,num,null,147,null
TriggerRate,1720866928000000000,num,null,155,null
TriggerRate,1720866988000000000,num,null,155,null
TriggerRate,1720867048000000000,num,null,163,null
TriggerRate,1720867108000000000,num,null,163,null
TriggerRate,1720867168000000000,num,null,1162,null
TriggerRate,1720867228000000000,num,null,1162,null
TriggerRate,1720867288000000000,num,null,1506,null
TriggerRate,1720867348000000000,num,null,1506,null
TriggerRate,1720867408000000000,num,null,156,null
TriggerRate,1720867498000000000,num,null,682,null
TriggerRate,1720867528000000000,num,null,682,null
TriggerRate,1720867588000000000,num,null,682,null
TriggerRate,1720867648000000000,num,null,1075,null
TriggerRate,1720867708000000000,num,null,1075,null
TriggerRate,1720867768000000000,num,null,158,null
TriggerRate,1720867828000000000,num,null,158,null
TriggerRate,1720937989000000000,num,null,0,null
TriggerRate,1720938049000000000,num,null,0,null
TriggerRate,1720938169000000000,num,null,0,null
TriggerRate,1720938229000000000,num,null,0,null
TriggerRate,1720938289000000000,num,null,0,null
TriggerRate,1720938349000000000,num,null,19,null
TriggerRate,1720938409000000000,num,null,19,null
TriggerRate,1720938469000000000,num,null,102,null
TriggerRate,1720938529000000000,num,null,102,null
TriggerRate,1720938589000000000,num,null,102,null
TriggerRate,1720938649000000000,num,null,102,null
TriggerRate,1720938679000000000,num,null,102,null
TriggerRate,1720938769000000000,num,null,6,null
TriggerRate,1720938829000000000,num,null,6,null
TriggerRate,1720938889000000000,num,null,6,null
TriggerRate,1720938949000000000,num,null,6,null
TriggerRate,1720939009000000000,num,null,6,null
TriggerRate,1720939069000000000,num,null,6,null
TriggerRate,1720939129000000000,num,null,6,null
TriggerRate,1720939189000000000,num,null,6,null
TriggerRate,1720939249000000000,num,null,6,null
TriggerRate,1720939309000000000,num,null,6,null
TriggerRate,1720939369000000000,num,null,6,null
TriggerRate,1720939429000000000,num,null,6,null
TriggerRate,1720939489000000000,num,null,6,null
TriggerRate,1720939549000000000,num,null,6,null
TriggerRate,1720939609000000000,num,null,6,null
TriggerRate,1720939669000000000,num,null,6,null
TriggerRate,1720939729000000000,num,null,6,null
TriggerRate,1720939789000000000,num,null,6,null
TriggerRate,1720939849000000000,num,null,6,null
TriggerRate,1720939909000000000,num,null,6,null
TriggerRate,1720941099000000000,num,null,0,null
TriggerRate,1720941159000000000,num,null,0,null
TriggerRate,1720941399000000000,num,null,0,null
TriggerRate,1720941459000000000,num,null,0,null
TriggerRate,1720941519000000000,num,null,0,null
TriggerRate,1720941549000000000,num,null,0,null
TriggerRate,1720941639000000000,num,null,0,null
TriggerRate,1720941699000000000,num,null,0,null
TriggerRate,1720942179000000000,num,null,0,null
TriggerRate,1720942239000000000,num,null,0,null
TriggerRate,1720942299000000000,num,null,3797,null
TriggerRate,1720942359000000000,num,null,3797,null
TriggerRate,1720942419000000000,num,null,3999,null
TriggerRate,1720942479000000000,num,null,3999,null
TriggerRate,1720942539000000000,num,null,3999,null
TriggerRate,1720942599000000000,num,null,3999,null
TriggerRate,1720942659000000000,num,null,3999,null
TriggerRate,1720942719000000000,num,null,3999,null
TriggerRate,1720942779000000000,num,null,3999,null
TriggerRate,1720942839000000000,num,null,3999,null
TriggerRate,1720942899000000000,num,null,3999,null
TriggerRate,1720942959000000000,num,null,3999,null
TriggerRate,1720943019000000000,num,null,3999,null
TriggerRate,1720943079000000000,num,null,3999,null
TriggerRate,1720943139000000000,num,null,3999,null
TriggerRate,1720943199000000000,num,null,3999,null
TriggerRate,1720943259000000000,num,null,3999,null
TriggerRate,1720943319000000000,num,null,3999,null
TriggerRate,1720943379000000000,num,null,3999,null
TriggerRate,1720943439000000000,num,null,3999,null
TriggerRate,1720943499000000000,num,null,3999,null
TriggerRate,1720943559000000000,num,null,3999,null
TriggerRate,1720943619000000000,num,null,3999,null
TriggerRate,1720943679000000000,num,null,3999,null
TriggerRate,1720943739000000000,num,null,3999,null
TriggerRate,1720943799000000000,num,null,3999,null
TriggerRate,1720943859000000000,num,null,3999,null
TriggerRate,1720943919000000000,num,null,3999,null
TriggerRate,1720943979000000000,num,null,3999,null
TriggerRate,1720944039000000000,num,null,3999,null
TriggerRate,1720944099000000000,num,null,3999,null
TriggerRate,1720944159000000000,num,null,3999,null
TriggerRate,1720944219000000000,num,null,3999,null
TriggerRate,1720944279000000000,num,null,3999,null
TriggerRate,1720944309000000000,num,null,3999,null
TriggerRate,1721040744000000000,num,null,106,null
TriggerRate,1721105504000000000,num,null,0,null
TriggerRate,1721105534000000000,num,null,0,null
TriggerRate,1721105624000000000,num,null,0,null
TriggerRate,1721105684000000000,num,null,0,null
TriggerRate,1721105744000000000,num,null,0,null
TriggerRate,1721105804000000000,num,null,0,null
TriggerRate,1721105864000000000,num,null,41,null
TriggerRate,1721105924000000000,num,null,41,null
TriggerRate,1721105984000000000,num,null,102,null
TriggerRate,1721106044000000000,num,null,102,null
TriggerRate,1721106104000000000,num,null,102,null
TriggerRate,1721106164000000000,num,null,102,null
TriggerRate,1721106224000000000,num,null,102,null
TriggerRate,1721106284000000000,num,null,102,null
TriggerRate,1721106344000000000,num,null,102,null
TriggerRate,1721106404000000000,num,null,102,null
TriggerRate,1721106464000000000,num,null,102,null
TriggerRate,1721106524000000000,num,null,102,null
TriggerRate,1721106584000000000,num,null,102,null
TriggerRate,1721106644000000000,num,null,102,null
TriggerRate,1721106704000000000,num,null,102,null
TriggerRate,1721106764000000000,num,null,102,null
TriggerRate,1721106824000000000,num,null,102,null
TriggerRate,1721106884000000000,num,null,102,null
TriggerRate,1721106944000000000,num,null,102,null
TriggerRate,1721107004000000000,num,null,102,null
TriggerRate,1721107064000000000,num,null,23,null
TriggerRate,1721107124000000000,num,null,23,null
TriggerRate,1721107184000000000,num,null,23,null
TriggerRate,1721107244000000000,num,null,23,null
TriggerRate,1721107304000000000,num,null,23,null
TriggerRate,1721107364000000000,num,null,23,null
TriggerRate,1721107424000000000,num,null,23,null
TriggerRate,1721107484000000000,num,null,23,null
TriggerRate,1721107544000000000,num,null,23,null
TriggerRate,1721107604000000000,num,null,23,null
TriggerRate,1721107664000000000,num,null,23,null
TriggerRate,1721107724000000000,num,null,23,null
TriggerRate,1721107784000000000,num,null,23,null
TriggerRate,1721107844000000000,num,null,23,null
TriggerRate,1721107904000000000,num,null,23,null
TriggerRate,1721107964000000000,num,null,23,null
TriggerRate,1721108024000000000,num,null,23,null
TriggerRate,1721108084000000000,num,null,23,null
TriggerRate,1721108144000000000,num,null,23,null
TriggerRate,1721108204000000000,num,null,23,null
TriggerRate,1721108264000000000,num,null,23,null
TriggerRate,1721108324000000000,num,null,23,null
TriggerRate,1721108384000000000,num,null,23,null
TriggerRate,1721108444000000000,num,null,23,null
TriggerRate,1721108504000000000,num,null,23,null
TriggerRate,1721108564000000000,num,null,23,null
TriggerRate,1721108624000000000,num,null,23,null
TriggerRate,1721108684000000000,num,null,23,null
TriggerRate,1721108744000000000,num,null,23,null
TriggerRate,1721108804000000000,num,null,23,null
TriggerRate,1721108864000000000,num,null,23,null
TriggerRate,1721108924000000000,num,null,23,null
TriggerRate,1721108984000000000,num,null,23,null
TriggerRate,1721109044000000000,num,null,23,null
TriggerRate,1721109104000000000,num,null,23,null
TriggerRate,1721109164000000000,num,null,23,null
TriggerRate,1721109224000000000,num,null,23,null
TriggerRate,1721109284000000000,num,null,23,null
TriggerRate,1721109344000000000,num,null,23,null
TriggerRate,1721109404000000000,num,null,23,null
TriggerRate,1721109464000000000,num,null,23,null
TriggerRate,1721109524000000000,num,null,23,null
TriggerRate,1721109584000000000,num,null,23,null
TriggerRate,1721109644000000000,num,null,23,null
TriggerRate,1721109704000000000,num,null,23,null
TriggerRate,1721109764000000000,num,null,23,null
TriggerRate,1721109824000000000,num,null,23,null
TriggerRate,1721109884000000000,num,null,23,null
TriggerRate,1721109944000000000,num,null,23,null
TriggerRate,1721110004000000000,num,null,23,null
TriggerRate,1721110064000000000,num,null,23,null
TriggerRate,1721110124000000000,num,null,23,null
TriggerRate,1721110184000000000,num,null,23,null
TriggerRate,1721110244000000000,num,null,23,null
TriggerRate,1721110304000000000,num,null,23,null
TriggerRate,1721110364000000000,num,null,23,null
TriggerRate,1721110424000000000,num,null,23,null
TriggerRate,1721110484000000000,num,null,23,null
TriggerRate,1721110544000000000,num,null,23,null
TriggerRate,1721110604000000000,num,null,23,null
TriggerRate,1721110664000000000,num,null,23,null
TriggerRate,1721110724000000000,num,null,23,null
TriggerRate,1721110784000000000,num,null,23,null
TriggerRate,1721110844000000000,num,null,23,null
TriggerRate,1721110904000000000,num,null,23,null
TriggerRate,1721110964000000000,num,null,23,null
TriggerRate,1721111024000000000,num,null,23,null
TriggerRate,1721111084000000000,num,null,23,null
TriggerRate,1721111144000000000,num,null,23,null
TriggerRate,1721111204000000000,num,null,23,null
TriggerRate,1721111264000000000,num,null,23,null
TriggerRate,1721111324000000000,num,null,23,null
TriggerRate,1721111384000000000,num,null,23,null
TriggerRate,1721111444000000000,num,null,23,null
TriggerRate,1721111504000000000,num,null,23,null
TriggerRate,1721111564000000000,num,null,23,null
TriggerRate,1721111624000000000,num,null,23,null
TriggerRate,1721111684000000000,num,null,23,null
TriggerRate,1721111744000000000,num,null,23,null
TriggerRate,1721111804000000000,num,null,23,null
TriggerRate,1721111864000000000,num,null,23,null
TriggerRate,1721111924000000000,num,null,23,null
TriggerRate,1721111984000000000,num,null,23,null
TriggerRate,1721112044000000000,num,null,23,null
TriggerRate,1721112104000000000,num,null,23,null
TriggerRate,1721112164000000000,num,null,23,null
TriggerRate,1721112224000000000,num,null,23,null
TriggerRate,1721112284000000000,num,null,23,null
TriggerRate,1721112344000000000,num,null,23,null
TriggerRate,1721112404000000000,num,null,23,null
TriggerRate,1721112464000000000,num,null,23,null
TriggerRate,1721112524000000000,num,null,23,null
TriggerRate,1721112584000000000,num,null,23,null
TriggerRate,1721112644000000000,num,null,23,null
TriggerRate,1721112704000000000,num,null,23,null
TriggerRate,1721112764000000000,num,null,23,null
TriggerRate,1721112824000000000,num,null,23,null
TriggerRate,1721112884000000000,num,null,23,null
TriggerRate,1721112944000000000,num,null,23,null
TriggerRate,1721113004000000000,num,null,23,null
TriggerRate,1721113064000000000,num,null,23,null
TriggerRate,1721113124000000000,num,null,23,null
TriggerRate,1721113184000000000,num,null,23,null
TriggerRate,1721113244000000000,num,null,23,null
TriggerRate,1721113304000000000,num,null,23,null
TriggerRate,1721113364000000000,num,null,23,null
TriggerRate,1721113424000000000,num,null,23,null
TriggerRate,1721113484000000000,num,null,23,null
TriggerRate,1721113544000000000,num,null,23,null
TriggerRate,1721113604000000000,num,null,23,null
TriggerRate,1721113664000000000,num,null,23,null
TriggerRate,1721113724000000000,num,null,23,null
TriggerRate,1721113784000000000,num,null,23,null
TriggerRate,1721113844000000000,num,null,23,null
TriggerRate,1721113904000000000,num,null,23,null
TriggerRate,1721113964000000000,num,null,23,null
TriggerRate,1721114024000000000,num,null,23,null
TriggerRate,1721114084000000000,num,null,23,null
TriggerRate,1721114144000000000,num,null,23,null
TriggerRate,1721114204000000000,num,null,23,null
TriggerRate,1721114264000000000,num,null,23,null
TriggerRate,1721114324000000000,num,null,23,null
TriggerRate,1721114384000000000,num,null,23,null
TriggerRate,1721114444000000000,num,null,23,null
TriggerRate,1721114504000000000,num,null,23,null
TriggerRate,1721114564000000000,num,null,23,null
TriggerRate,1721114624000000000,num,null,23,null
TriggerRate,1721114684000000000,num,null,23,null
TriggerRate,1721114744000000000,num,null,23,null
TriggerRate,1721114804000000000,num,null,23,null
TriggerRate,1721114864000000000,num,null,23,null
TriggerRate,1721114924000000000,num,null,23,null
TriggerRate,1721114984000000000,num,null,23,null
TriggerRate,1721115044000000000,num,null,23,null
TriggerRate,1721115104000000000,num,null,23,null
TriggerRate,1721115164000000000,num,null,23,null
TriggerRate,1721115224000000000,num,null,23,null
TriggerRate,1721115284000000000,num,null,23,null
TriggerRate,1721115344000000000,num,null,23,null
TriggerRate,1721115404000000000,num,null,23,null
TriggerRate,1721115464000000000,num,null,23,null
TriggerRate,1721115524000000000,num,null,23,null
TriggerRate,1721115584000000000,num,null,23,null
TriggerRate,1721115644000000000,num,null,23,null
TriggerRate,1721115704000000000,num,null,23,null
TriggerRate,1721115764000000000,num,null,23,null
TriggerRate,1721115824000000000,num,null,23,null
TriggerRate,1721115884000000000,num,null,23,null
TriggerRate,1721115944000000000,num,null,23,null
TriggerRate,1721116004000000000,num,null,23,null
TriggerRate,1721116064000000000,num,null,23,null
TriggerRate,1721116124000000000,num,null,23,null
TriggerRate,1721116184000000000,num,null,23,null
TriggerRate,1721116244000000000,num,null,23,null
TriggerRate,1721116304000000000,num,null,23,null
TriggerRate,1721116364000000000,num,null,23,null
TriggerRate,1721116424000000000,num,null,23,null
TriggerRate,1721116484000000000,num,null,23,null
TriggerRate,1721116544000000000,num,null,23,null
TriggerRate,1721116604000000000,num,null,23,null
TriggerRate,1721116664000000000,num,null,23,null
TriggerRate,1721116724000000000,num,null,23,null
TriggerRate,1721116784000000000,num,null,23,null
TriggerRate,1721116844000000000,num,null,23,null
TriggerRate,1721116904000000000,num,null,23,null
TriggerRate,1721116964000000000,num,null,23,null
TriggerRate,1721117024000000000,num,null,23,null
TriggerRate,1721117084000000000,num,null,23,null
TriggerRate,1721117144000000000,num,null,23,null
TriggerRate,1721117204000000000,num,null,23,null
TriggerRate,1721117264000000000,num,null,23,null
TriggerRate,1721117324000000000,num,null,23,null
TriggerRate,1721117384000000000,num,null,23,null
TriggerRate,1721117444000000000,num,null,23,null
TriggerRate,1721117504000000000,num,null,23,null
TriggerRate,1721117564000000000,num,null,23,null
TriggerRate,1721117624000000000,num,null,23,null
TriggerRate,1721117684000000000,num,null,23,null
TriggerRate,1721117744000000000,num,null,23,null
TriggerRate,1721117804000000000,num,null,23,null
TriggerRate,1721117864000000000,num,null,23,null
TriggerRate,1721117924000000000,num,null,23,null
TriggerRate,1721117984000000000,num,null,23,null
TriggerRate,1721118044000000000,num,null,23,null
TriggerRate,1721118104000000000,num,null,23,null
TriggerRate,1721118164000000000,num,null,23,null
TriggerRate,1721118224000000000,num,null,23,null
TriggerRate,1721118284000000000,num,null,23,null
TriggerRate,1721118344000000000,num,null,23,null
TriggerRate,1721118404000000000,num,null,23,null
TriggerRate,1721118464000000000,num,null,23,null
TriggerRate,1721118524000000000,num,null,23,null
TriggerRate,1721118584000000000,num,null,23,null
TriggerRate,1721118644000000000,num,null,23,null
TriggerRate,1721118704000000000,num,null,23,null
TriggerRate,1721118764000000000,num,null,23,null
TriggerRate,1721118824000000000,num,null,23,null
TriggerRate,1721118884000000000,num,null,23,null
TriggerRate,1721118944000000000,num,null,23,null
TriggerRate,1721119004000000000,num,null,23,null
TriggerRate,1721119064000000000,num,null,23,null
TriggerRate,1721119124000000000,num,null,23,null
TriggerRate,1721119184000000000,num,null,23,null
TriggerRate,1721119244000000000,num,null,23,null
TriggerRate,1721119304000000000,num,null,23,null
TriggerRate,1721119364000000000,num,null,23,null
TriggerRate,1721119424000000000,num,null,23,null
TriggerRate,1721119484000000000,num,null,23,null
TriggerRate,1721119544000000000,num,null,23,null
TriggerRate,1721119604000000000,num,null,23,null
TriggerRate,1721119664000000000,num,null,23,null
TriggerRate,1721119724000000000,num,null,23,null
TriggerRate,1721119784000000000,num,null,23,null
TriggerRate,1721119844000000000,num,null,23,null
TriggerRate,1721119904000000000,num,null,23,null
TriggerRate,1721119964000000000,num,null,23,null
TriggerRate,1721120024000000000,num,null,23,null
TriggerRate,1721120084000000000,num,null,23,null
TriggerRate,1721120264000000000,num,null,23,null
TriggerRate,1721120324000000000,num,null,23,null
TriggerRate,1721120384000000000,num,null,23,null
TriggerRate,1721120444000000000,num,null,23,null
TriggerRate,1721120504000000000,num,null,23,null
TriggerRate,1721120564000000000,num,null,23,null
TriggerRate,1721121044000000000,num,null,23,null
TriggerRate,1721121104000000000,num,null,23,null
TriggerRate,1721121164000000000,num,null,23,null
TriggerRate,1721121224000000000,num,null,65535,null
TriggerRate,1721121284000000000,num,null,65535,null
TriggerRate,1721121344000000000,num,null,3999,null
TriggerRate,1721121404000000000,num,null,3999,null
TriggerRate,1721190411000000000,num,null,0,null
TriggerRate,1721190471000000000,num,null,0,null
TriggerRate,1721190764000000000,num,null,0,null
TriggerRate,1721190824000000000,num,null,0,null
TriggerRate,1721190944000000000,num,null,0,null
TriggerRate,1721191004000000000,num,null,0,null
TriggerRate,1721191064000000000,num,null,0,null
TriggerRate,1721191124000000000,num,null,19,null
TriggerRate,1721191184000000000,num,null,19,null
TriggerRate,1721191244000000000,num,null,102,null
TriggerRate,1721191304000000000,num,null,102,null
TriggerRate,1721191364000000000,num,null,102,null
TriggerRate,1721191424000000000,num,null,102,null
TriggerRate,1721191484000000000,num,null,102,null
TriggerRate,1721191544000000000,num,null,102,null
TriggerRate,1721191604000000000,num,null,102,null
TriggerRate,1721191664000000000,num,null,102,null
TriggerRate,1721191724000000000,num,null,102,null
TriggerRate,1721191784000000000,num,null,102,null
TriggerRate,1721191844000000000,num,null,102,null
TriggerRate,1721191904000000000,num,null,102,null
TriggerRate,1721191964000000000,num,null,102,null
TriggerRate,1721192024000000000,num,null,102,null
TriggerRate,1721192084000000000,num,null,102,null
TriggerRate,1721192144000000000,num,null,102,null
TriggerRate,1721192204000000000,num,null,102,null
TriggerRate,1721192264000000000,num,null,102,null
TriggerRate,1721192324000000000,num,null,102,null
TriggerRate,1721192354000000000,num,null,19,null
TriggerRate,1721192504000000000,num,null,19,null
TriggerRate,1721192534000000000,num,null,19,null
TriggerRate,1721197244000000000,num,null,19,null
TriggerRate,1721197304000000000,num,null,19,null
TriggerRate,1721199894000000000,num,null,0,null
TriggerRate,1721199924000000000,num,null,0,null
TriggerRate,1721200614000000000,num,null,0,null
TriggerRate,1721200674000000000,num,null,57,null
TriggerRate,1721202944000000000,num,null,0,null
TriggerRate,1721203004000000000,num,null,118,null
TriggerRate,1721269529000000000,num,null,0,null
TriggerRate,1721269589000000000,num,null,0,null
TriggerRate,1721269709000000000,num,null,0,null
TriggerRate,1721269769000000000,num,null,0,null
TriggerRate,1721269829000000000,num,null,0,null
TriggerRate,1721269889000000000,num,null,0,null
TriggerRate,1721269949000000000,num,null,0,null
TriggerRate,1721270009000000000,num,null,79,null
TriggerRate,1721270069000000000,num,null,79,null
TriggerRate,1721270129000000000,num,null,102,null
TriggerRate,1721270189000000000,num,null,102,null
TriggerRate,1721270249000000000,num,null,102,null
TriggerRate,1721270309000000000,num,null,102,null
TriggerRate,1721270369000000000,num,null,102,null
TriggerRate,1721270429000000000,num,null,102,null
TriggerRate,1721270489000000000,num,null,102,null
TriggerRate,1721270549000000000,num,null,102,null
TriggerRate,1721270609000000000,num,null,102,null
TriggerRate,1721270669000000000,num,null,102,null
TriggerRate,1721270729000000000,num,null,102,null
TriggerRate,1721270789000000000,num,null,102,null
TriggerRate,1721270849000000000,num,null,102,null
TriggerRate,1721270909000000000,num,null,102,null
TriggerRate,1721270969000000000,num,null,102,null
TriggerRate,1721271029000000000,num,null,102,null
TriggerRate,1721271089000000000,num,null,102,null
TriggerRate,1721271149000000000,num,null,102,null
TriggerRate,1721271209000000000,num,null,12,null
TriggerRate,1721271269000000000,num,null,12,null
TriggerRate,1721271329000000000,num,null,12,null
TriggerRate,1721271389000000000,num,null,12,null
TriggerRate,1721271449000000000,num,null,12,null
TriggerRate,1721271509000000000,num,null,12,null
TriggerRate,1721271569000000000,num,null,12,null
TriggerRate,1721271629000000000,num,null,12,null
TriggerRate,1721271689000000000,num,null,12,null
TriggerRate,1721271749000000000,num,null,12,null
TriggerRate,1721271809000000000,num,null,12,null
TriggerRate,1721271869000000000,num,null,12,null
TriggerRate,1721271929000000000,num,null,12,null
TriggerRate,1721271989000000000,num,null,12,null
TriggerRate,1721272049000000000,num,null,12,null
TriggerRate,1721272109000000000,num,null,12,null
TriggerRate,1721272199000000000,num,null,12,null
TriggerRate,1721272229000000000,num,null,12,null
TriggerRate,1721272289000000000,num,null,12,null
TriggerRate,1721272349000000000,num,null,12,null
TriggerRate,1721272409000000000,num,null,12,null
TriggerRate,1721272469000000000,num,null,12,null
TriggerRate,1721272529000000000,num,null,12,null
TriggerRate,1721272589000000000,num,null,12,null
TriggerRate,1721272649000000000,num,null,12,null
TriggerRate,1721272709000000000,num,null,12,null
TriggerRate,1721272769000000000,num,null,12,null
TriggerRate,1721272829000000000,num,null,12,null
TriggerRate,1721272889000000000,num,null,12,null
TriggerRate,1721272949000000000,num,null,12,null
TriggerRate,1721273009000000000,num,null,12,null
TriggerRate,1721273069000000000,num,null,12,null
TriggerRate,1721273129000000000,num,null,12,null
TriggerRate,1721273189000000000,num,null,12,null
TriggerRate,1721273249000000000,num,null,12,null
TriggerRate,1721273309000000000,num,null,12,null
TriggerRate,1721273369000000000,num,null,12,null
TriggerRate,1721273429000000000,num,null,12,null
TriggerRate,1721273489000000000,num,null,12,null
TriggerRate,1721273549000000000,num,null,12,null
TriggerRate,1721273609000000000,num,null,12,null
TriggerRate,1721273669000000000,num,null,12,null
TriggerRate,1721273729000000000,num,null,12,null
TriggerRate,1721273789000000000,num,null,12,null
TriggerRate,1721273849000000000,num,null,12,null
TriggerRate,1721273909000000000,num,null,12,null
TriggerRate,1721273969000000000,num,null,12,null
TriggerRate,1721274029000000000,num,null,12,null
TriggerRate,1721274089000000000,num,null,12,null
TriggerRate,1721274149000000000,num,null,12,null
TriggerRate,1721274209000000000,num,null,12,null
TriggerRate,1721274269000000000,num,null,12,null
TriggerRate,1721274329000000000,num,null,12,null
TriggerRate,1721274389000000000,num,null,12,null
TriggerRate,1721274449000000000,num,null,12,null
TriggerRate,1721274509000000000,num,null,12,null
TriggerRate,1721274569000000000,num,null,12,null
TriggerRate,1721274629000000000,num,null,12,null
TriggerRate,1721274689000000000,num,null,12,null
TriggerRate,1721274749000000000,num,null,12,null
TriggerRate,1721274809000000000,num,null,12,null
TriggerRate,1721274869000000000,num,null,12,null
TriggerRate,1721274929000000000,num,null,12,null
TriggerRate,1721274989000000000,num,null,12,null
TriggerRate,1721275049000000000,num,null,12,null
TriggerRate,1721275109000000000,num,null,12,null
TriggerRate,1721275169000000000,num,null,12,null
TriggerRate,1721275229000000000,num,null,12,null
TriggerRate,1721275289000000000,num,null,12,null
TriggerRate,1721275349000000000,num,null,12,null
TriggerRate,1721275409000000000,num,null,12,null
TriggerRate,1721275469000000000,num,null,12,null
TriggerRate,1721275529000000000,num,null,12,null
TriggerRate,1721275589000000000,num,null,12,null
TriggerRate,1721275619000000000,num,null,12,null
TriggerRate,1721276791000000000,num,null,0,null
TriggerRate,1721276851000000000,num,null,0,null
TriggerRate,1721277991000000000,num,null,0,null
TriggerRate,1721278051000000000,num,null,0,null
TriggerRate,1721278111000000000,num,null,0,null
TriggerRate,1721278171000000000,num,null,0,null
TriggerRate,1721278231000000000,num,null,0,null
TriggerRate,1721279027000000000,num,null,0,null
TriggerRate,1721279057000000000,num,null,0,null
TriggerRate,1721281186000000000,num,null,0,null
TriggerRate,1721281216000000000,num,null,0,null
TriggerRate,1721281726000000000,num,null,3997,null
TriggerRate,1721281786000000000,num,null,3997,null
TriggerRate,1721281846000000000,num,null,3999,null
TriggerRate,1721282026000000000,num,null,3999,null
TriggerRate,1721282086000000000,num,null,65535,null
TriggerRate,1721282146000000000,num,null,65535,null
TriggerRate,1721282206000000000,num,null,3999,null
TriggerRate,1721282446000000000,num,null,122,null
TriggerRate,1721282506000000000,num,null,122,null
TriggerRate,1721282566000000000,num,null,188,null
TriggerRate,1721282626000000000,num,null,188,null
TriggerRate,1721282686000000000,num,null,206,null
TriggerRate,1721282746000000000,num,null,206,null
TriggerRate,1721282776000000000,num,null,206,null
TriggerRate,1721294026000000000,num,null,0,null
TriggerRate,1721294086000000000,num,null,0,null
TriggerRate,1721294146000000000,num,null,0,null
TriggerRate,1721294176000000000,num,null,0,null
TriggerRate,1721295406000000000,num,null,0,null
TriggerRate,1721295466000000000,num,null,0,null
TriggerRate,1721295526000000000,num,null,108,null
TriggerRate,1721295586000000000,num,null,108,null
TriggerRate,1721295646000000000,num,null,185,null
TriggerRate,1721295706000000000,num,null,185,null
TriggerRate,1721295766000000000,num,null,164,null
TriggerRate,1721295826000000000,num,null,164,null
TriggerRate,1721295886000000000,num,null,176,null
TriggerRate,1721295946000000000,num,null,176,null
TriggerRate,1721296006000000000,num,null,171,null
TriggerRate,1721296066000000000,num,null,171,null
TriggerRate,1721296126000000000,num,null,172,null
TriggerRate,1721296186000000000,num,null,172,null
TriggerRate,1721296246000000000,num,null,160,null
TriggerRate,1721296306000000000,num,null,160,null
TriggerRate,1721296366000000000,num,null,167,null
TriggerRate,1721296426000000000,num,null,167,null
TriggerRate,1721296486000000000,num,null,154,null
TriggerRate,1721296546000000000,num,null,154,null
TriggerRate,1721296606000000000,num,null,172,null
TriggerRate,1721296666000000000,num,null,172,null
TriggerRate,1721296726000000000,num,null,176,null
TriggerRate,1721296786000000000,num,null,176,null
TriggerRate,1721296846000000000,num,null,169,null
TriggerRate,1721296906000000000,num,null,169,null
TriggerRate,1721296966000000000,num,null,170,null
TriggerRate,1721297026000000000,num,null,170,null
TriggerRate,1721297086000000000,num,null,163,null
TriggerRate,1721297146000000000,num,null,163,null
TriggerRate,1721297206000000000,num,null,175,null
TriggerRate,1721297266000000000,num,null,175,null
TriggerRate,1721297326000000000,num,null,171,null
TriggerRate,1721297386000000000,num,null,171,null
TriggerRate,1721297446000000000,num,null,169,null
TriggerRate,1721297506000000000,num,null,169,null
TriggerRate,1721297566000000000,num,null,178,null
TriggerRate,1721297626000000000,num,null,178,null
TriggerRate,1721297686000000000,num,null,171,null
TriggerRate,1721297746000000000,num,null,171,null
TriggerRate,1721297806000000000,num,null,160,null
TriggerRate,1721297866000000000,num,null,160,null
TriggerRate,1721297926000000000,num,null,166,null
TriggerRate,1721297986000000000,num,null,166,null
TriggerRate,1721298046000000000,num,null,183,null
TriggerRate,1721298106000000000,num,null,183,null
TriggerRate,1721298166000000000,num,null,165,null
TriggerRate,1721298226000000000,num,null,165,null
TriggerRate,1721298286000000000,num,null,161,null
TriggerRate,1721298346000000000,num,null,161,null
TriggerRate,1721298406000000000,num,null,181,null
TriggerRate,1721298466000000000,num,null,181,null
TriggerRate,1721298526000000000,num,null,185,null
TriggerRate,1721298586000000000,num,null,185,null
TriggerRate,1721298646000000000,num,null,163,null
TriggerRate,1721298706000000000,num,null,163,null
TriggerRate,1721298766000000000,num,null,178,null
TriggerRate,1721298826000000000,num,null,178,null
TriggerRate,1721298886000000000,num,null,159,null
TriggerRate,1721298946000000000,num,null,159,null
TriggerRate,1721299006000000000,num,null,189,null
TriggerRate,1721299066000000000,num,null,189,null
TriggerRate,1721299126000000000,num,null,182,null
TriggerRate,1721299186000000000,num,null,182,null
TriggerRate,1721299246000000000,num,null,169,null
TriggerRate,1721299306000000000,num,null,169,null
TriggerRate,1721299366000000000,num,null,177,null
TriggerRate,1721299426000000000,num,null,177,null
TriggerRate,1721299486000000000,num,null,186,null
TriggerRate,1721299546000000000,num,null,186,null
TriggerRate,1721299606000000000,num,null,178,null
TriggerRate,1721299666000000000,num,null,178,null
TriggerRate,1721299726000000000,num,null,181,null
TriggerRate,1721299786000000000,num,null,181,null
TriggerRate,1721299846000000000,num,null,191,null
TriggerRate,1721299906000000000,num,null,191,null
TriggerRate,1721299966000000000,num,null,186,null
TriggerRate,1721300026000000000,num,null,186,null
TriggerRate,1721300086000000000,num,null,175,null
TriggerRate,1721300146000000000,num,null,175,null
TriggerRate,1721300206000000000,num,null,17,null
TriggerRate,1722223830000000000,num,null,0,null
TriggerRate,1722223890000000000,num,null,0,null
TriggerRate,1722224010000000000,num,null,0,null
TriggerRate,1722224070000000000,num,null,0,null
TriggerRate,1722224130000000000,num,null,0,null
TriggerRate,1722224190000000000,num,null,0,null
TriggerRate,1722224250000000000,num,null,0,null
TriggerRate,1722224280000000000,num,null,0,null
TriggerRate,1722224370000000000,num,null,7,null
TriggerRate,1722224430000000000,num,null,7,null
TriggerRate,1722224490000000000,num,null,7,null
TriggerRate,1722224550000000000,num,null,7,null
TriggerRate,1722224610000000000,num,null,7,null
TriggerRate,1722224670000000000,num,null,115,null
TriggerRate,1722224730000000000,num,null,115,null
TriggerRate,1722224790000000000,num,null,102,null
TriggerRate,1722224850000000000,num,null,102,null
TriggerRate,1722224910000000000,num,null,102,null
TriggerRate,1722224970000000000,num,null,102,null
TriggerRate,1722225030000000000,num,null,102,null
TriggerRate,1722225090000000000,num,null,102,null
TriggerRate,1722225150000000000,num,null,102,null
TriggerRate,1722225210000000000,num,null,102,null
TriggerRate,1722225270000000000,num,null,102,null
TriggerRate,1722225330000000000,num,null,102,null
TriggerRate,1722225390000000000,num,null,102,null
TriggerRate,1722225450000000000,num,null,102,null
TriggerRate,1722225510000000000,num,null,102,null
TriggerRate,1722225570000000000,num,null,102,null
TriggerRate,1722225600000000000,num,null,102,null
TriggerRate,1722225690000000000,num,null,7,null
TriggerRate,1722225750000000000,num,null,7,null
TriggerRate,1722225810000000000,num,null,7,null
TriggerRate,1722225870000000000,num,null,7,null
TriggerRate,1722225930000000000,num,null,7,null
TriggerRate,1722225990000000000,num,null,7,null
TriggerRate,1722226050000000000,num,null,7,null
TriggerRate,1722226110000000000,num,null,7,null
TriggerRate,1722226170000000000,num,null,7,null
TriggerRate,1722226230000000000,num,null,7,null
TriggerRate,1722226290000000000,num,null,7,null
TriggerRate,1722226350000000000,num,null,7,null
TriggerRate,1722226410000000000,num,null,7,null
TriggerRate,1722226440000000000,num,null,7,null
TriggerRate,1722226650000000000,num,null,7,null
TriggerRate,1722226710000000000,num,null,7,null
TriggerRate,1722226770000000000,num,null,7,null
TriggerRate,1722226800000000000,num,null,7,null
TriggerRate,1722226890000000000,num,null,7,null
TriggerRate,1722226950000000000,num,null,7,null
TriggerRate,1722226980000000000,num,null,7,null
TriggerRate,1722227430000000000,num,null,7,null
TriggerRate,1722227490000000000,num,null,7,null
TriggerRate,1722227550000000000,num,null,65535,null
TriggerRate,1722227610000000000,num,null,65535,null
TriggerRate,1722227670000000000,num,null,3999,null
TriggerRate,1722227730000000000,num,null,3999,null
TriggerRate,1722227760000000000,num,null,3999,null
TriggerRate,1722227820000000000,num,null,16,null
TriggerRate,1722227910000000000,num,null,16,null
TriggerRate,1722227970000000000,num,null,3,null
TriggerRate,1722228030000000000,num,null,65535,null
TriggerRate,1722228090000000000,num,null,65535,null
TriggerRate,1722228150000000000,num,null,1,null
TriggerRate,1722228330000000000,num,null,1,null
TriggerRate,1722228390000000000,num,null,65535,null
TriggerRate,1722228450000000000,num,null,65535,null
TriggerRate,1722228510000000000,num,null,2257,null
TriggerRate,1722228570000000000,num,null,2257,null
TriggerRate,1722228630000000000,num,null,46,null
TriggerRate,1722228690000000000,num,null,46,null
TriggerRate,1722228750000000000,num,null,50,null
TriggerRate,1722228870000000000,num,null,65535,null
TriggerRate,1722228930000000000,num,null,65535,null
TriggerRate,1722228990000000000,num,null,65,null
TriggerRate,1722229050000000000,num,null,65,null
TriggerRate,1722229110000000000,num,null,60,null
TriggerRate,1722229170000000000,num,null,60,null
TriggerRate,1722229230000000000,num,null,49,null
TriggerRate,1722229290000000000,num,null,49,null
TriggerRate,1722229350000000000,num,null,3999,null
TriggerRate,1722229410000000000,num,null,3999,null
TriggerRate,1722229470000000000,num,null,56,null
TriggerRate,1722229530000000000,num,null,56,null
TriggerRate,1722229590000000000,num,null,1322,null
TriggerRate,1722229650000000000,num,null,1322,null
TriggerRate,1722229710000000000,num,null,55,null
TriggerRate,1722229770000000000,num,null,55,null
TriggerRate,1722229830000000000,num,null,50,null
TriggerRate,1722229890000000000,num,null,50,null
TriggerRate,1722229950000000000,num,null,62,null
TriggerRate,1722230010000000000,num,null,62,null
TriggerRate,1722230070000000000,num,null,59,null
TriggerRate,1722230130000000000,num,null,59,null
TriggerRate,1722230190000000000,num,null,65,null
TriggerRate,1722230250000000000,num,null,65,null
TriggerRate,1722230310000000000,num,null,61,null
TriggerRate,1722230370000000000,num,null,61,null
TriggerRate,1722230430000000000,num,null,68,null
TriggerRate,1722230490000000000,num,null,68,null
TriggerRate,1722230550000000000,num,null,50,null
TriggerRate,1722230610000000000,num,null,50,null
TriggerRate,1722230670000000000,num,null,1967,null
TriggerRate,1722230730000000000,num,null,1967,null
TriggerRate,1722230790000000000,num,null,57,null
TriggerRate,1722230850000000000,num,null,57,null
TriggerRate,1722230910000000000,num,null,36,null
TriggerRate,1722230970000000000,num,null,36,null
TriggerRate,1722231030000000000,num,null,56,null
TriggerRate,1722231090000000000,num,null,56,null
TriggerRate,1722231150000000000,num,null,39,null
TriggerRate,1722231210000000000,num,null,39,null
TriggerRate,1722231270000000000,num,null,49,null
TriggerRate,1722231330000000000,num,null,49,null
TriggerRate,1722231390000000000,num,null,44,null
TriggerRate,1722231450000000000,num,null,44,null
TriggerRate,1722231510000000000,num,null,3999,null
TriggerRate,1722231570000000000,num,null,3999,null
TriggerRate,1722231630000000000,num,null,3999,null
TriggerRate,1722231690000000000,num,null,3999,null
TriggerRate,1722231750000000000,num,null,50,null
TriggerRate,1722231810000000000,num,null,50,null
TriggerRate,1722231870000000000,num,null,61,null
TriggerRate,1722231930000000000,num,null,61,null
TriggerRate,1722231990000000000,num,null,44,null
TriggerRate,1722232050000000000,num,null,44,null
TriggerRate,1722232110000000000,num,null,57,null
TriggerRate,1722232170000000000,num,null,57,null
TriggerRate,1722232230000000000,num,null,43,null
TriggerRate,1722232290000000000,num,null,43,null
TriggerRate,1722232350000000000,num,null,54,null
TriggerRate,1722232410000000000,num,null,54,null
TriggerRate,1722232470000000000,num,null,44,null
TriggerRate,1722232530000000000,num,null,44,null
TriggerRate,1722232590000000000,num,null,52,null
TriggerRate,1722232650000000000,num,null,52,null
TriggerRate,1722232710000000000,num,null,41,null
TriggerRate,1722232770000000000,num,null,41,null
TriggerRate,1722232830000000000,num,null,62,null
TriggerRate,1722232890000000000,num,null,62,null
TriggerRate,1722232950000000000,num,null,3999,null
TriggerRate,1722233010000000000,num,null,3999,null
TriggerRate,1722233070000000000,num,null,184,null
TriggerRate,1722233130000000000,num,null,184,null
TriggerRate,1722233190000000000,num,null,45,null
TriggerRate,1722233250000000000,num,null,45,null
TriggerRate,1722233310000000000,num,null,46,null
TriggerRate,1722233370000000000,num,null,46,null
TriggerRate,1722233430000000000,num,null,55,null
TriggerRate,1722233490000000000,num,null,55,null
TriggerRate,1722233550000000000,num,null,44,null
TriggerRate,1722233610000000000,num,null,44,null
TriggerRate,1722233670000000000,num,null,574,null
TriggerRate,1722233730000000000,num,null,574,null
TriggerRate,1722233790000000000,num,null,44,null
TriggerRate,1722233850000000000,num,null,44,null
TriggerRate,1722233910000000000,num,null,271,null
TriggerRate,1722233970000000000,num,null,271,null
TriggerRate,1722234030000000000,num,null,62,null
TriggerRate,1722234090000000000,num,null,62,null
TriggerRate,1722234150000000000,num,null,41,null
TriggerRate,1722234210000000000,num,null,41,null
TriggerRate,1722234270000000000,num,null,48,null
TriggerRate,1722234330000000000,num,null,48,null
TriggerRate,1722234390000000000,num,null,48,null
TriggerRate,1722234450000000000,num,null,48,null
TriggerRate,1722234510000000000,num,null,41,null
TriggerRate,1722234570000000000,num,null,41,null
TriggerRate,1722234630000000000,num,null,42,null
TriggerRate,1722234660000000000,num,null,9,null
TriggerRate,1722307137000000000,num,null,0,null
TriggerRate,1722307167000000000,num,null,0,null
TriggerRate,1722307317000000000,num,null,0,null
TriggerRate,1722307347000000000,num,null,0,null
TriggerRate,1722307407000000000,num,null,0,null
TriggerRate,1722307497000000000,num,null,71,null
TriggerRate,1722307527000000000,num,null,71,null
TriggerRate,1722307587000000000,num,null,102,null
TriggerRate,1722307647000000000,num,null,102,null
TriggerRate,1722307707000000000,num,null,102,null
TriggerRate,1722307767000000000,num,null,102,null
TriggerRate,1722307857000000000,num,null,102,null
TriggerRate,1722307887000000000,num,null,102,null
TriggerRate,1722307947000000000,num,null,102,null
TriggerRate,1722308007000000000,num,null,102,null
TriggerRate,1722308067000000000,num,null,102,null
TriggerRate,1722308127000000000,num,null,102,null
TriggerRate,1722308217000000000,num,null,102,null
TriggerRate,1722308247000000000,num,null,102,null
TriggerRate,1722308307000000000,num,null,102,null
TriggerRate,1722308367000000000,num,null,102,null
TriggerRate,1722308397000000000,num,null,102,null
TriggerRate,1722308487000000000,num,null,6,null
TriggerRate,1722308577000000000,num,null,6,null
TriggerRate,1722308607000000000,num,null,6,null
TriggerRate,1722308667000000000,num,null,6,null
TriggerRate,1722308727000000000,num,null,6,null
TriggerRate,1722308787000000000,num,null,6,null
TriggerRate,1722308847000000000,num,null,6,null
TriggerRate,1722308937000000000,num,null,6,null
TriggerRate,1722308967000000000,num,null,6,null
TriggerRate,1722309027000000000,num,null,6,null
TriggerRate,1722309087000000000,num,null,6,null
TriggerRate,1722309147000000000,num,null,6,null
TriggerRate,1722309207000000000,num,null,6,null
TriggerRate,1722309267000000000,num,null,6,null
TriggerRate,1722309357000000000,num,null,6,null
TriggerRate,1722309387000000000,num,null,6,null
TriggerRate,1722309447000000000,num,null,6,null
TriggerRate,1722309507000000000,num,null,6,null
TriggerRate,1722309597000000000,num,null,6,null
TriggerRate,1722309627000000000,num,null,6,null
TriggerRate,1722309687000000000,num,null,6,null
TriggerRate,1722309747000000000,num,null,6,null
TriggerRate,1722309807000000000,num,null,6,null
TriggerRate,1722309897000000000,num,null,6,null
TriggerRate,1722309957000000000,num,null,6,null
TriggerRate,1722309987000000000,num,null,6,null
TriggerRate,1722310047000000000,num,null,6,null
TriggerRate,1722310107000000000,num,null,6,null
TriggerRate,1722310167000000000,num,null,6,null
TriggerRate,1722310227000000000,num,null,6,null
TriggerRate,1722310317000000000,num,null,6,null
TriggerRate,1722310347000000000,num,null,6,null
TriggerRate,1722310407000000000,num,null,6,null
TriggerRate,1722310467000000000,num,null,6,null
TriggerRate,1722310527000000000,num,null,6,null
TriggerRate,1722310587000000000,num,null,6,null
TriggerRate,1722310677000000000,num,null,6,null
TriggerRate,1722310707000000000,num,null,6,null
TriggerRate,1722310767000000000,num,null,6,null
TriggerRate,1722310827000000000,num,null,6,null
TriggerRate,1722310887000000000,num,null,6,null
TriggerRate,1722310947000000000,num,null,6,null
TriggerRate,1722311007000000000,num,null,6,null
TriggerRate,1722311067000000000,num,null,6,null
TriggerRate,1722311127000000000,num,null,6,null
TriggerRate,1722311187000000000,num,null,6,null
TriggerRate,1722311247000000000,num,null,6,null
TriggerRate,1722311307000000000,num,null,6,null
TriggerRate,1722311397000000000,num,null,6,null
TriggerRate,1722311427000000000,num,null,6,null
TriggerRate,1722311487000000000,num,null,6,null
TriggerRate,1722311547000000000,num,null,6,null
TriggerRate,1722311607000000000,num,null,6,null
TriggerRate,1722311667000000000,num,null,6,null
TriggerRate,1722311757000000000,num,null,6,null
TriggerRate,1722311787000000000,num,null,6,null
TriggerRate,1722311847000000000,num,null,6,null
TriggerRate,1722311907000000000,num,null,6,null
TriggerRate,1722311967000000000,num,null,6,null
TriggerRate,1722312057000000000,num,null,6,null
TriggerRate,1722312087000000000,num,null,6,null
TriggerRate,1722312147000000000,num,null,6,null
TriggerRate,1722312207000000000,num,null,6,null
TriggerRate,1722312267000000000,num,null,6,null
TriggerRate,1722312327000000000,num,null,6,null
TriggerRate,1722312417000000000,num,null,6,null
TriggerRate,1722312447000000000,num,null,6,null
TriggerRate,1722312507000000000,num,null,6,null
TriggerRate,1722312567000000000,num,null,6,null
TriggerRate,1722312627000000000,num,null,6,null
TriggerRate,1722312687000000000,num,null,6,null
TriggerRate,1722312717000000000,num,null,6,null
TriggerRate,1722312927000000000,num,null,6,null
TriggerRate,1722312987000000000,num,null,6,null
TriggerRate,1722313077000000000,num,null,6,null
TriggerRate,1722313167000000000,num,null,6,null
TriggerRate,1722313227000000000,num,null,6,null
TriggerRate,1722313257000000000,num,null,6,null
TriggerRate,1722313707000000000,num,null,6,null
TriggerRate,1722313797000000000,num,null,6,null
TriggerRate,1722313827000000000,num,null,65535,null
TriggerRate,1722313887000000000,num,null,65535,null
TriggerRate,1722313947000000000,num,null,3999,null
TriggerRate,1722314037000000000,num,null,3999,null
TriggerRate,1722314067000000000,num,null,3999,null
TriggerRate,1722314127000000000,num,null,3999,null
TriggerRate,1722314187000000000,num,null,3999,null
TriggerRate,1722314277000000000,num,null,3999,null
TriggerRate,1722314307000000000,num,null,3999,null
TriggerRate,1722314367000000000,num,null,3999,null
TriggerRate,1722314427000000000,num,null,3999,null
TriggerRate,1722314517000000000,num,null,3999,null
TriggerRate,1722314547000000000,num,null,3999,null
TriggerRate,1722314607000000000,num,null,3999,null
TriggerRate,1722314667000000000,num,null,3999,null
TriggerRate,1722314727000000000,num,null,3999,null
TriggerRate,1722314787000000000,num,null,3999,null
TriggerRate,1722314877000000000,num,null,3999,null
TriggerRate,1722315237000000000,num,null,3999,null
TriggerRate,1722315267000000000,num,null,3999,null
TriggerRate,1722315327000000000,num,null,3999,null
TriggerRate,1722315387000000000,num,null,65535,null
TriggerRate,1722315447000000000,num,null,65535,null
TriggerRate,1722315507000000000,num,null,2796,null
TriggerRate,1722315597000000000,num,null,2796,null
TriggerRate,1722315627000000000,num,null,3999,null
TriggerRate,1722315687000000000,num,null,3999,null
TriggerRate,1722315747000000000,num,null,300,null
TriggerRate,1722315807000000000,num,null,300,null
TriggerRate,1722315867000000000,num,null,302,null
TriggerRate,1722315957000000000,num,null,302,null
TriggerRate,1722315987000000000,num,null,3999,null
TriggerRate,1722316077000000000,num,null,3999,null
TriggerRate,1722316107000000000,num,null,2188,null
TriggerRate,1722316167000000000,num,null,2629,null
TriggerRate,1722316227000000000,num,null,2629,null
TriggerRate,1722316317000000000,num,null,2629,null
TriggerRate,1722316347000000000,num,null,2629,null
TriggerRate,1722316407000000000,num,null,2629,null
TriggerRate,1722317187000000000,num,null,2629,null
TriggerRate,1722317247000000000,num,null,2629,null
TriggerRate,1722317487000000000,num,null,2629,null
TriggerRate,1722317517000000000,num,null,2629,null
TriggerRate,1722317607000000000,num,null,2629,null
TriggerRate,1722317667000000000,num,null,65535,null
TriggerRate,1722317757000000000,num,null,65535,null
TriggerRate,1722317787000000000,num,null,208,null
TriggerRate,1722317847000000000,num,null,208,null
TriggerRate,1722317937000000000,num,null,208,null
TriggerRate,1722317967000000000,num,null,208,null
TriggerRate,1722318027000000000,num,null,199,null
TriggerRate,1722318117000000000,num,null,199,null
TriggerRate,1722318147000000000,num,null,198,null
TriggerRate,1722318207000000000,num,null,198,null
TriggerRate,1722318267000000000,num,null,202,null
TriggerRate,1722318327000000000,num,null,202,null
TriggerRate,1722318387000000000,num,null,211,null
TriggerRate,1722318477000000000,num,null,211,null
TriggerRate,1722318507000000000,num,null,196,null
TriggerRate,1722318567000000000,num,null,196,null
TriggerRate,1722318627000000000,num,null,1453,null
TriggerRate,1722318717000000000,num,null,1453,null
TriggerRate,1722318747000000000,num,null,209,null
TriggerRate,1722318807000000000,num,null,209,null
TriggerRate,1722318867000000000,num,null,203,null
TriggerRate,1722318927000000000,num,null,203,null
TriggerRate,1722318987000000000,num,null,203,null
TriggerRate,1722319047000000000,num,null,203,null
TriggerRate,1722319137000000000,num,null,224,null
TriggerRate,1722319167000000000,num,null,224,null
TriggerRate,1722319227000000000,num,null,3404,null
TriggerRate,1722319287000000000,num,null,3404,null
TriggerRate,1722319347000000000,num,null,3999,null
TriggerRate,1722319407000000000,num,null,3999,null
TriggerRate,1722319497000000000,num,null,205,null
TriggerRate,1722319527000000000,num,null,205,null
TriggerRate,1722319587000000000,num,null,230,null
TriggerRate,1722319647000000000,num,null,230,null
TriggerRate,1722319707000000000,num,null,212,null
TriggerRate,1722319797000000000,num,null,212,null
TriggerRate,1722319857000000000,num,null,2219,null
TriggerRate,1722319887000000000,num,null,2219,null
TriggerRate,1722319947000000000,num,null,230,null
TriggerRate,1722320007000000000,num,null,230,null
TriggerRate,1722320067000000000,num,null,2646,null
TriggerRate,1722320157000000000,num,null,2646,null
TriggerRate,1722320187000000000,num,null,196,null
TriggerRate,1722320247000000000,num,null,196,null
TriggerRate,1722320307000000000,num,null,221,null
TriggerRate,1722320367000000000,num,null,221,null
TriggerRate,1722320457000000000,num,null,239,null
TriggerRate,1722320487000000000,num,null,239,null
TriggerRate,1722320577000000000,num,null,237,null
TriggerRate,1722320607000000000,num,null,237,null
TriggerRate,1722320667000000000,num,null,224,null
TriggerRate,1722320727000000000,num,null,224,null
TriggerRate,1722320817000000000,num,null,203,null
TriggerRate,1722320847000000000,num,null,203,null
TriggerRate,1722320907000000000,num,null,228,null
TriggerRate,1722320967000000000,num,null,228,null
TriggerRate,1722321027000000000,num,null,3999,null
TriggerRate,1722321087000000000,num,null,3999,null
TriggerRate,1722321177000000000,num,null,3999,null
TriggerRate,1722321207000000000,num,null,3999,null
TriggerRate,1722321267000000000,num,null,217,null
TriggerRate,1722321327000000000,num,null,217,null
TriggerRate,1722321387000000000,num,null,234,null
TriggerRate,1722321447000000000,num,null,234,null
TriggerRate,1722321537000000000,num,null,220,null
TriggerRate,1722321567000000000,num,null,220,null
TriggerRate,1722321627000000000,num,null,218,null
TriggerRate,1722321687000000000,num,null,218,null
TriggerRate,1722321747000000000,num,null,229,null
TriggerRate,1722321807000000000,num,null,229,null
TriggerRate,1722321897000000000,num,null,205,null
TriggerRate,1722321927000000000,num,null,205,null
TriggerRate,1722321987000000000,num,null,201,null
TriggerRate,1722322047000000000,num,null,201,null
TriggerRate,1722322107000000000,num,null,229,null
TriggerRate,1722322167000000000,num,null,229,null
TriggerRate,1722322257000000000,num,null,1249,null
TriggerRate,1722322287000000000,num,null,1249,null
TriggerRate,1722322347000000000,num,null,2795,null
TriggerRate,1722322407000000000,num,null,2795,null
TriggerRate,1722322467000000000,num,null,223,null
TriggerRate,1722322527000000000,num,null,223,null
TriggerRate,1722322617000000000,num,null,253,null
TriggerRate,1722322677000000000,num,null,253,null
TriggerRate,1722322707000000000,num,null,227,null
TriggerRate,1722322767000000000,num,null,227,null
TriggerRate,1722322827000000000,num,null,210,null
TriggerRate,1722322887000000000,num,null,210,null
TriggerRate,1722322977000000000,num,null,232,null
TriggerRate,1722323007000000000,num,null,232,null
TriggerRate,1722323067000000000,num,null,216,null
TriggerRate,1722323127000000000,num,null,216,null
TriggerRate,1722323187000000000,num,null,223,null
TriggerRate,1722323247000000000,num,null,223,null
TriggerRate,1722323337000000000,num,null,217,null
TriggerRate,1722323367000000000,num,null,217,null
TriggerRate,1722323427000000000,num,null,219,null
TriggerRate,1722323487000000000,num,null,219,null
TriggerRate,1722323577000000000,num,null,544,null
TriggerRate,1722323607000000000,num,null,544,null
TriggerRate,1722323697000000000,num,null,235,null
TriggerRate,1722323727000000000,num,null,235,null
TriggerRate,1722323787000000000,num,null,198,null
TriggerRate,1722323847000000000,num,null,198,null
TriggerRate,1722323907000000000,num,null,212,null
TriggerRate,1722323997000000000,num,null,212,null
TriggerRate,1722324057000000000,num,null,227,null
TriggerRate,1722324087000000000,num,null,227,null
TriggerRate,1722324147000000000,num,null,226,null
TriggerRate,1722324207000000000,num,null,226,null
TriggerRate,1722324267000000000,num,null,259,null
TriggerRate,1722324357000000000,num,null,259,null
TriggerRate,1722324387000000000,num,null,3999,null
TriggerRate,1722324477000000000,num,null,3999,null
TriggerRate,1722324507000000000,num,null,1019,null
TriggerRate,1722324567000000000,num,null,1019,null
TriggerRate,1722324627000000000,num,null,223,null
TriggerRate,1722324717000000000,num,null,223,null
TriggerRate,1722324747000000000,num,null,210,null
TriggerRate,1722324807000000000,num,null,210,null
TriggerRate,1722324867000000000,num,null,3999,null
TriggerRate,1722324927000000000,num,null,3999,null
TriggerRate,1722324987000000000,num,null,3999,null
TriggerRate,1722325077000000000,num,null,3999,null
TriggerRate,1722325107000000000,num,null,227,null
TriggerRate,1722325167000000000,num,null,227,null
TriggerRate,1722325227000000000,num,null,283,null
TriggerRate,1722325287000000000,num,null,283,null
TriggerRate,1722325377000000000,num,null,3999,null
TriggerRate,1722325437000000000,num,null,3999,null
TriggerRate,1722325467000000000,num,null,239,null
TriggerRate,1722325527000000000,num,null,239,null
TriggerRate,1722325587000000000,num,null,3999,null
TriggerRate,1722325647000000000,num,null,3999,null
TriggerRate,1722325737000000000,num,null,2169,null
TriggerRate,1722325767000000000,num,null,2169,null
TriggerRate,1722325827000000000,num,null,696,null
TriggerRate,1722325887000000000,num,null,696,null
TriggerRate,1722325947000000000,num,null,246,null
TriggerRate,1722326007000000000,num,null,246,null
TriggerRate,1722326097000000000,num,null,270,null
TriggerRate,1722326127000000000,num,null,270,null
TriggerRate,1722326187000000000,num,null,2340,null
TriggerRate,1722326247000000000,num,null,2340,null
TriggerRate,1722326337000000000,num,null,317,null
TriggerRate,1722326367000000000,num,null,317,null
TriggerRate,1722326457000000000,num,null,351,null
TriggerRate,1722326487000000000,num,null,351,null
TriggerRate,1722326547000000000,num,null,359,null
TriggerRate,1722326607000000000,num,null,359,null
TriggerRate,1722326667000000000,num,null,436,null
TriggerRate,1722326727000000000,num,null,436,null
TriggerRate,1722326817000000000,num,null,395,null
TriggerRate,1722326847000000000,num,null,395,null
TriggerRate,1722326907000000000,num,null,491,null
TriggerRate,1722326967000000000,num,null,491,null
TriggerRate,1722327027000000000,num,null,599,null
TriggerRate,1722327087000000000,num,null,599,null
TriggerRate,1722327177000000000,num,null,1019,null
TriggerRate,1722327207000000000,num,null,1019,null
TriggerRate,1722327267000000000,num,null,697,null
TriggerRate,1722327327000000000,num,null,697,null
TriggerRate,1722327387000000000,num,null,783,null
TriggerRate,1722327447000000000,num,null,783,null
TriggerRate,1722327537000000000,num,null,1020,null
TriggerRate,1722327567000000000,num,null,1020,null
TriggerRate,1722327627000000000,num,null,1134,null
TriggerRate,1722327687000000000,num,null,1134,null
TriggerRate,1722327777000000000,num,null,1214,null
TriggerRate,1722327837000000000,num,null,1214,null
TriggerRate,1722327897000000000,num,null,1394,null
TriggerRate,1722327957000000000,num,null,1394,null
TriggerRate,1722328017000000000,num,null,1707,null
TriggerRate,1722328077000000000,num,null,1707,null
TriggerRate,1722328107000000000,num,null,1696,null
TriggerRate,1722328167000000000,num,null,1696,null
TriggerRate,1722328257000000000,num,null,1960,null
TriggerRate,1722328317000000000,num,null,1960,null
TriggerRate,1722328377000000000,num,null,2202,null
TriggerRate,1722328437000000000,num,null,2202,null
TriggerRate,1722328497000000000,num,null,3999,null
TriggerRate,1722328557000000000,num,null,3999,null
TriggerRate,1722328617000000000,num,null,2679,null
TriggerRate,1722328647000000000,num,null,2679,null
TriggerRate,1722328737000000000,num,null,3024,null
TriggerRate,1722328797000000000,num,null,3024,null
TriggerRate,1722328827000000000,num,null,3576,null
TriggerRate,1722328887000000000,num,null,3576,null
TriggerRate,1722328977000000000,num,null,3608,null
TriggerRate,1722329037000000000,num,null,3608,null
TriggerRate,1722329097000000000,num,null,3642,null
TriggerRate,1722329127000000000,num,null,3642,null
TriggerRate,1722329187000000000,num,null,3999,null
TriggerRate,1722329247000000000,num,null,3999,null
TriggerRate,1722329337000000000,num,null,3999,null
TriggerRate,1722329367000000000,num,null,3999,null
TriggerRate,1722329427000000000,num,null,3999,null
TriggerRate,1722329487000000000,num,null,3999,null
TriggerRate,1722329547000000000,num,null,3999,null
TriggerRate,1722329607000000000,num,null,3999,null
TriggerRate,1722329697000000000,num,null,3999,null
TriggerRate,1722329727000000000,num,null,3999,null
TriggerRate,1722329787000000000,num,null,3999,null
TriggerRate,1722329847000000000,num,null,3999,null
TriggerRate,1722329907000000000,num,null,3999,null
TriggerRate,1722329967000000000,num,null,3999,null
TriggerRate,1722330057000000000,num,null,3999,null
TriggerRate,1722330087000000000,num,null,3999,null
TriggerRate,1722330117000000000,num,null,3999,null
TriggerRate,1722330177000000000,num,null,12,null
TriggerRate,1722393930000000000,num,null,0,null
TriggerRate,1722393990000000000,num,null,0,null
TriggerRate,1722394110000000000,num,null,0,null
TriggerRate,1722394170000000000,num,null,0,null
TriggerRate,1722394230000000000,num,null,0,null
TriggerRate,1722394290000000000,num,null,0,null
TriggerRate,1722394350000000000,num,null,0,null
TriggerRate,1722394410000000000,num,null,78,null
TriggerRate,1722394470000000000,num,null,78,null
TriggerRate,1722394530000000000,num,null,102,null
TriggerRate,1722394590000000000,num,null,102,null
TriggerRate,1722394650000000000,num,null,102,null
TriggerRate,1722394710000000000,num,null,102,null
TriggerRate,1722394770000000000,num,null,102,null
TriggerRate,1722394860000000000,num,null,102,null
TriggerRate,1722394890000000000,num,null,102,null
TriggerRate,1722394950000000000,num,null,102,null
TriggerRate,1722395010000000000,num,null,102,null
TriggerRate,1722395070000000000,num,null,102,null
TriggerRate,1722395130000000000,num,null,102,null
TriggerRate,1722395190000000000,num,null,102,null
TriggerRate,1722395250000000000,num,null,102,null
TriggerRate,1722395310000000000,num,null,102,null
TriggerRate,1722395370000000000,num,null,102,null
TriggerRate,1722395430000000000,num,null,102,null
TriggerRate,1722395490000000000,num,null,102,null
TriggerRate,1722395550000000000,num,null,102,null
TriggerRate,1722395610000000000,num,null,12,null
TriggerRate,1722395670000000000,num,null,12,null
TriggerRate,1722395730000000000,num,null,12,null
TriggerRate,1722395790000000000,num,null,12,null
TriggerRate,1722395850000000000,num,null,12,null
TriggerRate,1722395910000000000,num,null,12,null
TriggerRate,1722395970000000000,num,null,12,null
TriggerRate,1722396030000000000,num,null,12,null
TriggerRate,1722396090000000000,num,null,12,null
TriggerRate,1722396150000000000,num,null,12,null
TriggerRate,1722396210000000000,num,null,12,null
TriggerRate,1722396270000000000,num,null,12,null
TriggerRate,1722396330000000000,num,null,12,null
TriggerRate,1722396390000000000,num,null,12,null
TriggerRate,1722396450000000000,num,null,12,null
TriggerRate,1722396510000000000,num,null,12,null
TriggerRate,1722396570000000000,num,null,12,null
TriggerRate,1722396630000000000,num,null,12,null
TriggerRate,1722396690000000000,num,null,12,null
TriggerRate,1722396750000000000,num,null,12,null
TriggerRate,1722396810000000000,num,null,12,null
TriggerRate,1722396870000000000,num,null,12,null
TriggerRate,1722396930000000000,num,null,12,null
TriggerRate,1722396990000000000,num,null,12,null
TriggerRate,1722397050000000000,num,null,12,null
TriggerRate,1722397110000000000,num,null,12,null
TriggerRate,1722397170000000000,num,null,12,null
TriggerRate,1722397230000000000,num,null,12,null
TriggerRate,1722397290000000000,num,null,12,null
TriggerRate,1722397350000000000,num,null,12,null
TriggerRate,1722397410000000000,num,null,12,null
TriggerRate,1722397470000000000,num,null,12,null
TriggerRate,1722397530000000000,num,null,12,null
TriggerRate,1722397590000000000,num,null,12,null
TriggerRate,1722397650000000000,num,null,12,null
TriggerRate,1722397710000000000,num,null,12,null
TriggerRate,1722397770000000000,num,null,12,null
TriggerRate,1722397830000000000,num,null,12,null
TriggerRate,1722397890000000000,num,null,12,null
TriggerRate,1722397950000000000,num,null,12,null
TriggerRate,1722398010000000000,num,null,12,null
TriggerRate,1722398070000000000,num,null,12,null
TriggerRate,1722398130000000000,num,null,12,null
TriggerRate,1722398190000000000,num,null,12,null
TriggerRate,1722398250000000000,num,null,12,null
TriggerRate,1722398310000000000,num,null,12,null
TriggerRate,1722398370000000000,num,null,12,null
TriggerRate,1722398430000000000,num,null,12,null
TriggerRate,1722398490000000000,num,null,12,null
TriggerRate,1722398550000000000,num,null,12,null
TriggerRate,1722398610000000000,num,null,12,null
TriggerRate,1722398670000000000,num,null,12,null
TriggerRate,1722398730000000000,num,null,12,null
TriggerRate,1722398790000000000,num,null,12,null
TriggerRate,1722398850000000000,num,null,12,null
TriggerRate,1722398910000000000,num,null,12,null
TriggerRate,1722398970000000000,num,null,12,null
TriggerRate,1722399030000000000,num,null,12,null
TriggerRate,1722399270000000000,num,null,12,null
TriggerRate,1722399330000000000,num,null,12,null
TriggerRate,1722399390000000000,num,null,12,null
TriggerRate,1722399510000000000,num,null,12,null
TriggerRate,1722399570000000000,num,null,12,null
TriggerRate,1722399600000000000,num,null,12,null
TriggerRate,1722400050000000000,num,null,12,null
TriggerRate,1722400110000000000,num,null,12,null
TriggerRate,1722400170000000000,num,null,520,null
TriggerRate,1722400230000000000,num,null,520,null
TriggerRate,1722400290000000000,num,null,65535,null
TriggerRate,1722400350000000000,num,null,65535,null
TriggerRate,1722400410000000000,num,null,1146,null
TriggerRate,1722400470000000000,num,null,1146,null
TriggerRate,1722400530000000000,num,null,3999,null
TriggerRate,1722400590000000000,num,null,3999,null
TriggerRate,1722400650000000000,num,null,3999,null
TriggerRate,1722400710000000000,num,null,3999,null
TriggerRate,1722400770000000000,num,null,3061,null
TriggerRate,1722400830000000000,num,null,3061,null
TriggerRate,1722400890000000000,num,null,319,null
TriggerRate,1722400950000000000,num,null,319,null
TriggerRate,1722401010000000000,num,null,269,null
TriggerRate,1722401070000000000,num,null,269,null
TriggerRate,1722401130000000000,num,null,483,null
TriggerRate,1722401190000000000,num,null,483,null
TriggerRate,1722401250000000000,num,null,3999,null
TriggerRate,1722401310000000000,num,null,3999,null
TriggerRate,1722401370000000000,num,null,2481,null
TriggerRate,1722401430000000000,num,null,2481,null
TriggerRate,1722401490000000000,num,null,225,null
TriggerRate,1722401550000000000,num,null,225,null
TriggerRate,1722401610000000000,num,null,225,null
TriggerRate,1722401670000000000,num,null,225,null
TriggerRate,1722401730000000000,num,null,232,null
TriggerRate,1722401790000000000,num,null,232,null
TriggerRate,1722401850000000000,num,null,208,null
TriggerRate,1722401910000000000,num,null,208,null
TriggerRate,1722401970000000000,num,null,202,null
TriggerRate,1722402030000000000,num,null,202,null
TriggerRate,1722402090000000000,num,null,1609,null
TriggerRate,1722402150000000000,num,null,1609,null
TriggerRate,1722402210000000000,num,null,194,null
TriggerRate,1722402270000000000,num,null,194,null
TriggerRate,1722402330000000000,num,null,184,null
TriggerRate,1722402390000000000,num,null,184,null
TriggerRate,1722402450000000000,num,null,193,null
TriggerRate,1722402510000000000,num,null,193,null
TriggerRate,1722402570000000000,num,null,204,null
TriggerRate,1722402630000000000,num,null,204,null
TriggerRate,1722402690000000000,num,null,169,null
TriggerRate,1722402750000000000,num,null,169,null
TriggerRate,1722402810000000000,num,null,184,null
TriggerRate,1722402870000000000,num,null,184,null
TriggerRate,1722402930000000000,num,null,3999,null
TriggerRate,1722402990000000000,num,null,3999,null
TriggerRate,1722403050000000000,num,null,478,null
TriggerRate,1722403110000000000,num,null,478,null
TriggerRate,1722403170000000000,num,null,173,null
TriggerRate,1722403230000000000,num,null,173,null
TriggerRate,1722403290000000000,num,null,170,null
TriggerRate,1722403350000000000,num,null,170,null
TriggerRate,1722403410000000000,num,null,163,null
TriggerRate,1722403470000000000,num,null,163,null
TriggerRate,1722403530000000000,num,null,150,null
TriggerRate,1722403590000000000,num,null,150,null
TriggerRate,1722403650000000000,num,null,3999,null
TriggerRate,1722403710000000000,num,null,3999,null
TriggerRate,1722403770000000000,num,null,166,null
TriggerRate,1722403830000000000,num,null,166,null
TriggerRate,1722403890000000000,num,null,193,null
TriggerRate,1722403950000000000,num,null,193,null
TriggerRate,1722404010000000000,num,null,155,null
TriggerRate,1722404070000000000,num,null,155,null
TriggerRate,1722404130000000000,num,null,159,null
TriggerRate,1722404190000000000,num,null,159,null
TriggerRate,1722404250000000000,num,null,2485,null
TriggerRate,1722404310000000000,num,null,2485,null
TriggerRate,1722404370000000000,num,null,152,null
TriggerRate,1722404430000000000,num,null,152,null
TriggerRate,1722404490000000000,num,null,168,null
TriggerRate,1722404550000000000,num,null,168,null
TriggerRate,1722404610000000000,num,null,140,null
TriggerRate,1722404670000000000,num,null,140,null
TriggerRate,1722404730000000000,num,null,3999,null
TriggerRate,1722404790000000000,num,null,3999,null
TriggerRate,1722404850000000000,num,null,171,null
TriggerRate,1722404910000000000,num,null,171,null
TriggerRate,1722404970000000000,num,null,143,null
TriggerRate,1722405030000000000,num,null,143,null
TriggerRate,1722405090000000000,num,null,3999,null
TriggerRate,1722405150000000000,num,null,3999,null
TriggerRate,1722405210000000000,num,null,3999,null
TriggerRate,1722405270000000000,num,null,3999,null
TriggerRate,1722405330000000000,num,null,144,null
TriggerRate,1722405390000000000,num,null,144,null
TriggerRate,1722405450000000000,num,null,3999,null
TriggerRate,1722405510000000000,num,null,3999,null
TriggerRate,1722405570000000000,num,null,142,null
TriggerRate,1722405630000000000,num,null,142,null
TriggerRate,1722405690000000000,num,null,145,null
TriggerRate,1722405750000000000,num,null,145,null
TriggerRate,1722405810000000000,num,null,145,null
TriggerRate,1722405870000000000,num,null,145,null
TriggerRate,1722405930000000000,num,null,146,null
TriggerRate,1722405990000000000,num,null,146,null
TriggerRate,1722406050000000000,num,null,116,null
TriggerRate,1722406110000000000,num,null,116,null
TriggerRate,1722406170000000000,num,null,142,null
TriggerRate,1722406230000000000,num,null,142,null
TriggerRate,1722406290000000000,num,null,172,null
TriggerRate,1722406350000000000,num,null,172,null
TriggerRate,1722406410000000000,num,null,2942,null
TriggerRate,1722406470000000000,num,null,2942,null
TriggerRate,1722406530000000000,num,null,3999,null
TriggerRate,1722406590000000000,num,null,3999,null
TriggerRate,1722406650000000000,num,null,156,null
TriggerRate,1722406710000000000,num,null,156,null
TriggerRate,1722406770000000000,num,null,129,null
TriggerRate,1722406830000000000,num,null,129,null
TriggerRate,1722406890000000000,num,null,119,null
TriggerRate,1722406950000000000,num,null,119,null
TriggerRate,1722407010000000000,num,null,160,null
TriggerRate,1722407070000000000,num,null,160,null
TriggerRate,1722407130000000000,num,null,153,null
TriggerRate,1722407190000000000,num,null,153,null
TriggerRate,1722407250000000000,num,null,122,null
TriggerRate,1722407310000000000,num,null,122,null
TriggerRate,1722407370000000000,num,null,118,null
TriggerRate,1722407430000000000,num,null,118,null
TriggerRate,1722407490000000000,num,null,153,null
TriggerRate,1722407550000000000,num,null,153,null
TriggerRate,1722407610000000000,num,null,148,null
TriggerRate,1722407670000000000,num,null,148,null
TriggerRate,1722407730000000000,num,null,118,null
TriggerRate,1722407790000000000,num,null,118,null
TriggerRate,1722407850000000000,num,null,114,null
TriggerRate,1722407910000000000,num,null,114,null
TriggerRate,1722407970000000000,num,null,129,null
TriggerRate,1722408060000000000,num,null,110,null
TriggerRate,1722408090000000000,num,null,110,null
TriggerRate,1722408150000000000,num,null,110,null
TriggerRate,1722408210000000000,num,null,112,null
TriggerRate,1722408270000000000,num,null,112,null
TriggerRate,1722408330000000000,num,null,3999,null
TriggerRate,1722408390000000000,num,null,3999,null
TriggerRate,1722408450000000000,num,null,634,null
TriggerRate,1722408510000000000,num,null,634,null
TriggerRate,1722408570000000000,num,null,120,null
TriggerRate,1722408630000000000,num,null,120,null
TriggerRate,1722408690000000000,num,null,954,null
TriggerRate,1722408750000000000,num,null,954,null
TriggerRate,1722408810000000000,num,null,123,null
TriggerRate,1722408870000000000,num,null,123,null
TriggerRate,1722408930000000000,num,null,119,null
TriggerRate,1722408990000000000,num,null,119,null
TriggerRate,1722409050000000000,num,null,1945,null
TriggerRate,1722409110000000000,num,null,1945,null
TriggerRate,1722409170000000000,num,null,3763,null
TriggerRate,1722409230000000000,num,null,3763,null
TriggerRate,1722409290000000000,num,null,3999,null
TriggerRate,1722409350000000000,num,null,3999,null
TriggerRate,1722409410000000000,num,null,768,null
TriggerRate,1722409470000000000,num,null,768,null
TriggerRate,1722409530000000000,num,null,109,null
TriggerRate,1722409590000000000,num,null,109,null
TriggerRate,1722409650000000000,num,null,112,null
TriggerRate,1722409710000000000,num,null,112,null
TriggerRate,1722409770000000000,num,null,108,null
TriggerRate,1722409830000000000,num,null,108,null
TriggerRate,1722409890000000000,num,null,109,null
TriggerRate,1722409950000000000,num,null,109,null
TriggerRate,1722410010000000000,num,null,111,null
TriggerRate,1722410070000000000,num,null,111,null
TriggerRate,1722410130000000000,num,null,115,null
TriggerRate,1722410190000000000,num,null,115,null
TriggerRate,1722410250000000000,num,null,140,null
TriggerRate,1722410310000000000,num,null,140,null
TriggerRate,1722410370000000000,num,null,232,null
TriggerRate,1722410430000000000,num,null,232,null
TriggerRate,1722410490000000000,num,null,3999,null
TriggerRate,1722410550000000000,num,null,3999,null
TriggerRate,1722410610000000000,num,null,127,null
TriggerRate,1722410670000000000,num,null,127,null
TriggerRate,1722410730000000000,num,null,113,null
TriggerRate,1722410790000000000,num,null,113,null
TriggerRate,1722410880000000000,num,null,113,null
TriggerRate,1722410910000000000,num,null,113,null
TriggerRate,1722410970000000000,num,null,122,null
TriggerRate,1722411030000000000,num,null,122,null
TriggerRate,1722411090000000000,num,null,115,null
TriggerRate,1722411150000000000,num,null,115,null
TriggerRate,1722411210000000000,num,null,119,null
TriggerRate,1722411270000000000,num,null,119,null
TriggerRate,1722411330000000000,num,null,131,null
TriggerRate,1722411390000000000,num,null,131,null
TriggerRate,1722411450000000000,num,null,98,null
TriggerRate,1722411510000000000,num,null,98,null
TriggerRate,1722411570000000000,num,null,109,null
TriggerRate,1722411630000000000,num,null,109,null
TriggerRate,1722411690000000000,num,null,114,null
TriggerRate,1722411750000000000,num,null,114,null
TriggerRate,1722411810000000000,num,null,111,null
TriggerRate,1722411870000000000,num,null,111,null
TriggerRate,1722411930000000000,num,null,3999,null
TriggerRate,1722411990000000000,num,null,3999,null
TriggerRate,1722412050000000000,num,null,130,null
TriggerRate,1722412110000000000,num,null,130,null
TriggerRate,1722412170000000000,num,null,87,null
TriggerRate,1722412230000000000,num,null,87,null
TriggerRate,1722412290000000000,num,null,109,null
TriggerRate,1722412350000000000,num,null,109,null
TriggerRate,1722412410000000000,num,null,97,null
TriggerRate,1722412470000000000,num,null,97,null
TriggerRate,1722412530000000000,num,null,128,null
TriggerRate,1722412590000000000,num,null,128,null
TriggerRate,1722412650000000000,num,null,101,null
TriggerRate,1722412710000000000,num,null,101,null
TriggerRate,1722412770000000000,num,null,108,null
TriggerRate,1722412830000000000,num,null,108,null
TriggerRate,1722412890000000000,num,null,111,null
TriggerRate,1722412950000000000,num,null,111,null
TriggerRate,1722413010000000000,num,null,118,null
TriggerRate,1722413070000000000,num,null,118,null
TriggerRate,1722413130000000000,num,null,104,null
TriggerRate,1722413190000000000,num,null,104,null
TriggerRate,1722413250000000000,num,null,107,null
TriggerRate,1722413310000000000,num,null,107,null
TriggerRate,1722413370000000000,num,null,120,null
TriggerRate,1722413430000000000,num,null,120,null
TriggerRate,1722413490000000000,num,null,102,null
TriggerRate,1722413550000000000,num,null,102,null
TriggerRate,1722413610000000000,num,null,96,null
TriggerRate,1722413670000000000,num,null,96,null
TriggerRate,1722413730000000000,num,null,3999,null
TriggerRate,1722413790000000000,num,null,3999,null
TriggerRate,1722413850000000000,num,null,104,null
TriggerRate,1722413910000000000,num,null,104,null
TriggerRate,1722413970000000000,num,null,3999,null
TriggerRate,1722414030000000000,num,null,3999,null
TriggerRate,1722414090000000000,num,null,104,null
TriggerRate,1722414150000000000,num,null,104,null
TriggerRate,1722414210000000000,num,null,104,null
TriggerRate,1722414270000000000,num,null,104,null
TriggerRate,1722414330000000000,num,null,106,null
TriggerRate,1722414390000000000,num,null,106,null
TriggerRate,1722414450000000000,num,null,114,null
TriggerRate,1722414510000000000,num,null,114,null
TriggerRate,1722414570000000000,num,null,110,null
TriggerRate,1722414630000000000,num,null,110,null
TriggerRate,1722414690000000000,num,null,103,null
TriggerRate,1722414750000000000,num,null,103,null
TriggerRate,1722414810000000000,num,null,120,null
TriggerRate,1722414870000000000,num,null,120,null
TriggerRate,1722414930000000000,num,null,102,null
TriggerRate,1722414990000000000,num,null,102,null
TriggerRate,1722415050000000000,num,null,118,null
TriggerRate,1722415110000000000,num,null,118,null
TriggerRate,1722415170000000000,num,null,111,null
TriggerRate,1722415230000000000,num,null,111,null
TriggerRate,1722415290000000000,num,null,127,null
TriggerRate,1722415350000000000,num,null,127,null
TriggerRate,1722415410000000000,num,null,133,null
TriggerRate,1722415470000000000,num,null,133,null
TriggerRate,1722415530000000000,num,null,120,null
TriggerRate,1722415590000000000,num,null,120,null
TriggerRate,1722415650000000000,num,null,154,null
TriggerRate,1722415710000000000,num,null,154,null
TriggerRate,1722415770000000000,num,null,163,null
TriggerRate,1722415830000000000,num,null,163,null
TriggerRate,1722415890000000000,num,null,166,null
TriggerRate,1722415950000000000,num,null,166,null
TriggerRate,1722416010000000000,num,null,159,null
TriggerRate,1722416070000000000,num,null,159,null
TriggerRate,1722416130000000000,num,null,203,null
TriggerRate,1722416190000000000,num,null,203,null
TriggerRate,1722416250000000000,num,null,200,null
TriggerRate,1722416310000000000,num,null,200,null
TriggerRate,1722416370000000000,num,null,202,null
TriggerRate,1722416430000000000,num,null,202,null
TriggerRate,1722416490000000000,num,null,219,null
TriggerRate,1722416550000000000,num,null,219,null
TriggerRate,1722416610000000000,num,null,224,null
TriggerRate,1722416670000000000,num,null,224,null
TriggerRate,1722416730000000000,num,null,241,null
TriggerRate,1722416790000000000,num,null,241,null
TriggerRate,1722416850000000000,num,null,228,null
TriggerRate,1722416910000000000,num,null,228,null
TriggerRate,1722416970000000000,num,null,307,null
TriggerRate,1722417030000000000,num,null,307,null
TriggerRate,1722417090000000000,num,null,317,null
TriggerRate,1722417150000000000,num,null,317,null
TriggerRate,1722417210000000000,num,null,284,null
TriggerRate,1722417270000000000,num,null,284,null
TriggerRate,1722417330000000000,num,null,310,null
TriggerRate,1722417390000000000,num,null,310,null
TriggerRate,1722417450000000000,num,null,316,null
TriggerRate,1722417510000000000,num,null,316,null
TriggerRate,1722417570000000000,num,null,347,null
TriggerRate,1722417630000000000,num,null,347,null
TriggerRate,1722417690000000000,num,null,371,null
TriggerRate,1722417750000000000,num,null,371,null
TriggerRate,1722417810000000000,num,null,386,null
TriggerRate,1722417870000000000,num,null,386,null
TriggerRate,1722417930000000000,num,null,374,null
TriggerRate,1722417990000000000,num,null,374,null
TriggerRate,1722418050000000000,num,null,441,null
TriggerRate,1722418110000000000,num,null,441,null
TriggerRate,1722418170000000000,num,null,448,null
TriggerRate,1722418230000000000,num,null,448,null
TriggerRate,1722418290000000000,num,null,408,null
TriggerRate,1722418350000000000,num,null,408,null
TriggerRate,1722418410000000000,num,null,487,null
TriggerRate,1722418470000000000,num,null,487,null
TriggerRate,1722418530000000000,num,null,524,null
TriggerRate,1722418590000000000,num,null,524,null
TriggerRate,1722418650000000000,num,null,525,null
TriggerRate,1722418710000000000,num,null,525,null
TriggerRate,1722418770000000000,num,null,558,null
TriggerRate,1722418830000000000,num,null,558,null
TriggerRate,1722418890000000000,num,null,584,null
TriggerRate,1722418950000000000,num,null,584,null
TriggerRate,1722419010000000000,num,null,582,null
TriggerRate,1722419070000000000,num,null,582,null
TriggerRate,1722419130000000000,num,null,625,null
TriggerRate,1722419190000000000,num,null,625,null
TriggerRate,1722419250000000000,num,null,675,null
TriggerRate,1722419310000000000,num,null,675,null
TriggerRate,1722419370000000000,num,null,757,null
TriggerRate,1722419430000000000,num,null,757,null
TriggerRate,1722419490000000000,num,null,703,null
TriggerRate,1722419550000000000,num,null,703,null
TriggerRate,1722419610000000000,num,null,739,null
TriggerRate,1722419670000000000,num,null,739,null
TriggerRate,1722419730000000000,num,null,788,null
TriggerRate,1722419790000000000,num,null,788,null
TriggerRate,1722419850000000000,num,null,789,null
TriggerRate,1722419880000000000,num,null,789,null
TriggerRate,1722419940000000000,num,null,491,null
TriggerRate,1722481227000000000,num,null,0,null
TriggerRate,1722481287000000000,num,null,0,null
TriggerRate,1722481377000000000,num,null,0,null
TriggerRate,1722481407000000000,num,null,0,null
TriggerRate,1722481467000000000,num,null,0,null
TriggerRate,1722481527000000000,num,null,0,null
TriggerRate,1722481587000000000,num,null,0,null
TriggerRate,1722481647000000000,num,null,0,null
TriggerRate,1722481737000000000,num,null,103,null
TriggerRate,1722481767000000000,num,null,103,null
TriggerRate,1722481827000000000,num,null,97,null
TriggerRate,1722481887000000000,num,null,45,null
TriggerRate,1722481947000000000,num,null,45,null
TriggerRate,1722482007000000000,num,null,45,null
TriggerRate,1722482097000000000,num,null,45,null
TriggerRate,1722482157000000000,num,null,45,null
TriggerRate,1722482187000000000,num,null,45,null
TriggerRate,1722482217000000000,num,null,45,null
TriggerRate,1722482547000000000,num,null,0,null
TriggerRate,1722482607000000000,num,null,0,null
TriggerRate,1722482727000000000,num,null,0,null
TriggerRate,1722482817000000000,num,null,0,null
TriggerRate,1722482847000000000,num,null,0,null
TriggerRate,1722482907000000000,num,null,0,null
TriggerRate,1722482967000000000,num,null,0,null
TriggerRate,1722483027000000000,num,null,109,null
TriggerRate,1722483087000000000,num,null,109,null
TriggerRate,1722483147000000000,num,null,97,null
TriggerRate,1722483207000000000,num,null,97,null
TriggerRate,1722483267000000000,num,null,97,null
TriggerRate,1722483327000000000,num,null,97,null
TriggerRate,1722483387000000000,num,null,97,null
TriggerRate,1722483447000000000,num,null,97,null
TriggerRate,1722483537000000000,num,null,97,null
TriggerRate,1722483567000000000,num,null,97,null
TriggerRate,1722483627000000000,num,null,97,null
TriggerRate,1722483687000000000,num,null,97,null
TriggerRate,1722483747000000000,num,null,97,null
TriggerRate,1722483807000000000,num,null,97,null
TriggerRate,1722483897000000000,num,null,97,null
TriggerRate,1722483927000000000,num,null,97,null
TriggerRate,1722483987000000000,num,null,97,null
TriggerRate,1722484047000000000,num,null,97,null
TriggerRate,1722484107000000000,num,null,97,null
TriggerRate,1722484167000000000,num,null,97,null
TriggerRate,1722484257000000000,num,null,75,null
TriggerRate,1722484287000000000,num,null,75,null
TriggerRate,1722484347000000000,num,null,75,null
TriggerRate,1722484407000000000,num,null,75,null
TriggerRate,1722484467000000000,num,null,75,null
TriggerRate,1722484527000000000,num,null,75,null
TriggerRate,1722484617000000000,num,null,75,null
TriggerRate,1722484647000000000,num,null,75,null
TriggerRate,1722484707000000000,num,null,75,null
TriggerRate,1722484767000000000,num,null,75,null
TriggerRate,1722484827000000000,num,null,75,null
TriggerRate,1722484887000000000,num,null,75,null
TriggerRate,1722484977000000000,num,null,75,null
TriggerRate,1722485007000000000,num,null,75,null
TriggerRate,1722485067000000000,num,null,75,null
TriggerRate,1722485127000000000,num,null,75,null
TriggerRate,1722485187000000000,num,null,75,null
TriggerRate,1722485247000000000,num,null,75,null
TriggerRate,1722485307000000000,num,null,75,null
TriggerRate,1722485367000000000,num,null,75,null
TriggerRate,1722485427000000000,num,null,75,null
TriggerRate,1722485487000000000,num,null,75,null
TriggerRate,1722485547000000000,num,null,75,null
TriggerRate,1722485607000000000,num,null,75,null
TriggerRate,1722485667000000000,num,null,75,null
TriggerRate,1722485727000000000,num,null,75,null
TriggerRate,1722485787000000000,num,null,75,null
TriggerRate,1722485847000000000,num,null,75,null
TriggerRate,1722485937000000000,num,null,75,null
TriggerRate,1722486147000000000,num,null,75,null
TriggerRate,1722486207000000000,num,null,75,null
TriggerRate,1722486297000000000,num,null,75,null
TriggerRate,1722486387000000000,num,null,75,null
TriggerRate,1722486447000000000,num,null,75,null
TriggerRate,1722486477000000000,num,null,75,null
TriggerRate,1722486927000000000,num,null,75,null
TriggerRate,1722487017000000000,num,null,75,null
TriggerRate,1722487047000000000,num,null,75,null
TriggerRate,1722487107000000000,num,null,65535,null
TriggerRate,1722487167000000000,num,null,65535,null
TriggerRate,1722487227000000000,num,null,2802,null
TriggerRate,1722487287000000000,num,null,2802,null
TriggerRate,1722487347000000000,num,null,213,null
TriggerRate,1722487407000000000,num,null,213,null
TriggerRate,1722487467000000000,num,null,254,null
TriggerRate,1722487527000000000,num,null,254,null
TriggerRate,1722487587000000000,num,null,213,null
TriggerRate,1722487647000000000,num,null,213,null
TriggerRate,1722487737000000000,num,null,3999,null
TriggerRate,1722487767000000000,num,null,3999,null
TriggerRate,1722487827000000000,num,null,159,null
TriggerRate,1722487887000000000,num,null,159,null
TriggerRate,1722487947000000000,num,null,194,null
TriggerRate,1722488007000000000,num,null,194,null
TriggerRate,1722488067000000000,num,null,183,null
TriggerRate,1722488127000000000,num,null,183,null
TriggerRate,1722488187000000000,num,null,160,null
TriggerRate,1722488247000000000,num,null,57,null
TriggerRate,1722488307000000000,num,null,57,null
TriggerRate,1722488367000000000,num,null,57,null
TriggerRate,1722488727000000000,num,null,57,null
TriggerRate,1722488787000000000,num,null,57,null
TriggerRate,1722488847000000000,num,null,57,null
TriggerRate,1722488907000000000,num,null,65535,null
TriggerRate,1722488967000000000,num,null,65535,null
TriggerRate,1722489027000000000,num,null,90,null
TriggerRate,1722489087000000000,num,null,90,null
TriggerRate,1722489147000000000,num,null,73,null
TriggerRate,1722489207000000000,num,null,73,null
TriggerRate,1722489267000000000,num,null,86,null
TriggerRate,1722489327000000000,num,null,86,null
TriggerRate,1722489387000000000,num,null,96,null
TriggerRate,1722489447000000000,num,null,96,null
TriggerRate,1722489507000000000,num,null,3671,null
TriggerRate,1722489567000000000,num,null,3671,null
TriggerRate,1722489627000000000,num,null,89,null
TriggerRate,1722489687000000000,num,null,89,null
TriggerRate,1722489747000000000,num,null,789,null
TriggerRate,1722489807000000000,num,null,789,null
TriggerRate,1722489867000000000,num,null,3999,null
TriggerRate,1722489927000000000,num,null,3999,null
TriggerRate,1722489987000000000,num,null,94,null
TriggerRate,1722490047000000000,num,null,94,null
TriggerRate,1722490107000000000,num,null,94,null
TriggerRate,1722490167000000000,num,null,94,null
TriggerRate,1722490227000000000,num,null,3794,null
TriggerRate,1722490287000000000,num,null,3794,null
TriggerRate,1722490347000000000,num,null,99,null
TriggerRate,1722490407000000000,num,null,99,null
TriggerRate,1722490467000000000,num,null,91,null
TriggerRate,1722490527000000000,num,null,91,null
TriggerRate,1722490587000000000,num,null,94,null
TriggerRate,1722490647000000000,num,null,94,null
TriggerRate,1722490737000000000,num,null,94,null
TriggerRate,1722490767000000000,num,null,94,null
TriggerRate,1722490827000000000,num,null,98,null
TriggerRate,1722490887000000000,num,null,98,null
TriggerRate,1722490947000000000,num,null,99,null
TriggerRate,1722491007000000000,num,null,99,null
TriggerRate,1722491067000000000,num,null,88,null
TriggerRate,1722491127000000000,num,null,88,null
TriggerRate,1722491187000000000,num,null,3999,null
TriggerRate,1722491247000000000,num,null,3999,null
TriggerRate,1722491307000000000,num,null,97,null
TriggerRate,1722491367000000000,num,null,97,null
TriggerRate,1722491427000000000,num,null,102,null
TriggerRate,1722491487000000000,num,null,102,null
TriggerRate,1722491547000000000,num,null,94,null
TriggerRate,1722491607000000000,num,null,94,null
TriggerRate,1722491667000000000,num,null,87,null
TriggerRate,1722491727000000000,num,null,87,null
TriggerRate,1722491787000000000,num,null,94,null
TriggerRate,1722491847000000000,num,null,94,null
TriggerRate,1722491907000000000,num,null,99,null
TriggerRate,1722491967000000000,num,null,99,null
TriggerRate,1722492027000000000,num,null,3999,null
TriggerRate,1722492087000000000,num,null,3999,null
TriggerRate,1722492147000000000,num,null,199,null
TriggerRate,1722492207000000000,num,null,199,null
TriggerRate,1722492267000000000,num,null,87,null
TriggerRate,1722492327000000000,num,null,87,null
TriggerRate,1722492387000000000,num,null,79,null
TriggerRate,1722492447000000000,num,null,79,null
TriggerRate,1722492507000000000,num,null,94,null
TriggerRate,1722492567000000000,num,null,94,null
TriggerRate,1722492627000000000,num,null,94,null
TriggerRate,1722492687000000000,num,null,94,null
TriggerRate,1722492747000000000,num,null,97,null
TriggerRate,1722492837000000000,num,null,97,null
TriggerRate,1722492867000000000,num,null,79,null
TriggerRate,1722492927000000000,num,null,79,null
TriggerRate,1722493017000000000,num,null,102,null
TriggerRate,1722493047000000000,num,null,102,null
TriggerRate,1722493107000000000,num,null,87,null
TriggerRate,1722493167000000000,num,null,87,null
TriggerRate,1722493227000000000,num,null,101,null
TriggerRate,1722493287000000000,num,null,101,null
TriggerRate,1722493347000000000,num,null,78,null
TriggerRate,1722493407000000000,num,null,78,null
TriggerRate,1722493467000000000,num,null,80,null
TriggerRate,1722493527000000000,num,null,80,null
TriggerRate,1722493587000000000,num,null,2375,null
TriggerRate,1722493647000000000,num,null,2375,null
TriggerRate,1722493707000000000,num,null,87,null
TriggerRate,1722493767000000000,num,null,87,null
TriggerRate,1722493827000000000,num,null,73,null
TriggerRate,1722493887000000000,num,null,73,null
TriggerRate,1722493947000000000,num,null,89,null
TriggerRate,1722494007000000000,num,null,89,null
TriggerRate,1722494067000000000,num,null,91,null
TriggerRate,1722494127000000000,num,null,91,null
TriggerRate,1722494187000000000,num,null,75,null
TriggerRate,1722494247000000000,num,null,75,null
TriggerRate,1722494307000000000,num,null,94,null
TriggerRate,1722494367000000000,num,null,94,null
TriggerRate,1722494427000000000,num,null,83,null
TriggerRate,1722494487000000000,num,null,83,null
TriggerRate,1722494547000000000,num,null,102,null
TriggerRate,1722494607000000000,num,null,102,null
TriggerRate,1722494667000000000,num,null,81,null
TriggerRate,1722494727000000000,num,null,81,null
TriggerRate,1722494787000000000,num,null,79,null
TriggerRate,1722494847000000000,num,null,79,null
TriggerRate,1722494907000000000,num,null,136,null
TriggerRate,1722494967000000000,num,null,136,null
TriggerRate,1722495027000000000,num,null,96,null
TriggerRate,1722495087000000000,num,null,96,null
TriggerRate,1722495147000000000,num,null,79,null
TriggerRate,1722495207000000000,num,null,79,null
TriggerRate,1722495267000000000,num,null,103,null
TriggerRate,1722495327000000000,num,null,103,null
TriggerRate,1722495387000000000,num,null,102,null
TriggerRate,1722495447000000000,num,null,102,null
TriggerRate,1722495507000000000,num,null,1349,null
TriggerRate,1722495567000000000,num,null,1349,null
TriggerRate,1722495627000000000,num,null,75,null
TriggerRate,1722495687000000000,num,null,75,null
TriggerRate,1722495747000000000,num,null,96,null
TriggerRate,1722495807000000000,num,null,96,null
TriggerRate,1722495867000000000,num,null,69,null
TriggerRate,1722495927000000000,num,null,69,null
TriggerRate,1722495987000000000,num,null,78,null
TriggerRate,1722496047000000000,num,null,78,null
TriggerRate,1722496107000000000,num,null,101,null
TriggerRate,1722496167000000000,num,null,101,null
TriggerRate,1722496227000000000,num,null,86,null
TriggerRate,1722496287000000000,num,null,86,null
TriggerRate,1722496347000000000,num,null,103,null
TriggerRate,1722496407000000000,num,null,103,null
TriggerRate,1722496467000000000,num,null,104,null
TriggerRate,1722496527000000000,num,null,104,null
TriggerRate,1722496587000000000,num,null,93,null
TriggerRate,1722496647000000000,num,null,93,null
TriggerRate,1722496707000000000,num,null,98,null
TriggerRate,1722496767000000000,num,null,98,null
TriggerRate,1722496827000000000,num,null,90,null
TriggerRate,1722496887000000000,num,null,90,null
TriggerRate,1722496947000000000,num,null,108,null
TriggerRate,1722497007000000000,num,null,108,null
TriggerRate,1722497067000000000,num,null,3432,null
TriggerRate,1722497127000000000,num,null,3432,null
TriggerRate,1722497187000000000,num,null,102,null
TriggerRate,1722497247000000000,num,null,102,null
TriggerRate,1722497307000000000,num,null,92,null
TriggerRate,1722497367000000000,num,null,92,null
TriggerRate,1722497427000000000,num,null,77,null
TriggerRate,1722497487000000000,num,null,77,null
TriggerRate,1722497547000000000,num,null,90,null
TriggerRate,1722497607000000000,num,null,90,null
TriggerRate,1722497697000000000,num,null,106,null
TriggerRate,1722497727000000000,num,null,106,null
TriggerRate,1722497787000000000,num,null,94,null
TriggerRate,1722497847000000000,num,null,94,null
TriggerRate,1722497907000000000,num,null,95,null
TriggerRate,1722497967000000000,num,null,95,null
TriggerRate,1722498027000000000,num,null,87,null
TriggerRate,1722498087000000000,num,null,87,null
TriggerRate,1722498147000000000,num,null,118,null
TriggerRate,1722498207000000000,num,null,118,null
TriggerRate,1722498267000000000,num,null,112,null
TriggerRate,1722498327000000000,num,null,112,null
TriggerRate,1722498387000000000,num,null,2915,null
TriggerRate,1722498447000000000,num,null,2915,null
TriggerRate,1722498507000000000,num,null,1573,null
TriggerRate,1722498567000000000,num,null,1573,null
TriggerRate,1722498627000000000,num,null,107,null
TriggerRate,1722498687000000000,num,null,107,null
TriggerRate,1722498747000000000,num,null,108,null
TriggerRate,1722498807000000000,num,null,108,null
TriggerRate,1722498867000000000,num,null,103,null
TriggerRate,1722498927000000000,num,null,103,null
TriggerRate,1722498987000000000,num,null,113,null
TriggerRate,1722499047000000000,num,null,113,null
TriggerRate,1722499137000000000,num,null,154,null
TriggerRate,1722499167000000000,num,null,154,null
TriggerRate,1722499227000000000,num,null,118,null
TriggerRate,1722499287000000000,num,null,118,null
TriggerRate,1722499347000000000,num,null,94,null
TriggerRate,1722499407000000000,num,null,94,null
TriggerRate,1722499497000000000,num,null,109,null
TriggerRate,1722499527000000000,num,null,109,null
TriggerRate,1722499587000000000,num,null,116,null
TriggerRate,1722499647000000000,num,null,116,null
TriggerRate,1722499707000000000,num,null,111,null
TriggerRate,1722499767000000000,num,null,111,null
TriggerRate,1722499857000000000,num,null,87,null
TriggerRate,1722499887000000000,num,null,87,null
TriggerRate,1722499947000000000,num,null,120,null
TriggerRate,1722500007000000000,num,null,120,null
TriggerRate,1722500067000000000,num,null,125,null
TriggerRate,1722500127000000000,num,null,125,null
TriggerRate,1722500217000000000,num,null,109,null
TriggerRate,1722500247000000000,num,null,109,null
TriggerRate,1722500307000000000,num,null,117,null
TriggerRate,1722500367000000000,num,null,117,null
TriggerRate,1722500427000000000,num,null,115,null
TriggerRate,1722500487000000000,num,null,115,null
TriggerRate,1722500577000000000,num,null,123,null
TriggerRate,1722500607000000000,num,null,123,null
TriggerRate,1722500667000000000,num,null,118,null
TriggerRate,1722500727000000000,num,null,118,null
TriggerRate,1722500787000000000,num,null,97,null
TriggerRate,1722500847000000000,num,null,97,null
TriggerRate,1722500937000000000,num,null,126,null
TriggerRate,1722500967000000000,num,null,126,null
TriggerRate,1722501027000000000,num,null,131,null
TriggerRate,1722501087000000000,num,null,131,null
TriggerRate,1722501147000000000,num,null,107,null
TriggerRate,1722501207000000000,num,null,107,null
TriggerRate,1722501297000000000,num,null,127,null
TriggerRate,1722501327000000000,num,null,127,null
TriggerRate,1722501387000000000,num,null,132,null
TriggerRate,1722501447000000000,num,null,132,null
TriggerRate,1722501507000000000,num,null,110,null
TriggerRate,1722501567000000000,num,null,110,null
TriggerRate,1722501627000000000,num,null,135,null
TriggerRate,1722501687000000000,num,null,135,null
TriggerRate,1722501747000000000,num,null,122,null
TriggerRate,1722501808000000000,num,null,122,null
TriggerRate,1722501868000000000,num,null,147,null
TriggerRate,1722501928000000000,num,null,147,null
TriggerRate,1722502018000000000,num,null,130,null
TriggerRate,1722502047000000000,num,null,130,null
TriggerRate,1722502107000000000,num,null,119,null
TriggerRate,1722502167000000000,num,null,119,null
TriggerRate,1722502228000000000,num,null,131,null
TriggerRate,1722502288000000000,num,null,131,null
TriggerRate,1722502378000000000,num,null,127,null
TriggerRate,1722502408000000000,num,null,127,null
TriggerRate,1722502467000000000,num,null,123,null
TriggerRate,1722502527000000000,num,null,123,null
TriggerRate,1722502587000000000,num,null,137,null
TriggerRate,1722502648000000000,num,null,137,null
TriggerRate,1722502738000000000,num,null,133,null
TriggerRate,1722502768000000000,num,null,133,null
TriggerRate,1722502828000000000,num,null,171,null
TriggerRate,1722502888000000000,num,null,171,null
TriggerRate,1722502948000000000,num,null,147,null
TriggerRate,1722503008000000000,num,null,147,null
TriggerRate,1722503098000000000,num,null,146,null
TriggerRate,1722503128000000000,num,null,146,null
TriggerRate,1722503188000000000,num,null,156,null
TriggerRate,1722503248000000000,num,null,156,null
TriggerRate,1722503308000000000,num,null,154,null
TriggerRate,1722503368000000000,num,null,154,null
TriggerRate,1722503458000000000,num,null,156,null
TriggerRate,1722503488000000000,num,null,156,null
TriggerRate,1722503548000000000,num,null,157,null
TriggerRate,1722503608000000000,num,null,157,null
TriggerRate,1722503668000000000,num,null,178,null
TriggerRate,1722503728000000000,num,null,178,null
TriggerRate,1722503818000000000,num,null,177,null
TriggerRate,1722503848000000000,num,null,177,null
TriggerRate,1722503908000000000,num,null,128,null
TriggerRate,1722503968000000000,num,null,128,null
TriggerRate,1722504028000000000,num,null,190,null
TriggerRate,1722504088000000000,num,null,190,null
TriggerRate,1722504178000000000,num,null,153,null
TriggerRate,1722504208000000000,num,null,153,null
TriggerRate,1722504268000000000,num,null,159,null
TriggerRate,1722504328000000000,num,null,159,null
TriggerRate,1722504388000000000,num,null,155,null
TriggerRate,1722504448000000000,num,null,155,null
TriggerRate,1722504508000000000,num,null,185,null
TriggerRate,1722504568000000000,num,null,185,null
TriggerRate,1722504628000000000,num,null,170,null
TriggerRate,1722504688000000000,num,null,170,null
TriggerRate,1722504748000000000,num,null,184,null
TriggerRate,1722504838000000000,num,null,184,null
TriggerRate,1722504868000000000,num,null,182,null
TriggerRate,1722504928000000000,num,null,182,null
TriggerRate,1722504988000000000,num,null,209,null
TriggerRate,1722505048000000000,num,null,209,null
TriggerRate,1722505108000000000,num,null,187,null
TriggerRate,1722505198000000000,num,null,187,null
TriggerRate,1722505228000000000,num,null,185,null
TriggerRate,1722505288000000000,num,null,185,null
TriggerRate,1722505348000000000,num,null,182,null
TriggerRate,1722505408000000000,num,null,182,null
TriggerRate,1722505468000000000,num,null,198,null
TriggerRate,1722505558000000000,num,null,198,null
TriggerRate,1722505588000000000,num,null,183,null
TriggerRate,1722505648000000000,num,null,183,null
TriggerRate,1722505708000000000,num,null,3999,null
TriggerRate,1722505768000000000,num,null,3999,null
TriggerRate,1722505828000000000,num,null,213,null
TriggerRate,1722505918000000000,num,null,213,null
TriggerRate,1722505948000000000,num,null,222,null
TriggerRate,1722506008000000000,num,null,222,null
TriggerRate,1722506068000000000,num,null,207,null
TriggerRate,1722506128000000000,num,null,207,null
TriggerRate,1722506188000000000,num,null,230,null
TriggerRate,1722506278000000000,num,null,230,null
TriggerRate,1722506308000000000,num,null,919,null
TriggerRate,1722506368000000000,num,null,919,null
TriggerRate,1722506428000000000,num,null,2147,null
TriggerRate,1722506488000000000,num,null,2147,null
TriggerRate,1722506548000000000,num,null,229,null
TriggerRate,1722506608000000000,num,null,229,null
TriggerRate,1722506668000000000,num,null,243,null
TriggerRate,1722506728000000000,num,null,243,null
TriggerRate,1722506788000000000,num,null,287,null
TriggerRate,1722506848000000000,num,null,287,null
TriggerRate,1722506908000000000,num,null,262,null
TriggerRate,1722506968000000000,num,null,262,null
TriggerRate,1722507028000000000,num,null,242,null
TriggerRate,1722507088000000000,num,null,242,null
TriggerRate,1722507148000000000,num,null,264,null
TriggerRate,1722507208000000000,num,null,264,null
TriggerRate,1722507268000000000,num,null,291,null
TriggerRate,1722507328000000000,num,null,291,null
TriggerRate,1722507388000000000,num,null,3999,null
TriggerRate,1722507448000000000,num,null,3999,null
TriggerRate,1722507508000000000,num,null,254,null
TriggerRate,1722507568000000000,num,null,254,null
TriggerRate,1722507628000000000,num,null,286,null
TriggerRate,1722507688000000000,num,null,286,null
TriggerRate,1722507748000000000,num,null,316,null
TriggerRate,1722507808000000000,num,null,316,null
TriggerRate,1722507868000000000,num,null,312,null
TriggerRate,1722507928000000000,num,null,312,null
TriggerRate,1722507988000000000,num,null,256,null
TriggerRate,1722508048000000000,num,null,256,null
TriggerRate,1722508108000000000,num,null,317,null
TriggerRate,1722508168000000000,num,null,317,null
TriggerRate,1722508228000000000,num,null,330,null
TriggerRate,1722508288000000000,num,null,330,null
TriggerRate,1722508378000000000,num,null,290,null
TriggerRate,1722508408000000000,num,null,290,null
TriggerRate,1722508468000000000,num,null,298,null
TriggerRate,1722508528000000000,num,null,298,null
TriggerRate,1722508588000000000,num,null,357,null
TriggerRate,1722508678000000000,num,null,357,null
TriggerRate,1722508708000000000,num,null,343,null
TriggerRate,1722508768000000000,num,null,343,null
TriggerRate,1722508828000000000,num,null,336,null
TriggerRate,1722508888000000000,num,null,336,null
TriggerRate,1722508948000000000,num,null,322,null
TriggerRate,1722509038000000000,num,null,322,null
TriggerRate,1722509068000000000,num,null,376,null
TriggerRate,1722509128000000000,num,null,376,null
TriggerRate,1722509188000000000,num,null,352,null
TriggerRate,1722509248000000000,num,null,352,null
TriggerRate,1722509308000000000,num,null,359,null
TriggerRate,1722509398000000000,num,null,359,null
TriggerRate,1722509428000000000,num,null,400,null
TriggerRate,1722509488000000000,num,null,400,null
TriggerRate,1722509548000000000,num,null,431,null
TriggerRate,1722509608000000000,num,null,431,null
TriggerRate,1722509668000000000,num,null,400,null
TriggerRate,1722509728000000000,num,null,400,null
TriggerRate,1722509788000000000,num,null,419,null
TriggerRate,1722509848000000000,num,null,419,null
TriggerRate,1722509908000000000,num,null,508,null
TriggerRate,1722509968000000000,num,null,508,null
TriggerRate,1722510028000000000,num,null,498,null
TriggerRate,1722510088000000000,num,null,498,null
TriggerRate,1722510148000000000,num,null,504,null
TriggerRate,1722510208000000000,num,null,504,null
TriggerRate,1722510268000000000,num,null,608,null
TriggerRate,1722510328000000000,num,null,608,null
TriggerRate,1722510388000000000,num,null,816,null
TriggerRate,1722510478000000000,num,null,816,null
TriggerRate,1722510508000000000,num,null,973,null
TriggerRate,1722510568000000000,num,null,973,null
TriggerRate,1722510628000000000,num,null,1238,null
TriggerRate,1722510688000000000,num,null,1238,null
TriggerRate,1722510748000000000,num,null,1878,null
TriggerRate,1722510838000000000,num,null,932,null
TriggerRate,1722568556000000000,num,null,0,null
TriggerRate,1722568586000000000,num,null,0,null
TriggerRate,1722568676000000000,num,null,0,null
TriggerRate,1722568736000000000,num,null,0,null
TriggerRate,1722568796000000000,num,null,0,null
TriggerRate,1722568826000000000,num,null,0,null
TriggerRate,1722568916000000000,num,null,48,null
TriggerRate,1722568976000000000,num,null,48,null
TriggerRate,1722569036000000000,num,null,97,null
TriggerRate,1722569096000000000,num,null,97,null
TriggerRate,1722569156000000000,num,null,97,null
TriggerRate,1722569186000000000,num,null,97,null
TriggerRate,1722569276000000000,num,null,97,null
TriggerRate,1722569336000000000,num,null,97,null
TriggerRate,1722569396000000000,num,null,97,null
TriggerRate,1722569456000000000,num,null,97,null
TriggerRate,1722569516000000000,num,null,97,null
TriggerRate,1722569546000000000,num,null,97,null
TriggerRate,1722569636000000000,num,null,97,null
TriggerRate,1722569696000000000,num,null,97,null
TriggerRate,1722569756000000000,num,null,97,null
TriggerRate,1722569816000000000,num,null,97,null
TriggerRate,1722569876000000000,num,null,97,null
TriggerRate,1722569936000000000,num,null,97,null
TriggerRate,1722569996000000000,num,null,97,null
TriggerRate,1722570026000000000,num,null,97,null
TriggerRate,1722570116000000000,num,null,92,null
TriggerRate,1722570176000000000,num,null,92,null
TriggerRate,1722570236000000000,num,null,92,null
TriggerRate,1722570296000000000,num,null,92,null
TriggerRate,1722570356000000000,num,null,92,null
TriggerRate,1722570416000000000,num,null,92,null
TriggerRate,1722570476000000000,num,null,92,null
TriggerRate,1722570536000000000,num,null,92,null
TriggerRate,1722570596000000000,num,null,92,null
TriggerRate,1722570656000000000,num,null,92,null
TriggerRate,1722570716000000000,num,null,92,null
TriggerRate,1722570776000000000,num,null,92,null
TriggerRate,1722570806000000000,num,null,92,null
TriggerRate,1722570866000000000,num,null,92,null
TriggerRate,1722570956000000000,num,null,92,null
TriggerRate,1722571016000000000,num,null,92,null
TriggerRate,1722571076000000000,num,null,92,null
TriggerRate,1722571136000000000,num,null,92,null
TriggerRate,1722571196000000000,num,null,92,null
TriggerRate,1722571256000000000,num,null,92,null
TriggerRate,1722571316000000000,num,null,92,null
TriggerRate,1722571376000000000,num,null,92,null
TriggerRate,1722571436000000000,num,null,92,null
TriggerRate,1722571496000000000,num,null,92,null
TriggerRate,1722571556000000000,num,null,92,null
TriggerRate,1722571616000000000,num,null,92,null
TriggerRate,1722571646000000000,num,null,92,null
TriggerRate,1722571886000000000,num,null,92,null
TriggerRate,1722571976000000000,num,null,92,null
TriggerRate,1722572036000000000,num,null,92,null
TriggerRate,1722572096000000000,num,null,92,null
TriggerRate,1722572126000000000,num,null,92,null
TriggerRate,1722572216000000000,num,null,92,null
TriggerRate,1722572276000000000,num,null,92,null
TriggerRate,1722572306000000000,num,null,92,null
TriggerRate,1722572336000000000,num,null,92,null
TriggerRate,1722572936000000000,num,null,92,null
TriggerRate,1722572996000000000,num,null,92,null
TriggerRate,1722573056000000000,num,null,92,null
TriggerRate,1722573116000000000,num,null,65535,null
TriggerRate,1722573176000000000,num,null,65535,null
TriggerRate,1722573236000000000,num,null,3999,null
TriggerRate,1722573296000000000,num,null,3999,null
TriggerRate,1722573356000000000,num,null,3999,null
TriggerRate,1722573416000000000,num,null,3999,null
TriggerRate,1722573446000000000,num,null,3999,null
TriggerRate,1722573506000000000,num,null,3999,null
TriggerRate,1722573596000000000,num,null,3999,null
TriggerRate,1722573656000000000,num,null,3999,null
TriggerRate,1722573716000000000,num,null,3999,null
TriggerRate,1722573776000000000,num,null,3999,null
TriggerRate,1722573836000000000,num,null,3999,null
TriggerRate,1722573896000000000,num,null,3999,null
TriggerRate,1722573926000000000,num,null,3999,null
TriggerRate,1722574466000000000,num,null,65535,null
TriggerRate,1722574526000000000,num,null,3999,null
TriggerRate,1722574586000000000,num,null,3999,null
TriggerRate,1722574676000000000,num,null,3999,null
TriggerRate,1722574736000000000,num,null,3999,null
TriggerRate,1722574796000000000,num,null,3999,null
TriggerRate,1722574856000000000,num,null,3999,null
TriggerRate,1722574886000000000,num,null,3999,null
TriggerRate,1722574946000000000,num,null,3999,null
TriggerRate,1722575006000000000,num,null,3999,null
TriggerRate,1722575390000000000,num,null,0,null
TriggerRate,1722575450000000000,num,null,0,null
TriggerRate,1722575690000000000,num,null,0,null
TriggerRate,1722575750000000000,num,null,0,null
TriggerRate,1722575810000000000,num,null,0,null
TriggerRate,1722575870000000000,num,null,0,null
TriggerRate,1722575930000000000,num,null,0,null
TriggerRate,1722576530000000000,num,null,0,null
TriggerRate,1722576590000000000,num,null,0,null
TriggerRate,1722576650000000000,num,null,0,null
TriggerRate,1722576710000000000,num,null,107,null
TriggerRate,1722576770000000000,num,null,107,null
TriggerRate,1722576830000000000,num,null,190,null
TriggerRate,1722576890000000000,num,null,190,null
TriggerRate,1722576950000000000,num,null,66,null
TriggerRate,1722577010000000000,num,null,66,null
TriggerRate,1722577070000000000,num,null,78,null
TriggerRate,1722577130000000000,num,null,78,null
TriggerRate,1722577190000000000,num,null,90,null
TriggerRate,1722577250000000000,num,null,90,null
TriggerRate,1722577310000000000,num,null,77,null
TriggerRate,1722577370000000000,num,null,77,null
TriggerRate,1722577430000000000,num,null,369,null
TriggerRate,1722577490000000000,num,null,369,null
TriggerRate,1722577550000000000,num,null,96,null
TriggerRate,1722577610000000000,num,null,96,null
TriggerRate,1722577670000000000,num,null,83,null
TriggerRate,1722577730000000000,num,null,83,null
TriggerRate,1722577790000000000,num,null,92,null
TriggerRate,1722577850000000000,num,null,92,null
TriggerRate,1722577910000000000,num,null,82,null
TriggerRate,1722577970000000000,num,null,82,null
TriggerRate,1722578030000000000,num,null,84,null
TriggerRate,1722578090000000000,num,null,84,null
TriggerRate,1722578150000000000,num,null,99,null
TriggerRate,1722578210000000000,num,null,99,null
TriggerRate,1722578270000000000,num,null,82,null
TriggerRate,1722578330000000000,num,null,82,null
TriggerRate,1722578390000000000,num,null,80,null
TriggerRate,1722578450000000000,num,null,80,null
TriggerRate,1722578510000000000,num,null,89,null
TriggerRate,1722578570000000000,num,null,89,null
TriggerRate,1722578630000000000,num,null,97,null
TriggerRate,1722578690000000000,num,null,97,null
TriggerRate,1722578750000000000,num,null,3999,null
TriggerRate,1722578810000000000,num,null,3999,null
TriggerRate,1722578870000000000,num,null,76,null
TriggerRate,1722578930000000000,num,null,76,null
TriggerRate,1722578990000000000,num,null,84,null
TriggerRate,1722579050000000000,num,null,84,null
TriggerRate,1722579110000000000,num,null,114,null
TriggerRate,1722579170000000000,num,null,114,null
TriggerRate,1722579230000000000,num,null,101,null
TriggerRate,1722579290000000000,num,null,101,null
TriggerRate,1722579350000000000,num,null,90,null
TriggerRate,1722579410000000000,num,null,90,null
TriggerRate,1722579470000000000,num,null,89,null
TriggerRate,1722579530000000000,num,null,89,null
TriggerRate,1722579590000000000,num,null,111,null
TriggerRate,1722579650000000000,num,null,111,null
TriggerRate,1722579710000000000,num,null,99,null
TriggerRate,1722579770000000000,num,null,99,null
TriggerRate,1722579830000000000,num,null,78,null
TriggerRate,1722579890000000000,num,null,78,null
TriggerRate,1722579950000000000,num,null,84,null
TriggerRate,1722580010000000000,num,null,84,null
TriggerRate,1722580070000000000,num,null,111,null
TriggerRate,1722580130000000000,num,null,111,null
TriggerRate,1722580190000000000,num,null,91,null
TriggerRate,1722580250000000000,num,null,91,null
TriggerRate,1722580310000000000,num,null,97,null
TriggerRate,1722580370000000000,num,null,97,null
TriggerRate,1722580430000000000,num,null,87,null
TriggerRate,1722580490000000000,num,null,87,null
TriggerRate,1722580550000000000,num,null,93,null
TriggerRate,1722580610000000000,num,null,93,null
TriggerRate,1722580670000000000,num,null,87,null
TriggerRate,1722580730000000000,num,null,87,null
TriggerRate,1722580790000000000,num,null,86,null
TriggerRate,1722580850000000000,num,null,86,null
TriggerRate,1722580910000000000,num,null,79,null
TriggerRate,1722580970000000000,num,null,79,null
TriggerRate,1722581030000000000,num,null,94,null
TriggerRate,1722581090000000000,num,null,94,null
TriggerRate,1722581150000000000,num,null,111,null
TriggerRate,1722581210000000000,num,null,111,null
TriggerRate,1722581270000000000,num,null,82,null
TriggerRate,1722581330000000000,num,null,82,null
TriggerRate,1722581390000000000,num,null,92,null
TriggerRate,1722581450000000000,num,null,92,null
TriggerRate,1722581510000000000,num,null,118,null
TriggerRate,1722581570000000000,num,null,118,null
TriggerRate,1722581630000000000,num,null,99,null
TriggerRate,1722581690000000000,num,null,99,null
TriggerRate,1722581750000000000,num,null,102,null
TriggerRate,1722581810000000000,num,null,102,null
TriggerRate,1722581870000000000,num,null,94,null
TriggerRate,1722581930000000000,num,null,94,null
TriggerRate,1722581990000000000,num,null,115,null
TriggerRate,1722582050000000000,num,null,115,null
TriggerRate,1722582110000000000,num,null,91,null
TriggerRate,1722582170000000000,num,null,91,null
TriggerRate,1722582230000000000,num,null,3999,null
TriggerRate,1722582290000000000,num,null,3999,null
TriggerRate,1722582350000000000,num,null,104,null
TriggerRate,1722582410000000000,num,null,104,null
TriggerRate,1722582470000000000,num,null,2599,null
TriggerRate,1722582530000000000,num,null,2599,null
TriggerRate,1722582590000000000,num,null,85,null
TriggerRate,1722582650000000000,num,null,85,null
TriggerRate,1722582710000000000,num,null,84,null
TriggerRate,1722582770000000000,num,null,84,null
TriggerRate,1722582830000000000,num,null,129,null
TriggerRate,1722582890000000000,num,null,129,null
TriggerRate,1722582950000000000,num,null,3676,null
TriggerRate,1722583010000000000,num,null,3676,null
TriggerRate,1722583070000000000,num,null,727,null
TriggerRate,1722583130000000000,num,null,727,null
TriggerRate,1722583190000000000,num,null,101,null
TriggerRate,1722583250000000000,num,null,101,null
TriggerRate,1722583310000000000,num,null,2037,null
TriggerRate,1722583370000000000,num,null,2037,null
TriggerRate,1722583430000000000,num,null,113,null
TriggerRate,1722583490000000000,num,null,113,null
TriggerRate,1722583550000000000,num,null,97,null
TriggerRate,1722583610000000000,num,null,97,null
TriggerRate,1722583670000000000,num,null,82,null
TriggerRate,1722583730000000000,num,null,82,null
TriggerRate,1722583790000000000,num,null,91,null
TriggerRate,1722583850000000000,num,null,91,null
TriggerRate,1722583910000000000,num,null,107,null
TriggerRate,1722583970000000000,num,null,107,null
TriggerRate,1722584030000000000,num,null,207,null
TriggerRate,1722584090000000000,num,null,207,null
TriggerRate,1722584150000000000,num,null,116,null
TriggerRate,1722584210000000000,num,null,116,null
TriggerRate,1722584270000000000,num,null,3999,null
TriggerRate,1722584330000000000,num,null,3999,null
TriggerRate,1722584390000000000,num,null,100,null
TriggerRate,1722584450000000000,num,null,100,null
TriggerRate,1722584510000000000,num,null,103,null
TriggerRate,1722584570000000000,num,null,103,null
TriggerRate,1722584630000000000,num,null,1125,null
TriggerRate,1722584690000000000,num,null,1125,null
TriggerRate,1722584750000000000,num,null,89,null
TriggerRate,1722584810000000000,num,null,89,null
TriggerRate,1722584870000000000,num,null,3709,null
TriggerRate,1722584930000000000,num,null,3709,null
TriggerRate,1722584990000000000,num,null,89,null
TriggerRate,1722585050000000000,num,null,89,null
TriggerRate,1722585110000000000,num,null,108,null
TriggerRate,1722585170000000000,num,null,108,null
TriggerRate,1722585230000000000,num,null,97,null
TriggerRate,1722585290000000000,num,null,97,null
TriggerRate,1722585350000000000,num,null,981,null
TriggerRate,1722585410000000000,num,null,981,null
TriggerRate,1722585470000000000,num,null,77,null
TriggerRate,1722585530000000000,num,null,77,null
TriggerRate,1722585590000000000,num,null,75,null
TriggerRate,1722585650000000000,num,null,75,null
TriggerRate,1722585710000000000,num,null,85,null
TriggerRate,1722585770000000000,num,null,85,null
TriggerRate,1722585830000000000,num,null,95,null
TriggerRate,1722585890000000000,num,null,95,null
TriggerRate,1722585950000000000,num,null,87,null
TriggerRate,1722586010000000000,num,null,87,null
TriggerRate,1722586070000000000,num,null,101,null
TriggerRate,1722586130000000000,num,null,101,null
TriggerRate,1722586190000000000,num,null,82,null
TriggerRate,1722586250000000000,num,null,82,null
TriggerRate,1722586310000000000,num,null,81,null
TriggerRate,1722586370000000000,num,null,81,null
TriggerRate,1722586430000000000,num,null,91,null
TriggerRate,1722586490000000000,num,null,91,null
TriggerRate,1722586550000000000,num,null,69,null
TriggerRate,1722586610000000000,num,null,69,null
TriggerRate,1722586670000000000,num,null,91,null
TriggerRate,1722586730000000000,num,null,91,null
TriggerRate,1722586790000000000,num,null,99,null
TriggerRate,1722586850000000000,num,null,99,null
TriggerRate,1722586910000000000,num,null,870,null
TriggerRate,1722586970000000000,num,null,870,null
TriggerRate,1722587030000000000,num,null,108,null
TriggerRate,1722587090000000000,num,null,108,null
TriggerRate,1722587150000000000,num,null,93,null
TriggerRate,1722587210000000000,num,null,93,null
TriggerRate,1722587270000000000,num,null,91,null
TriggerRate,1722587330000000000,num,null,91,null
TriggerRate,1722587390000000000,num,null,79,null
TriggerRate,1722587450000000000,num,null,79,null
TriggerRate,1722587510000000000,num,null,81,null
TriggerRate,1722587570000000000,num,null,81,null
TriggerRate,1722587630000000000,num,null,96,null
TriggerRate,1722587690000000000,num,null,96,null
TriggerRate,1722587750000000000,num,null,106,null
TriggerRate,1722587810000000000,num,null,106,null
TriggerRate,1722587870000000000,num,null,70,null
TriggerRate,1722587930000000000,num,null,70,null
TriggerRate,1722587990000000000,num,null,96,null
TriggerRate,1722588050000000000,num,null,96,null
TriggerRate,1722588110000000000,num,null,77,null
TriggerRate,1722588170000000000,num,null,77,null
TriggerRate,1722588230000000000,num,null,93,null
TriggerRate,1722588290000000000,num,null,93,null
TriggerRate,1722588350000000000,num,null,74,null
TriggerRate,1722588410000000000,num,null,74,null
TriggerRate,1722588470000000000,num,null,90,null
TriggerRate,1722588530000000000,num,null,90,null
TriggerRate,1722588590000000000,num,null,88,null
TriggerRate,1722588650000000000,num,null,88,null
TriggerRate,1722588710000000000,num,null,91,null
TriggerRate,1722588770000000000,num,null,91,null
TriggerRate,1722588830000000000,num,null,104,null
TriggerRate,1722588890000000000,num,null,104,null
TriggerRate,1722589070000000000,num,null,93,null
TriggerRate,1722589130000000000,num,null,93,null
TriggerRate,1722589190000000000,num,null,76,null
TriggerRate,1722589250000000000,num,null,76,null
TriggerRate,1722589310000000000,num,null,90,null
TriggerRate,1722589370000000000,num,null,90,null
TriggerRate,1722589430000000000,num,null,78,null
TriggerRate,1722589490000000000,num,null,78,null
TriggerRate,1722589550000000000,num,null,79,null
TriggerRate,1722589610000000000,num,null,79,null
TriggerRate,1722589670000000000,num,null,100,null
TriggerRate,1722589730000000000,num,null,100,null
TriggerRate,1722589790000000000,num,null,86,null
TriggerRate,1722589850000000000,num,null,86,null
TriggerRate,1722589910000000000,num,null,77,null
TriggerRate,1722589970000000000,num,null,77,null
TriggerRate,1722590030000000000,num,null,99,null
TriggerRate,1722590090000000000,num,null,99,null
TriggerRate,1722590150000000000,num,null,76,null
TriggerRate,1722590210000000000,num,null,76,null
TriggerRate,1722590270000000000,num,null,93,null
TriggerRate,1722590330000000000,num,null,93,null
TriggerRate,1722590390000000000,num,null,73,null
TriggerRate,1722590450000000000,num,null,73,null
TriggerRate,1722590510000000000,num,null,86,null
TriggerRate,1722590570000000000,num,null,86,null
TriggerRate,1722590630000000000,num,null,83,null
TriggerRate,1722590690000000000,num,null,83,null
TriggerRate,1722590750000000000,num,null,92,null
TriggerRate,1722590810000000000,num,null,92,null
TriggerRate,1722590870000000000,num,null,79,null
TriggerRate,1722590930000000000,num,null,79,null
TriggerRate,1722590990000000000,num,null,87,null
TriggerRate,1722591050000000000,num,null,87,null
TriggerRate,1722591110000000000,num,null,81,null
TriggerRate,1722591170000000000,num,null,81,null
TriggerRate,1722591230000000000,num,null,87,null
TriggerRate,1722591290000000000,num,null,87,null
TriggerRate,1722591350000000000,num,null,87,null
TriggerRate,1722591410000000000,num,null,87,null
TriggerRate,1722591470000000000,num,null,79,null
TriggerRate,1722591530000000000,num,null,79,null
TriggerRate,1722591590000000000,num,null,95,null
TriggerRate,1722591650000000000,num,null,95,null
TriggerRate,1722591710000000000,num,null,98,null
TriggerRate,1722591770000000000,num,null,98,null
TriggerRate,1722591830000000000,num,null,3999,null
TriggerRate,1722591890000000000,num,null,3999,null
TriggerRate,1722591950000000000,num,null,111,null
TriggerRate,1722592010000000000,num,null,111,null
TriggerRate,1722592070000000000,num,null,78,null
TriggerRate,1722592130000000000,num,null,78,null
TriggerRate,1722592190000000000,num,null,90,null
TriggerRate,1722592250000000000,num,null,90,null
TriggerRate,1722592310000000000,num,null,3999,null
TriggerRate,1722592370000000000,num,null,3999,null
TriggerRate,1722592430000000000,num,null,98,null
TriggerRate,1722592490000000000,num,null,98,null
TriggerRate,1722592550000000000,num,null,87,null
TriggerRate,1722592610000000000,num,null,87,null
TriggerRate,1722592670000000000,num,null,92,null
TriggerRate,1722592730000000000,num,null,92,null
TriggerRate,1722592790000000000,num,null,86,null
TriggerRate,1722592850000000000,num,null,86,null
TriggerRate,1722592910000000000,num,null,77,null
TriggerRate,1722592970000000000,num,null,77,null
TriggerRate,1722593030000000000,num,null,85,null
TriggerRate,1722593090000000000,num,null,85,null
TriggerRate,1722593150000000000,num,null,80,null
TriggerRate,1722593210000000000,num,null,80,null
TriggerRate,1722593270000000000,num,null,84,null
TriggerRate,1722593330000000000,num,null,84,null
TriggerRate,1722593390000000000,num,null,85,null
TriggerRate,1722593450000000000,num,null,85,null
TriggerRate,1722593510000000000,num,null,91,null
TriggerRate,1722593570000000000,num,null,91,null
TriggerRate,1722593630000000000,num,null,94,null
TriggerRate,1722593690000000000,num,null,94,null
TriggerRate,1722593750000000000,num,null,101,null
TriggerRate,1722593810000000000,num,null,101,null
TriggerRate,1722593870000000000,num,null,97,null
TriggerRate,1722593930000000000,num,null,97,null
TriggerRate,1722593990000000000,num,null,96,null
TriggerRate,1722594050000000000,num,null,96,null
TriggerRate,1722594110000000000,num,null,93,null
TriggerRate,1722594170000000000,num,null,93,null
TriggerRate,1722594230000000000,num,null,91,null
TriggerRate,1722594290000000000,num,null,91,null
TriggerRate,1722594350000000000,num,null,99,null
TriggerRate,1722594410000000000,num,null,99,null
TriggerRate,1722594470000000000,num,null,82,null
TriggerRate,1722594530000000000,num,null,82,null
TriggerRate,1722594590000000000,num,null,75,null
TriggerRate,1722594650000000000,num,null,75,null
TriggerRate,1722594710000000000,num,null,118,null
TriggerRate,1722594770000000000,num,null,118,null
TriggerRate,1722594830000000000,num,null,96,null
TriggerRate,1722594890000000000,num,null,96,null
TriggerRate,1722594950000000000,num,null,82,null
TriggerRate,1722595010000000000,num,null,82,null
TriggerRate,1722595070000000000,num,null,77,null
TriggerRate,1722595130000000000,num,null,77,null
TriggerRate,1722595190000000000,num,null,102,null
TriggerRate,1722595250000000000,num,null,102,null
TriggerRate,1722595310000000000,num,null,107,null
TriggerRate,1722595370000000000,num,null,107,null
TriggerRate,1722595430000000000,num,null,91,null
TriggerRate,1722595490000000000,num,null,91,null
TriggerRate,1722595550000000000,num,null,111,null
TriggerRate,1722595610000000000,num,null,111,null
TriggerRate,1722595670000000000,num,null,106,null
TriggerRate,1722595730000000000,num,null,106,null
TriggerRate,1722595790000000000,num,null,3999,null
TriggerRate,1722595850000000000,num,null,3999,null
TriggerRate,1722595910000000000,num,null,92,null
TriggerRate,1722595970000000000,num,null,92,null
TriggerRate,1722596030000000000,num,null,121,null
TriggerRate,1722596090000000000,num,null,121,null
TriggerRate,1722596150000000000,num,null,126,null
TriggerRate,1722596210000000000,num,null,126,null
TriggerRate,1722596270000000000,num,null,94,null
TriggerRate,1722596330000000000,num,null,94,null
TriggerRate,1722596390000000000,num,null,110,null
TriggerRate,1722596450000000000,num,null,110,null
TriggerRate,1722596510000000000,num,null,135,null
TriggerRate,1722596570000000000,num,null,135,null
TriggerRate,1722596630000000000,num,null,147,null
TriggerRate,1722596690000000000,num,null,147,null
TriggerRate,1722596750000000000,num,null,160,null
TriggerRate,1722596810000000000,num,null,160,null
TriggerRate,1722596870000000000,num,null,175,null
TriggerRate,1722596930000000000,num,null,175,null
TriggerRate,1722596990000000000,num,null,219,null
TriggerRate,1722597050000000000,num,null,219,null
TriggerRate,1722597110000000000,num,null,340,null
TriggerRate,1722597170000000000,num,null,340,null
TriggerRate,1722597230000000000,num,null,495,null
TriggerRate,1722597290000000000,num,null,495,null
TriggerRate,1722597320000000000,num,null,293,null
TriggerRate,1722658387000000000,num,null,97,null
TriggerRate,1722739553000000000,num,null,0,null
TriggerRate,1722739613000000000,num,null,0,null
TriggerRate,1722739733000000000,num,null,0,null
TriggerRate,1722739793000000000,num,null,0,null
TriggerRate,1722739853000000000,num,null,0,null
TriggerRate,1722739913000000000,num,null,18,null
TriggerRate,1722739973000000000,num,null,18,null
TriggerRate,1722740033000000000,num,null,97,null
TriggerRate,1722740093000000000,num,null,97,null
TriggerRate,1722740153000000000,num,null,97,null
TriggerRate,1722740213000000000,num,null,97,null
TriggerRate,1722740273000000000,num,null,97,null
TriggerRate,1722740333000000000,num,null,97,null
TriggerRate,1722740393000000000,num,null,97,null
TriggerRate,1722740453000000000,num,null,97,null
TriggerRate,1722740513000000000,num,null,97,null
TriggerRate,1722740573000000000,num,null,97,null
TriggerRate,1722740633000000000,num,null,97,null
TriggerRate,1722740693000000000,num,null,97,null
TriggerRate,1722740753000000000,num,null,97,null
TriggerRate,1722740813000000000,num,null,97,null
TriggerRate,1722740873000000000,num,null,97,null
TriggerRate,1722740933000000000,num,null,97,null
TriggerRate,1722740993000000000,num,null,97,null
TriggerRate,1722741053000000000,num,null,97,null
TriggerRate,1722741113000000000,num,null,97,null
TriggerRate,1722741173000000000,num,null,27,null
TriggerRate,1722741233000000000,num,null,27,null
TriggerRate,1722741293000000000,num,null,27,null
TriggerRate,1722741353000000000,num,null,27,null
TriggerRate,1722741413000000000,num,null,27,null
TriggerRate,1722741473000000000,num,null,27,null
TriggerRate,1722741533000000000,num,null,27,null
TriggerRate,1722741593000000000,num,null,27,null
TriggerRate,1722741653000000000,num,null,27,null
TriggerRate,1722741713000000000,num,null,27,null
TriggerRate,1722741773000000000,num,null,27,null
TriggerRate,1722741833000000000,num,null,27,null
TriggerRate,1722741893000000000,num,null,27,null
TriggerRate,1722741953000000000,num,null,27,null
TriggerRate,1722742013000000000,num,null,27,null
TriggerRate,1722742073000000000,num,null,27,null
TriggerRate,1722742133000000000,num,null,27,null
TriggerRate,1722742193000000000,num,null,27,null
TriggerRate,1722742253000000000,num,null,27,null
TriggerRate,1722742313000000000,num,null,27,null
TriggerRate,1722742373000000000,num,null,27,null
TriggerRate,1722742433000000000,num,null,27,null
TriggerRate,1722742493000000000,num,null,27,null
TriggerRate,1722742553000000000,num,null,27,null
TriggerRate,1722742613000000000,num,null,27,null
TriggerRate,1722742673000000000,num,null,27,null
TriggerRate,1722742733000000000,num,null,27,null
TriggerRate,1722742793000000000,num,null,27,null
TriggerRate,1722742853000000000,num,null,27,null
TriggerRate,1722742913000000000,num,null,27,null
TriggerRate,1722742973000000000,num,null,27,null
TriggerRate,1722743033000000000,num,null,27,null
TriggerRate,1722743093000000000,num,null,27,null
TriggerRate,1722743153000000000,num,null,27,null
TriggerRate,1722743213000000000,num,null,27,null
TriggerRate,1722743273000000000,num,null,27,null
TriggerRate,1722743333000000000,num,null,27,null
TriggerRate,1722743393000000000,num,null,27,null
TriggerRate,1722743453000000000,num,null,27,null
TriggerRate,1722743513000000000,num,null,27,null
TriggerRate,1722743573000000000,num,null,27,null
TriggerRate,1722743633000000000,num,null,27,null
TriggerRate,1722743693000000000,num,null,27,null
TriggerRate,1722743753000000000,num,null,27,null
TriggerRate,1722743813000000000,num,null,27,null
TriggerRate,1722743873000000000,num,null,27,null
TriggerRate,1722743933000000000,num,null,27,null
TriggerRate,1722743993000000000,num,null,27,null
TriggerRate,1722744053000000000,num,null,27,null
TriggerRate,1722744113000000000,num,null,27,null
TriggerRate,1722744173000000000,num,null,27,null
TriggerRate,1722744233000000000,num,null,27,null
TriggerRate,1722744293000000000,num,null,27,null
TriggerRate,1722744353000000000,num,null,27,null
TriggerRate,1722744413000000000,num,null,27,null
TriggerRate,1722744473000000000,num,null,27,null
TriggerRate,1722744533000000000,num,null,27,null
TriggerRate,1722744593000000000,num,null,27,null
TriggerRate,1722744653000000000,num,null,27,null
TriggerRate,1722744713000000000,num,null,27,null
TriggerRate,1722744773000000000,num,null,27,null
TriggerRate,1722744833000000000,num,null,27,null
TriggerRate,1722744893000000000,num,null,27,null
TriggerRate,1722744953000000000,num,null,27,null
TriggerRate,1722745013000000000,num,null,27,null
TriggerRate,1722745073000000000,num,null,27,null
TriggerRate,1722745133000000000,num,null,27,null
TriggerRate,1722745193000000000,num,null,27,null
TriggerRate,1722745253000000000,num,null,27,null
TriggerRate,1722745313000000000,num,null,27,null
TriggerRate,1722745373000000000,num,null,27,null
TriggerRate,1722745433000000000,num,null,27,null
TriggerRate,1722745493000000000,num,null,27,null
TriggerRate,1722745553000000000,num,null,27,null
TriggerRate,1722745613000000000,num,null,27,null
TriggerRate,1722745673000000000,num,null,27,null
TriggerRate,1722745733000000000,num,null,27,null
TriggerRate,1722745793000000000,num,null,27,null
TriggerRate,1722745823000000000,num,null,27,null
TriggerRate,1722746033000000000,num,null,27,null
TriggerRate,1722746093000000000,num,null,27,null
TriggerRate,1722746153000000000,num,null,27,null
TriggerRate,1722746213000000000,num,null,27,null
TriggerRate,1722746273000000000,num,null,27,null
TriggerRate,1722746333000000000,num,null,27,null
TriggerRate,1722746903000000000,num,null,27,null
TriggerRate,1722746993000000000,num,null,27,null
TriggerRate,1722747053000000000,num,null,27,null
TriggerRate,1722747113000000000,num,null,65535,null
TriggerRate,1722747173000000000,num,null,65535,null
TriggerRate,1722747233000000000,num,null,3999,null
TriggerRate,1722747293000000000,num,null,3999,null
TriggerRate,1722747353000000000,num,null,3999,null
TriggerRate,1722747413000000000,num,null,3999,null
TriggerRate,1722747443000000000,num,null,3999,null
TriggerRate,1722747503000000000,num,null,9,null
TriggerRate,1722747867000000000,num,null,0,null
TriggerRate,1722747927000000000,num,null,0,null
TriggerRate,1722748167000000000,num,null,0,null
TriggerRate,1722748227000000000,num,null,0,null
TriggerRate,1722748287000000000,num,null,0,null
TriggerRate,1722748317000000000,num,null,0,null
TriggerRate,1722748407000000000,num,null,0,null
TriggerRate,1722748467000000000,num,null,0,null
TriggerRate,1722748497000000000,num,null,0,null
TriggerRate,1722749067000000000,num,null,0,null
TriggerRate,1722749157000000000,num,null,0,null
TriggerRate,1722749187000000000,num,null,0,null
TriggerRate,1722749247000000000,num,null,0,null
TriggerRate,1722749307000000000,num,null,3993,null
TriggerRate,1722749367000000000,num,null,3993,null
TriggerRate,1722749427000000000,num,null,3999,null
TriggerRate,1722749517000000000,num,null,3999,null
TriggerRate,1722749547000000000,num,null,3999,null
TriggerRate,1722749607000000000,num,null,3999,null
TriggerRate,1722749667000000000,num,null,3999,null
TriggerRate,1722749727000000000,num,null,3999,null
TriggerRate,1722749787000000000,num,null,160,null
TriggerRate,1722749877000000000,num,null,3999,null
TriggerRate,1722749907000000000,num,null,3999,null
TriggerRate,1722749967000000000,num,null,3999,null
TriggerRate,1722750027000000000,num,null,8,null
TriggerRate,1722750087000000000,num,null,8,null
TriggerRate,1722750387000000000,num,null,8,null
TriggerRate,1722750447000000000,num,null,8,null
TriggerRate,1722750507000000000,num,null,8,null
TriggerRate,1722750597000000000,num,null,65535,null
TriggerRate,1722750627000000000,num,null,65535,null
TriggerRate,1722750687000000000,num,null,65535,null
TriggerRate,1722750717000000000,num,null,124,null
TriggerRate,1722750867000000000,num,null,33,null
TriggerRate,1722750927000000000,num,null,33,null
TriggerRate,1722750987000000000,num,null,33,null
TriggerRate,1722751047000000000,num,null,33,null
TriggerRate,1722751107000000000,num,null,65535,null
TriggerRate,1722751167000000000,num,null,65535,null
TriggerRate,1722751227000000000,num,null,127,null
TriggerRate,1722751317000000000,num,null,125,null
TriggerRate,1722751347000000000,num,null,125,null
TriggerRate,1722751407000000000,num,null,125,null
TriggerRate,1722751467000000000,num,null,128,null
TriggerRate,1722751527000000000,num,null,128,null
TriggerRate,1722751587000000000,num,null,136,null
TriggerRate,1722751677000000000,num,null,128,null
TriggerRate,1722751707000000000,num,null,128,null
TriggerRate,1722751767000000000,num,null,128,null
TriggerRate,1722751827000000000,num,null,126,null
TriggerRate,1722751887000000000,num,null,126,null
TriggerRate,1722751947000000000,num,null,132,null
TriggerRate,1722752037000000000,num,null,140,null
TriggerRate,1722752067000000000,num,null,140,null
TriggerRate,1722752127000000000,num,null,140,null
TriggerRate,1722752187000000000,num,null,135,null
TriggerRate,1722752247000000000,num,null,135,null
TriggerRate,1722752307000000000,num,null,130,null
TriggerRate,1722752397000000000,num,null,3999,null
TriggerRate,1722752427000000000,num,null,3999,null
TriggerRate,1722752487000000000,num,null,3999,null
TriggerRate,1722752547000000000,num,null,130,null
TriggerRate,1722752607000000000,num,null,130,null
TriggerRate,1722752667000000000,num,null,135,null
TriggerRate,1722752757000000000,num,null,3999,null
TriggerRate,1722752787000000000,num,null,3999,null
TriggerRate,1722752847000000000,num,null,3999,null
TriggerRate,1722752937000000000,num,null,122,null
TriggerRate,1722752967000000000,num,null,122,null
TriggerRate,1722753027000000000,num,null,3999,null
TriggerRate,1722753117000000000,num,null,131,null
TriggerRate,1722753147000000000,num,null,131,null
TriggerRate,1722753207000000000,num,null,131,null
TriggerRate,1722753267000000000,num,null,3999,null
TriggerRate,1722753327000000000,num,null,3999,null
TriggerRate,1722753387000000000,num,null,133,null
TriggerRate,1722753477000000000,num,null,3999,null
TriggerRate,1722753507000000000,num,null,3999,null
TriggerRate,1722753567000000000,num,null,3999,null
TriggerRate,1722753627000000000,num,null,129,null
TriggerRate,1722753687000000000,num,null,129,null
TriggerRate,1722753747000000000,num,null,3999,null
TriggerRate,1722753837000000000,num,null,136,null
TriggerRate,1722753867000000000,num,null,136,null
TriggerRate,1722753927000000000,num,null,136,null
TriggerRate,1722753987000000000,num,null,137,null
TriggerRate,1722754047000000000,num,null,137,null
TriggerRate,1722754137000000000,num,null,133,null
TriggerRate,1722754197000000000,num,null,131,null
TriggerRate,1722754227000000000,num,null,131,null
TriggerRate,1722754287000000000,num,null,131,null
TriggerRate,1722754347000000000,num,null,128,null
TriggerRate,1722754407000000000,num,null,128,null
TriggerRate,1722754467000000000,num,null,127,null
TriggerRate,1722754557000000000,num,null,126,null
TriggerRate,1722754587000000000,num,null,126,null
TriggerRate,1722754647000000000,num,null,126,null
TriggerRate,1722754707000000000,num,null,129,null
TriggerRate,1722754767000000000,num,null,129,null
TriggerRate,1722754827000000000,num,null,122,null
TriggerRate,1722754917000000000,num,null,133,null
TriggerRate,1722754977000000000,num,null,133,null
TriggerRate,1722755007000000000,num,null,133,null
TriggerRate,1722755067000000000,num,null,131,null
TriggerRate,1722755127000000000,num,null,131,null
TriggerRate,1722755187000000000,num,null,130,null
TriggerRate,1722755277000000000,num,null,128,null
TriggerRate,1722755307000000000,num,null,128,null
TriggerRate,1722755367000000000,num,null,128,null
TriggerRate,1722755427000000000,num,null,124,null
TriggerRate,1722755487000000000,num,null,124,null
TriggerRate,1722755547000000000,num,null,3999,null
TriggerRate,1722755607000000000,num,null,3999,null
TriggerRate,1722755667000000000,num,null,121,null
TriggerRate,1722755727000000000,num,null,121,null
TriggerRate,1722755787000000000,num,null,132,null
TriggerRate,1722755847000000000,num,null,132,null
TriggerRate,1722755937000000000,num,null,145,null
TriggerRate,1722755967000000000,num,null,145,null
TriggerRate,1722756027000000000,num,null,1599,null
TriggerRate,1722756087000000000,num,null,1599,null
TriggerRate,1722756147000000000,num,null,2929,null
TriggerRate,1722756207000000000,num,null,2929,null
TriggerRate,1722756297000000000,num,null,3999,null
TriggerRate,1722756327000000000,num,null,3999,null
TriggerRate,1722756387000000000,num,null,3999,null
TriggerRate,1722756447000000000,num,null,3999,null
TriggerRate,1722756507000000000,num,null,128,null
TriggerRate,1722756567000000000,num,null,128,null
TriggerRate,1722756657000000000,num,null,129,null
TriggerRate,1722756687000000000,num,null,129,null
TriggerRate,1722756747000000000,num,null,138,null
TriggerRate,1722756807000000000,num,null,138,null
TriggerRate,1722756867000000000,num,null,139,null
TriggerRate,1722756927000000000,num,null,139,null
TriggerRate,1722757017000000000,num,null,124,null
TriggerRate,1722757047000000000,num,null,124,null
TriggerRate,1722757107000000000,num,null,122,null
TriggerRate,1722757167000000000,num,null,122,null
TriggerRate,1722757227000000000,num,null,123,null
TriggerRate,1722757287000000000,num,null,123,null
TriggerRate,1722757347000000000,num,null,139,null
TriggerRate,1722757407000000000,num,null,139,null
TriggerRate,1722757467000000000,num,null,130,null
TriggerRate,1722757527000000000,num,null,130,null
TriggerRate,1722757587000000000,num,null,126,null
TriggerRate,1722757677000000000,num,null,126,null
TriggerRate,1722757707000000000,num,null,126,null
TriggerRate,1722757767000000000,num,null,126,null
TriggerRate,1722757827000000000,num,null,138,null
TriggerRate,1722757887000000000,num,null,138,null
TriggerRate,1722757947000000000,num,null,382,null
TriggerRate,1722758037000000000,num,null,124,null
TriggerRate,1722758067000000000,num,null,124,null
TriggerRate,1722758127000000000,num,null,124,null
TriggerRate,1722758187000000000,num,null,125,null
TriggerRate,1722758247000000000,num,null,125,null
TriggerRate,1722758307000000000,num,null,131,null
TriggerRate,1722758397000000000,num,null,126,null
TriggerRate,1722758427000000000,num,null,126,null
TriggerRate,1722758487000000000,num,null,126,null
TriggerRate,1722758547000000000,num,null,132,null
TriggerRate,1722758607000000000,num,null,132,null
TriggerRate,1722758667000000000,num,null,120,null
TriggerRate,1722758727000000000,num,null,120,null
TriggerRate,1722758787000000000,num,null,123,null
TriggerRate,1722758847000000000,num,null,123,null
TriggerRate,1722758907000000000,num,null,343,null
TriggerRate,1722758967000000000,num,null,343,null
TriggerRate,1722759027000000000,num,null,130,null
TriggerRate,1722759087000000000,num,null,130,null
TriggerRate,1722759147000000000,num,null,130,null
TriggerRate,1722759207000000000,num,null,130,null
TriggerRate,1722759267000000000,num,null,132,null
TriggerRate,1722759327000000000,num,null,132,null
TriggerRate,1722759387000000000,num,null,129,null
TriggerRate,1722759477000000000,num,null,130,null
TriggerRate,1722759507000000000,num,null,130,null
TriggerRate,1722759567000000000,num,null,130,null
TriggerRate,1722759627000000000,num,null,129,null
TriggerRate,1722759687000000000,num,null,129,null
TriggerRate,1722759747000000000,num,null,122,null
TriggerRate,1722759807000000000,num,null,122,null
TriggerRate,1722759867000000000,num,null,125,null
TriggerRate,1722759927000000000,num,null,125,null
TriggerRate,1722759987000000000,num,null,130,null
TriggerRate,1722760047000000000,num,null,130,null
TriggerRate,1722760107000000000,num,null,125,null
TriggerRate,1722760167000000000,num,null,125,null
TriggerRate,1722760227000000000,num,null,125,null
TriggerRate,1722760287000000000,num,null,125,null
TriggerRate,1722760347000000000,num,null,133,null
TriggerRate,1722760407000000000,num,null,133,null
TriggerRate,1722760497000000000,num,null,125,null
TriggerRate,1722760527000000000,num,null,125,null
TriggerRate,1722760587000000000,num,null,130,null
TriggerRate,1722760647000000000,num,null,130,null
TriggerRate,1722760707000000000,num,null,3999,null
TriggerRate,1722760767000000000,num,null,3999,null
TriggerRate,1722760857000000000,num,null,118,null
TriggerRate,1722760887000000000,num,null,118,null
TriggerRate,1722760947000000000,num,null,132,null
TriggerRate,1722761007000000000,num,null,132,null
TriggerRate,1722761067000000000,num,null,130,null
TriggerRate,1722761127000000000,num,null,130,null
TriggerRate,1722761187000000000,num,null,125,null
TriggerRate,1722761277000000000,num,null,124,null
TriggerRate,1722761307000000000,num,null,124,null
TriggerRate,1722761367000000000,num,null,124,null
TriggerRate,1722761427000000000,num,null,131,null
TriggerRate,1722761487000000000,num,null,131,null
TriggerRate,1722761577000000000,num,null,124,null
TriggerRate,1722761607000000000,num,null,124,null
TriggerRate,1722761667000000000,num,null,127,null
TriggerRate,1722761727000000000,num,null,127,null
TriggerRate,1722761787000000000,num,null,130,null
TriggerRate,1722761847000000000,num,null,130,null
TriggerRate,1722761937000000000,num,null,130,null
TriggerRate,1722761967000000000,num,null,130,null
TriggerRate,1722762027000000000,num,null,132,null
TriggerRate,1722762087000000000,num,null,132,null
TriggerRate,1722762147000000000,num,null,144,null
TriggerRate,1722762207000000000,num,null,144,null
TriggerRate,1722762297000000000,num,null,139,null
TriggerRate,1722762327000000000,num,null,139,null
TriggerRate,1722762387000000000,num,null,130,null
TriggerRate,1722762447000000000,num,null,130,null
TriggerRate,1722762507000000000,num,null,137,null
TriggerRate,1722762567000000000,num,null,137,null
TriggerRate,1722762627000000000,num,null,136,null
TriggerRate,1722762687000000000,num,null,136,null
TriggerRate,1722762747000000000,num,null,134,null
TriggerRate,1722762807000000000,num,null,134,null
TriggerRate,1722762867000000000,num,null,133,null
TriggerRate,1722762927000000000,num,null,133,null
TriggerRate,1722763017000000000,num,null,134,null
TriggerRate,1722763047000000000,num,null,134,null
TriggerRate,1722763107000000000,num,null,133,null
TriggerRate,1722763167000000000,num,null,133,null
TriggerRate,1722763227000000000,num,null,129,null
TriggerRate,1722763287000000000,num,null,129,null
TriggerRate,1722763377000000000,num,null,128,null
TriggerRate,1722763407000000000,num,null,128,null
TriggerRate,1722763467000000000,num,null,133,null
TriggerRate,1722763527000000000,num,null,133,null
TriggerRate,1722763587000000000,num,null,133,null
TriggerRate,1722763647000000000,num,null,133,null
TriggerRate,1722763737000000000,num,null,130,null
TriggerRate,1722763767000000000,num,null,130,null
TriggerRate,1722763827000000000,num,null,130,null
TriggerRate,1722763887000000000,num,null,130,null
TriggerRate,1722763947000000000,num,null,134,null
TriggerRate,1722764037000000000,num,null,128,null
TriggerRate,1722764067000000000,num,null,128,null
TriggerRate,1722764127000000000,num,null,128,null
TriggerRate,1722764187000000000,num,null,124,null
TriggerRate,1722764247000000000,num,null,124,null
TriggerRate,1722764307000000000,num,null,125,null
TriggerRate,1722764397000000000,num,null,133,null
TriggerRate,1722764427000000000,num,null,133,null
TriggerRate,1722764487000000000,num,null,133,null
TriggerRate,1722764547000000000,num,null,130,null
TriggerRate,1722764607000000000,num,null,130,null
TriggerRate,1722764667000000000,num,null,129,null
TriggerRate,1722764727000000000,num,null,129,null
TriggerRate,1722764787000000000,num,null,131,null
TriggerRate,1722764847000000000,num,null,131,null
TriggerRate,1722764907000000000,num,null,144,null
TriggerRate,1722764967000000000,num,null,144,null
TriggerRate,1722765027000000000,num,null,128,null
TriggerRate,1722765087000000000,num,null,128,null
TriggerRate,1722765147000000000,num,null,123,null
TriggerRate,1722765207000000000,num,null,123,null
TriggerRate,1722765267000000000,num,null,131,null
TriggerRate,1722765327000000000,num,null,131,null
TriggerRate,1722765387000000000,num,null,130,null
TriggerRate,1722765447000000000,num,null,130,null
TriggerRate,1722765507000000000,num,null,129,null
TriggerRate,1722765567000000000,num,null,129,null
TriggerRate,1722765627000000000,num,null,123,null
TriggerRate,1722765687000000000,num,null,123,null
TriggerRate,1722765777000000000,num,null,134,null
TriggerRate,1722765807000000000,num,null,134,null
TriggerRate,1722765867000000000,num,null,124,null
TriggerRate,1722765927000000000,num,null,124,null
TriggerRate,1722765987000000000,num,null,121,null
TriggerRate,1722766047000000000,num,null,121,null
TriggerRate,1722766137000000000,num,null,131,null
TriggerRate,1722766167000000000,num,null,131,null
TriggerRate,1722766227000000000,num,null,131,null
TriggerRate,1722766287000000000,num,null,131,null
TriggerRate,1722766347000000000,num,null,129,null
TriggerRate,1722766407000000000,num,null,129,null
TriggerRate,1722766497000000000,num,null,146,null
TriggerRate,1722766527000000000,num,null,146,null
TriggerRate,1722766587000000000,num,null,454,null
TriggerRate,1722766647000000000,num,null,454,null
TriggerRate,1722766707000000000,num,null,126,null
TriggerRate,1722766767000000000,num,null,126,null
TriggerRate,1722766857000000000,num,null,134,null
TriggerRate,1722766887000000000,num,null,134,null
TriggerRate,1722766947000000000,num,null,136,null
TriggerRate,1722767007000000000,num,null,136,null
TriggerRate,1722767067000000000,num,null,132,null
TriggerRate,1722767127000000000,num,null,132,null
TriggerRate,1722767187000000000,num,null,138,null
TriggerRate,1722767247000000000,num,null,138,null
TriggerRate,1722767307000000000,num,null,117,null
TriggerRate,1722767367000000000,num,null,117,null
TriggerRate,1722767427000000000,num,null,129,null
TriggerRate,1722767487000000000,num,null,129,null
TriggerRate,1722767547000000000,num,null,128,null
TriggerRate,1722767607000000000,num,null,128,null
TriggerRate,1722767667000000000,num,null,129,null
TriggerRate,1722767727000000000,num,null,129,null
TriggerRate,1722767787000000000,num,null,121,null
TriggerRate,1722767847000000000,num,null,121,null
TriggerRate,1722767937000000000,num,null,125,null
TriggerRate,1722767967000000000,num,null,125,null
TriggerRate,1722768027000000000,num,null,131,null
TriggerRate,1722768087000000000,num,null,131,null
TriggerRate,1722768147000000000,num,null,125,null
TriggerRate,1722768207000000000,num,null,125,null
TriggerRate,1722768297000000000,num,null,141,null
TriggerRate,1722768327000000000,num,null,141,null
TriggerRate,1722768387000000000,num,null,125,null
TriggerRate,1722768447000000000,num,null,125,null
TriggerRate,1722768507000000000,num,null,143,null
TriggerRate,1722768567000000000,num,null,143,null
TriggerRate,1722768657000000000,num,null,130,null
TriggerRate,1722768687000000000,num,null,130,null
TriggerRate,1722768747000000000,num,null,130,null
TriggerRate,1722768807000000000,num,null,130,null
TriggerRate,1722768867000000000,num,null,138,null
TriggerRate,1722768927000000000,num,null,138,null
TriggerRate,1722768987000000000,num,null,137,null
TriggerRate,1722769047000000000,num,null,137,null
TriggerRate,1722769107000000000,num,null,126,null
TriggerRate,1722769167000000000,num,null,126,null
TriggerRate,1722769227000000000,num,null,126,null
TriggerRate,1722769287000000000,num,null,126,null
TriggerRate,1722769377000000000,num,null,216,null
TriggerRate,1722769407000000000,num,null,216,null
TriggerRate,1722769467000000000,num,null,194,null
TriggerRate,1722769527000000000,num,null,194,null
TriggerRate,1722769587000000000,num,null,141,null
TriggerRate,1722769647000000000,num,null,141,null
TriggerRate,1722769737000000000,num,null,127,null
TriggerRate,1722769767000000000,num,null,127,null
TriggerRate,1722769827000000000,num,null,123,null
TriggerRate,1722769887000000000,num,null,123,null
TriggerRate,1722769947000000000,num,null,142,null
TriggerRate,1722770007000000000,num,null,142,null
TriggerRate,1722770097000000000,num,null,137,null
TriggerRate,1722770127000000000,num,null,137,null
TriggerRate,1722770187000000000,num,null,144,null
TriggerRate,1722770247000000000,num,null,86,null
TriggerRate,1722825952000000000,num,null,0,null
TriggerRate,1722825982000000000,num,null,0,null
TriggerRate,1722826072000000000,num,null,0,null
TriggerRate,1722826132000000000,num,null,0,null
TriggerRate,1722826192000000000,num,null,0,null
TriggerRate,1722826252000000000,num,null,0,null
TriggerRate,1722826312000000000,num,null,49,null
TriggerRate,1722826372000000000,num,null,49,null
TriggerRate,1722826402000000000,num,null,98,null
TriggerRate,1722826492000000000,num,null,36,null
TriggerRate,1722826552000000000,num,null,36,null
TriggerRate,1722826612000000000,num,null,36,null
TriggerRate,1722826672000000000,num,null,36,null
TriggerRate,1722827202000000000,num,null,0,null
TriggerRate,1722827262000000000,num,null,0,null
TriggerRate,1722827382000000000,num,null,0,null
TriggerRate,1722827442000000000,num,null,0,null
TriggerRate,1722827502000000000,num,null,0,null
TriggerRate,1722827562000000000,num,null,18,null
TriggerRate,1722827622000000000,num,null,18,null
TriggerRate,1722827682000000000,num,null,97,null
TriggerRate,1722827742000000000,num,null,97,null
TriggerRate,1722827802000000000,num,null,97,null
TriggerRate,1722827862000000000,num,null,97,null
TriggerRate,1722827922000000000,num,null,97,null
TriggerRate,1722827982000000000,num,null,97,null
TriggerRate,1722828042000000000,num,null,97,null
TriggerRate,1722828102000000000,num,null,97,null
TriggerRate,1722828162000000000,num,null,97,null
TriggerRate,1722828222000000000,num,null,97,null
TriggerRate,1722828282000000000,num,null,97,null
TriggerRate,1722828342000000000,num,null,97,null
TriggerRate,1722828402000000000,num,null,97,null
TriggerRate,1722828462000000000,num,null,97,null
TriggerRate,1722828522000000000,num,null,97,null
TriggerRate,1722828582000000000,num,null,97,null
TriggerRate,1722828642000000000,num,null,97,null
TriggerRate,1722828702000000000,num,null,97,null
TriggerRate,1722828762000000000,num,null,98,null
TriggerRate,1722828822000000000,num,null,98,null
TriggerRate,1722828882000000000,num,null,98,null
TriggerRate,1722828942000000000,num,null,98,null
TriggerRate,1722829002000000000,num,null,98,null
TriggerRate,1722829062000000000,num,null,98,null
TriggerRate,1722829122000000000,num,null,98,null
TriggerRate,1722829182000000000,num,null,98,null
TriggerRate,1722829242000000000,num,null,98,null
TriggerRate,1722829302000000000,num,null,98,null
TriggerRate,1722829362000000000,num,null,98,null
TriggerRate,1722829422000000000,num,null,98,null
TriggerRate,1722829482000000000,num,null,98,null
TriggerRate,1722829542000000000,num,null,98,null
TriggerRate,1722829602000000000,num,null,98,null
TriggerRate,1722829662000000000,num,null,98,null
TriggerRate,1722829722000000000,num,null,98,null
TriggerRate,1722829782000000000,num,null,98,null
TriggerRate,1722829842000000000,num,null,98,null
TriggerRate,1722829902000000000,num,null,98,null
TriggerRate,1722829962000000000,num,null,98,null
TriggerRate,1722830022000000000,num,null,98,null
TriggerRate,1722830082000000000,num,null,98,null
TriggerRate,1722830142000000000,num,null,98,null
TriggerRate,1722830202000000000,num,null,98,null
TriggerRate,1722830262000000000,num,null,98,null
TriggerRate,1722830322000000000,num,null,98,null
TriggerRate,1722830382000000000,num,null,98,null
TriggerRate,1722830442000000000,num,null,98,null
TriggerRate,1722830502000000000,num,null,98,null
TriggerRate,1722830562000000000,num,null,98,null
TriggerRate,1722830622000000000,num,null,98,null
TriggerRate,1722830682000000000,num,null,98,null
TriggerRate,1722830742000000000,num,null,98,null
TriggerRate,1722830802000000000,num,null,98,null
TriggerRate,1722830862000000000,num,null,98,null
TriggerRate,1722830922000000000,num,null,98,null
TriggerRate,1722830982000000000,num,null,98,null
TriggerRate,1722831042000000000,num,null,98,null
TriggerRate,1722831102000000000,num,null,98,null
TriggerRate,1722831162000000000,num,null,98,null
TriggerRate,1722831222000000000,num,null,98,null
TriggerRate,1722831282000000000,num,null,98,null
TriggerRate,1722831342000000000,num,null,98,null
TriggerRate,1722831402000000000,num,null,98,null
TriggerRate,1722831462000000000,num,null,98,null
TriggerRate,1722831522000000000,num,null,98,null
TriggerRate,1722831582000000000,num,null,98,null
TriggerRate,1722831642000000000,num,null,98,null
TriggerRate,1722831702000000000,num,null,98,null
TriggerRate,1722831762000000000,num,null,98,null
TriggerRate,1722831822000000000,num,null,98,null
TriggerRate,1722832062000000000,num,null,98,null
TriggerRate,1722832122000000000,num,null,98,null
TriggerRate,1722832182000000000,num,null,98,null
TriggerRate,1722832242000000000,num,null,98,null
TriggerRate,1722832302000000000,num,null,98,null
TriggerRate,1722832362000000000,num,null,98,null
TriggerRate,1722832962000000000,num,null,98,null
TriggerRate,1722833022000000000,num,null,98,null
TriggerRate,1722833082000000000,num,null,98,null
TriggerRate,1722833142000000000,num,null,98,null
TriggerRate,1722833202000000000,num,null,98,null
TriggerRate,1722833262000000000,num,null,98,null
TriggerRate,1722833322000000000,num,null,65535,null
TriggerRate,1722833382000000000,num,null,65535,null
TriggerRate,1722833442000000000,num,null,173,null
TriggerRate,1722833502000000000,num,null,173,null
TriggerRate,1722833562000000000,num,null,180,null
TriggerRate,1722833622000000000,num,null,180,null
TriggerRate,1722833682000000000,num,null,1003,null
TriggerRate,1722833742000000000,num,null,1003,null
TriggerRate,1722833802000000000,num,null,159,null
TriggerRate,1722833862000000000,num,null,159,null
TriggerRate,1722833922000000000,num,null,181,null
TriggerRate,1722833982000000000,num,null,181,null
TriggerRate,1722834012000000000,num,null,181,null
TriggerRate,1722834102000000000,num,null,15,null
TriggerRate,1722834342000000000,num,null,15,null
TriggerRate,1722834402000000000,num,null,15,null
TriggerRate,1722834462000000000,num,null,15,null
TriggerRate,1722834522000000000,num,null,15,null
TriggerRate,1722834582000000000,num,null,15,null
TriggerRate,1722834642000000000,num,null,15,null
TriggerRate,1722834672000000000,num,null,15,null
TriggerRate,1722835048000000000,num,null,0,null
TriggerRate,1722835108000000000,num,null,0,null
TriggerRate,1722835348000000000,num,null,0,null
TriggerRate,1722835408000000000,num,null,0,null
TriggerRate,1722835528000000000,num,null,0,null
TriggerRate,1722835588000000000,num,null,0,null
TriggerRate,1722835648000000000,num,null,0,null
TriggerRate,1722835708000000000,num,null,0,null
TriggerRate,1722835768000000000,num,null,0,null
TriggerRate,1722835918000000000,num,null,0,null
TriggerRate,1722835948000000000,num,null,0,null
TriggerRate,1722836008000000000,num,null,0,null
TriggerRate,1722836128000000000,num,null,0,null
TriggerRate,1722836158000000000,num,null,0,null
TriggerRate,1722836308000000000,num,null,0,null
TriggerRate,1722836368000000000,num,null,0,null
TriggerRate,1722836428000000000,num,null,0,null
TriggerRate,1722836488000000000,num,null,0,null
TriggerRate,1722836548000000000,num,null,0,null
TriggerRate,1722836608000000000,num,null,0,null
TriggerRate,1722836638000000000,num,null,0,null
TriggerRate,1722837036000000000,num,null,0,null
TriggerRate,1722837096000000000,num,null,0,null
TriggerRate,1722837156000000000,num,null,0,null
TriggerRate,1722837336000000000,num,null,0,null
TriggerRate,1722837396000000000,num,null,0,null
TriggerRate,1722837456000000000,num,null,0,null
TriggerRate,1722837516000000000,num,null,0,null
TriggerRate,1722837576000000000,num,null,0,null
TriggerRate,1722837636000000000,num,null,0,null
TriggerRate,1722838236000000000,num,null,0,null
TriggerRate,1722838296000000000,num,null,0,null
TriggerRate,1722838356000000000,num,null,0,null
TriggerRate,1722838416000000000,num,null,0,null
TriggerRate,1722838446000000000,num,null,0,null
TriggerRate,1722838506000000000,num,null,0,null
TriggerRate,1722838656000000000,num,null,65,null
TriggerRate,1722838716000000000,num,null,65,null
TriggerRate,1722838776000000000,num,null,65,null
TriggerRate,1722838836000000000,num,null,65,null
TriggerRate,1722838896000000000,num,null,65,null
TriggerRate,1722838956000000000,num,null,17,null
TriggerRate,1722839016000000000,num,null,17,null
TriggerRate,1722839076000000000,num,null,65535,null
TriggerRate,1722839136000000000,num,null,65535,null
TriggerRate,1722839196000000000,num,null,181,null
TriggerRate,1722839256000000000,num,null,181,null
TriggerRate,1722839316000000000,num,null,160,null
TriggerRate,1722839376000000000,num,null,160,null
TriggerRate,1722839436000000000,num,null,690,null
TriggerRate,1722839496000000000,num,null,690,null
TriggerRate,1722839556000000000,num,null,166,null
TriggerRate,1722839616000000000,num,null,166,null
TriggerRate,1722839676000000000,num,null,177,null
TriggerRate,1722839736000000000,num,null,177,null
TriggerRate,1722839796000000000,num,null,195,null
TriggerRate,1722839856000000000,num,null,195,null
TriggerRate,1722839916000000000,num,null,191,null
TriggerRate,1722839976000000000,num,null,191,null
TriggerRate,1722840036000000000,num,null,164,null
TriggerRate,1722840096000000000,num,null,164,null
TriggerRate,1722840156000000000,num,null,183,null
TriggerRate,1722840216000000000,num,null,183,null
TriggerRate,1722840276000000000,num,null,180,null
TriggerRate,1722840336000000000,num,null,180,null
TriggerRate,1722840396000000000,num,null,3856,null
TriggerRate,1722840456000000000,num,null,3856,null
TriggerRate,1722840516000000000,num,null,204,null
TriggerRate,1722840576000000000,num,null,204,null
TriggerRate,1722840636000000000,num,null,168,null
TriggerRate,1722840696000000000,num,null,168,null
TriggerRate,1722840756000000000,num,null,202,null
TriggerRate,1722840816000000000,num,null,202,null
TriggerRate,1722840876000000000,num,null,184,null
TriggerRate,1722840936000000000,num,null,184,null
TriggerRate,1722840996000000000,num,null,2004,null
TriggerRate,1722841056000000000,num,null,2004,null
TriggerRate,1722841116000000000,num,null,161,null
TriggerRate,1722841176000000000,num,null,161,null
TriggerRate,1722841236000000000,num,null,174,null
TriggerRate,1722841296000000000,num,null,174,null
TriggerRate,1722841356000000000,num,null,177,null
TriggerRate,1722841416000000000,num,null,177,null
TriggerRate,1722841476000000000,num,null,150,null
TriggerRate,1722841536000000000,num,null,150,null
TriggerRate,1722841596000000000,num,null,1404,null
TriggerRate,1722841656000000000,num,null,1404,null
TriggerRate,1722841716000000000,num,null,178,null
TriggerRate,1722841776000000000,num,null,178,null
TriggerRate,1722841836000000000,num,null,171,null
TriggerRate,1722841896000000000,num,null,171,null
TriggerRate,1722841956000000000,num,null,154,null
TriggerRate,1722842016000000000,num,null,154,null
TriggerRate,1722842076000000000,num,null,165,null
TriggerRate,1722842136000000000,num,null,165,null
TriggerRate,1722842196000000000,num,null,162,null
TriggerRate,1722842256000000000,num,null,162,null
TriggerRate,1722842316000000000,num,null,153,null
TriggerRate,1722842376000000000,num,null,153,null
TriggerRate,1722842436000000000,num,null,154,null
TriggerRate,1722842496000000000,num,null,154,null
TriggerRate,1722842556000000000,num,null,158,null
TriggerRate,1722842616000000000,num,null,158,null
TriggerRate,1722842676000000000,num,null,161,null
TriggerRate,1722842736000000000,num,null,161,null
TriggerRate,1722842796000000000,num,null,163,null
TriggerRate,1722842856000000000,num,null,163,null
TriggerRate,1722842916000000000,num,null,181,null
TriggerRate,1722842976000000000,num,null,181,null
TriggerRate,1722843036000000000,num,null,167,null
TriggerRate,1722843096000000000,num,null,167,null
TriggerRate,1722843156000000000,num,null,165,null
TriggerRate,1722843216000000000,num,null,165,null
TriggerRate,1722843276000000000,num,null,164,null
TriggerRate,1722843336000000000,num,null,164,null
TriggerRate,1722843396000000000,num,null,157,null
TriggerRate,1722843456000000000,num,null,157,null
TriggerRate,1722843516000000000,num,null,171,null
TriggerRate,1722843576000000000,num,null,171,null
TriggerRate,1722843636000000000,num,null,152,null
TriggerRate,1722843696000000000,num,null,152,null
TriggerRate,1722843756000000000,num,null,144,null
TriggerRate,1722843816000000000,num,null,144,null
TriggerRate,1722843876000000000,num,null,165,null
TriggerRate,1722843936000000000,num,null,165,null
TriggerRate,1722843996000000000,num,null,167,null
TriggerRate,1722844056000000000,num,null,167,null
TriggerRate,1722844116000000000,num,null,237,null
TriggerRate,1722844176000000000,num,null,237,null
TriggerRate,1722844236000000000,num,null,3999,null
TriggerRate,1722844296000000000,num,null,3999,null
TriggerRate,1722844356000000000,num,null,3999,null
TriggerRate,1722844416000000000,num,null,3999,null
TriggerRate,1722844476000000000,num,null,3999,null
TriggerRate,1722844536000000000,num,null,3999,null
TriggerRate,1722844596000000000,num,null,3999,null
TriggerRate,1722844656000000000,num,null,3999,null
TriggerRate,1722844716000000000,num,null,3999,null
TriggerRate,1722844776000000000,num,null,3999,null
TriggerRate,1722844836000000000,num,null,3999,null
TriggerRate,1722844896000000000,num,null,3999,null
TriggerRate,1722844956000000000,num,null,3999,null
TriggerRate,1722845016000000000,num,null,3999,null
TriggerRate,1722845076000000000,num,null,3999,null
TriggerRate,1722845136000000000,num,null,3999,null
TriggerRate,1722845196000000000,num,null,3999,null
TriggerRate,1722845256000000000,num,null,3999,null
TriggerRate,1722845316000000000,num,null,3999,null
TriggerRate,1722845376000000000,num,null,3999,null
TriggerRate,1722845436000000000,num,null,3999,null
TriggerRate,1722845496000000000,num,null,3999,null
TriggerRate,1722845556000000000,num,null,3999,null
TriggerRate,1722845616000000000,num,null,3999,null
TriggerRate,1722845676000000000,num,null,3999,null
TriggerRate,1722845736000000000,num,null,3999,null
TriggerRate,1722845796000000000,num,null,3999,null
TriggerRate,1722845856000000000,num,null,3999,null
TriggerRate,1722845916000000000,num,null,3999,null
TriggerRate,1722845976000000000,num,null,3999,null
TriggerRate,1722846036000000000,num,null,2743,null
TriggerRate,1722846066000000000,num,null,2743,null
TriggerRate,1722876094000000000,num,null,0,null
TriggerRate,1722876154000000000,num,null,0,null
TriggerRate,1722876184000000000,num,null,0,null
TriggerRate,1722877174000000000,num,null,0,null
TriggerRate,1722877234000000000,num,null,0,null
TriggerRate,1722877264000000000,num,null,0,null
TriggerRate,1722877852000000000,num,null,0,null
TriggerRate,1722877912000000000,num,null,0,null
TriggerRate,1722877972000000000,num,null,0,null
TriggerRate,1722878032000000000,num,null,0,null
TriggerRate,1722878092000000000,num,null,0,null
TriggerRate,1722878152000000000,num,null,0,null
TriggerRate,1722878212000000000,num,null,0,null
TriggerRate,1722878272000000000,num,null,0,null
TriggerRate,1722878332000000000,num,null,0,null
TriggerRate,1722878392000000000,num,null,0,null
TriggerRate,1722915772000000000,num,null,0,null
TriggerRate,1722915802000000000,num,null,0,null
TriggerRate,1722915892000000000,num,null,0,null
TriggerRate,1722915952000000000,num,null,0,null
TriggerRate,1722916012000000000,num,null,0,null
TriggerRate,1722916072000000000,num,null,0,null
TriggerRate,1722916132000000000,num,null,45,null
TriggerRate,1722916192000000000,num,null,45,null
TriggerRate,1722916252000000000,num,null,97,null
TriggerRate,1722916312000000000,num,null,97,null
TriggerRate,1722916372000000000,num,null,97,null
TriggerRate,1722916432000000000,num,null,97,null
TriggerRate,1722916492000000000,num,null,97,null
TriggerRate,1722916552000000000,num,null,97,null
TriggerRate,1722916612000000000,num,null,97,null
TriggerRate,1722916672000000000,num,null,97,null
TriggerRate,1722916732000000000,num,null,97,null
TriggerRate,1722916792000000000,num,null,97,null
TriggerRate,1722916852000000000,num,null,97,null
TriggerRate,1722916912000000000,num,null,97,null
TriggerRate,1722916972000000000,num,null,97,null
TriggerRate,1722917032000000000,num,null,97,null
TriggerRate,1722917092000000000,num,null,97,null
TriggerRate,1722917152000000000,num,null,97,null
TriggerRate,1722917212000000000,num,null,97,null
TriggerRate,1722917242000000000,num,null,97,null
TriggerRate,1722917332000000000,num,null,87,null
TriggerRate,1722917392000000000,num,null,87,null
TriggerRate,1722917452000000000,num,null,87,null
TriggerRate,1722917482000000000,num,null,87,null
TriggerRate,1722917932000000000,num,null,87,null
TriggerRate,1722917992000000000,num,null,87,null
TriggerRate,1722918052000000000,num,null,87,null
TriggerRate,1722918112000000000,num,null,87,null
TriggerRate,1722918172000000000,num,null,87,null
TriggerRate,1722918232000000000,num,null,87,null
TriggerRate,1722918292000000000,num,null,87,null
TriggerRate,1722918352000000000,num,null,87,null
TriggerRate,1722918412000000000,num,null,87,null
TriggerRate,1722918472000000000,num,null,87,null
TriggerRate,1722918532000000000,num,null,65535,null
TriggerRate,1722918592000000000,num,null,65535,null
TriggerRate,1722918652000000000,num,null,198,null
TriggerRate,1722918712000000000,num,null,198,null
TriggerRate,1722918772000000000,num,null,192,null
TriggerRate,1722918832000000000,num,null,192,null
TriggerRate,1722918892000000000,num,null,176,null
TriggerRate,1722918952000000000,num,null,176,null
TriggerRate,1722919012000000000,num,null,275,null
TriggerRate,1722919072000000000,num,null,275,null
TriggerRate,1722919132000000000,num,null,353,null
TriggerRate,1722919192000000000,num,null,353,null
TriggerRate,1722919252000000000,num,null,160,null
TriggerRate,1722919312000000000,num,null,160,null
TriggerRate,1722919372000000000,num,null,155,null
TriggerRate,1722919432000000000,num,null,155,null
TriggerRate,1722919492000000000,num,null,3999,null
TriggerRate,1722919552000000000,num,null,3999,null
TriggerRate,1722919612000000000,num,null,160,null
TriggerRate,1722919672000000000,num,null,160,null
TriggerRate,1722919732000000000,num,null,165,null
TriggerRate,1722919792000000000,num,null,165,null
TriggerRate,1722919852000000000,num,null,153,null
TriggerRate,1722919912000000000,num,null,153,null
TriggerRate,1722919972000000000,num,null,154,null
TriggerRate,1722920032000000000,num,null,154,null
TriggerRate,1722920092000000000,num,null,162,null
TriggerRate,1722920152000000000,num,null,162,null
TriggerRate,1722920212000000000,num,null,1393,null
TriggerRate,1722920272000000000,num,null,1393,null
TriggerRate,1722920332000000000,num,null,169,null
TriggerRate,1722920392000000000,num,null,169,null
TriggerRate,1722920452000000000,num,null,179,null
TriggerRate,1722920512000000000,num,null,179,null
TriggerRate,1722920572000000000,num,null,161,null
TriggerRate,1722920632000000000,num,null,161,null
TriggerRate,1722920692000000000,num,null,161,null
TriggerRate,1722920752000000000,num,null,161,null
TriggerRate,1722920812000000000,num,null,165,null
TriggerRate,1722920872000000000,num,null,165,null
TriggerRate,1722920932000000000,num,null,155,null
TriggerRate,1722920992000000000,num,null,155,null
TriggerRate,1722921052000000000,num,null,161,null
TriggerRate,1722921112000000000,num,null,161,null
TriggerRate,1722921172000000000,num,null,144,null
TriggerRate,1722921232000000000,num,null,144,null
TriggerRate,1722921292000000000,num,null,153,null
TriggerRate,1722921352000000000,num,null,153,null
TriggerRate,1722921412000000000,num,null,159,null
TriggerRate,1722921472000000000,num,null,159,null
TriggerRate,1722921532000000000,num,null,161,null
TriggerRate,1722921592000000000,num,null,161,null
TriggerRate,1722921652000000000,num,null,152,null
TriggerRate,1722921712000000000,num,null,152,null
TriggerRate,1722921772000000000,num,null,1125,null
TriggerRate,1722921832000000000,num,null,1125,null
TriggerRate,1722921892000000000,num,null,162,null
TriggerRate,1722921952000000000,num,null,162,null
TriggerRate,1722922012000000000,num,null,146,null
TriggerRate,1722922072000000000,num,null,146,null
TriggerRate,1722922132000000000,num,null,181,null
TriggerRate,1722922192000000000,num,null,181,null
TriggerRate,1722922252000000000,num,null,165,null
TriggerRate,1722922312000000000,num,null,165,null
TriggerRate,1722922372000000000,num,null,160,null
TriggerRate,1722922432000000000,num,null,160,null
TriggerRate,1722922492000000000,num,null,157,null
TriggerRate,1722922552000000000,num,null,157,null
TriggerRate,1722922612000000000,num,null,147,null
TriggerRate,1722922672000000000,num,null,147,null
TriggerRate,1722922732000000000,num,null,163,null
TriggerRate,1722922792000000000,num,null,163,null
TriggerRate,1722922852000000000,num,null,3999,null
TriggerRate,1722922912000000000,num,null,3999,null
TriggerRate,1722922972000000000,num,null,159,null
TriggerRate,1722923032000000000,num,null,159,null
TriggerRate,1722923092000000000,num,null,155,null
TriggerRate,1722923152000000000,num,null,155,null
TriggerRate,1722923212000000000,num,null,3999,null
TriggerRate,1722923272000000000,num,null,3999,null
TriggerRate,1722923332000000000,num,null,156,null
TriggerRate,1722923392000000000,num,null,156,null
TriggerRate,1722923452000000000,num,null,2633,null
TriggerRate,1722923512000000000,num,null,2633,null
TriggerRate,1722923572000000000,num,null,397,null
TriggerRate,1722923632000000000,num,null,397,null
TriggerRate,1722923692000000000,num,null,161,null
TriggerRate,1722923752000000000,num,null,161,null
TriggerRate,1722923812000000000,num,null,171,null
TriggerRate,1722923872000000000,num,null,171,null
TriggerRate,1722923932000000000,num,null,534,null
TriggerRate,1722923992000000000,num,null,534,null
TriggerRate,1722924052000000000,num,null,169,null
TriggerRate,1722924112000000000,num,null,169,null
TriggerRate,1722924172000000000,num,null,353,null
TriggerRate,1722924232000000000,num,null,353,null
TriggerRate,1722924292000000000,num,null,157,null
TriggerRate,1722924352000000000,num,null,157,null
TriggerRate,1722924412000000000,num,null,3999,null
TriggerRate,1722924472000000000,num,null,3999,null
TriggerRate,1722924532000000000,num,null,152,null
TriggerRate,1722924592000000000,num,null,152,null
TriggerRate,1722924652000000000,num,null,143,null
TriggerRate,1722924712000000000,num,null,143,null
TriggerRate,1722924772000000000,num,null,158,null
TriggerRate,1722924832000000000,num,null,158,null
TriggerRate,1722924892000000000,num,null,2273,null
TriggerRate,1722924952000000000,num,null,2273,null
TriggerRate,1722925012000000000,num,null,3919,null
TriggerRate,1722925072000000000,num,null,3919,null
TriggerRate,1722925132000000000,num,null,153,null
TriggerRate,1722925192000000000,num,null,153,null
TriggerRate,1722925252000000000,num,null,157,null
TriggerRate,1722925312000000000,num,null,157,null
TriggerRate,1722925372000000000,num,null,1235,null
TriggerRate,1722925432000000000,num,null,1235,null
TriggerRate,1722925492000000000,num,null,243,null
TriggerRate,1722925552000000000,num,null,243,null
TriggerRate,1722925612000000000,num,null,696,null
TriggerRate,1722925672000000000,num,null,696,null
TriggerRate,1722925732000000000,num,null,166,null
TriggerRate,1722925792000000000,num,null,166,null
TriggerRate,1722925852000000000,num,null,163,null
TriggerRate,1722925912000000000,num,null,163,null
TriggerRate,1722925972000000000,num,null,157,null
TriggerRate,1722926032000000000,num,null,157,null
TriggerRate,1722926092000000000,num,null,532,null
TriggerRate,1722926152000000000,num,null,532,null
TriggerRate,1722926212000000000,num,null,163,null
TriggerRate,1722926272000000000,num,null,163,null
TriggerRate,1722926332000000000,num,null,523,null
TriggerRate,1722926392000000000,num,null,523,null
TriggerRate,1722926452000000000,num,null,166,null
TriggerRate,1722926512000000000,num,null,166,null
TriggerRate,1722926572000000000,num,null,164,null
TriggerRate,1722926632000000000,num,null,164,null
TriggerRate,1722926692000000000,num,null,141,null
TriggerRate,1722926752000000000,num,null,141,null
TriggerRate,1722926812000000000,num,null,159,null
TriggerRate,1722926872000000000,num,null,159,null
TriggerRate,1722926932000000000,num,null,163,null
TriggerRate,1722926992000000000,num,null,163,null
TriggerRate,1722927052000000000,num,null,162,null
TriggerRate,1722927112000000000,num,null,162,null
TriggerRate,1722927172000000000,num,null,163,null
TriggerRate,1722927232000000000,num,null,163,null
TriggerRate,1722927292000000000,num,null,709,null
TriggerRate,1722927352000000000,num,null,709,null
TriggerRate,1722927412000000000,num,null,156,null
TriggerRate,1722927472000000000,num,null,156,null
TriggerRate,1722927532000000000,num,null,165,null
TriggerRate,1722927592000000000,num,null,165,null
TriggerRate,1722927652000000000,num,null,151,null
TriggerRate,1722927712000000000,num,null,151,null
TriggerRate,1722927772000000000,num,null,163,null
TriggerRate,1722927832000000000,num,null,163,null
TriggerRate,1722927892000000000,num,null,165,null
TriggerRate,1722927952000000000,num,null,165,null
TriggerRate,1722928012000000000,num,null,158,null
TriggerRate,1722928072000000000,num,null,158,null
TriggerRate,1722928132000000000,num,null,168,null
TriggerRate,1722928192000000000,num,null,168,null
TriggerRate,1722928252000000000,num,null,151,null
TriggerRate,1722928312000000000,num,null,151,null
TriggerRate,1722928372000000000,num,null,152,null
TriggerRate,1722928432000000000,num,null,152,null
TriggerRate,1722928492000000000,num,null,155,null
TriggerRate,1722928552000000000,num,null,155,null
TriggerRate,1722928612000000000,num,null,163,null
TriggerRate,1722928672000000000,num,null,163,null
TriggerRate,1722928732000000000,num,null,164,null
TriggerRate,1722928792000000000,num,null,164,null
TriggerRate,1722928852000000000,num,null,156,null
TriggerRate,1722928912000000000,num,null,156,null
TriggerRate,1722928972000000000,num,null,149,null
TriggerRate,1722929032000000000,num,null,149,null
TriggerRate,1722929092000000000,num,null,157,null
TriggerRate,1722929152000000000,num,null,157,null
TriggerRate,1722929212000000000,num,null,158,null
TriggerRate,1722929272000000000,num,null,158,null
TriggerRate,1722929332000000000,num,null,152,null
TriggerRate,1722929392000000000,num,null,152,null
TriggerRate,1722929452000000000,num,null,159,null
TriggerRate,1722929512000000000,num,null,159,null
TriggerRate,1722929572000000000,num,null,154,null
TriggerRate,1722929632000000000,num,null,154,null
TriggerRate,1722929692000000000,num,null,154,null
TriggerRate,1722929752000000000,num,null,154,null
TriggerRate,1722929812000000000,num,null,144,null
TriggerRate,1722929872000000000,num,null,144,null
TriggerRate,1722929932000000000,num,null,146,null
TriggerRate,1722929992000000000,num,null,146,null
TriggerRate,1722930052000000000,num,null,156,null
TriggerRate,1722930112000000000,num,null,156,null
TriggerRate,1722930172000000000,num,null,758,null
TriggerRate,1722930232000000000,num,null,758,null
TriggerRate,1722930292000000000,num,null,2359,null
TriggerRate,1722930352000000000,num,null,2359,null
TriggerRate,1722930412000000000,num,null,142,null
TriggerRate,1722930472000000000,num,null,142,null
TriggerRate,1722930532000000000,num,null,149,null
TriggerRate,1722930592000000000,num,null,149,null
TriggerRate,1722930652000000000,num,null,147,null
TriggerRate,1722930712000000000,num,null,147,null
TriggerRate,1722930772000000000,num,null,155,null
TriggerRate,1722930832000000000,num,null,155,null
TriggerRate,1722930892000000000,num,null,148,null
TriggerRate,1722930952000000000,num,null,148,null
TriggerRate,1722931012000000000,num,null,151,null
TriggerRate,1722931072000000000,num,null,151,null
TriggerRate,1722931132000000000,num,null,151,null
TriggerRate,1722931192000000000,num,null,151,null
TriggerRate,1722931252000000000,num,null,149,null
TriggerRate,1722931312000000000,num,null,149,null
TriggerRate,1722931372000000000,num,null,3999,null
TriggerRate,1722931432000000000,num,null,3999,null
TriggerRate,1722931492000000000,num,null,152,null
TriggerRate,1722931552000000000,num,null,152,null
TriggerRate,1722931612000000000,num,null,143,null
TriggerRate,1722931672000000000,num,null,143,null
TriggerRate,1722931732000000000,num,null,162,null
TriggerRate,1722931792000000000,num,null,162,null
TriggerRate,1722931852000000000,num,null,148,null
TriggerRate,1722931912000000000,num,null,148,null
TriggerRate,1722931972000000000,num,null,151,null
TriggerRate,1722932032000000000,num,null,151,null
TriggerRate,1722932092000000000,num,null,143,null
TriggerRate,1722932152000000000,num,null,143,null
TriggerRate,1722932212000000000,num,null,154,null
TriggerRate,1722932272000000000,num,null,154,null
TriggerRate,1722932332000000000,num,null,156,null
TriggerRate,1722932392000000000,num,null,156,null
TriggerRate,1722932452000000000,num,null,149,null
TriggerRate,1722932512000000000,num,null,149,null
TriggerRate,1722932572000000000,num,null,155,null
TriggerRate,1722932632000000000,num,null,155,null
TriggerRate,1722932692000000000,num,null,1309,null
TriggerRate,1722932752000000000,num,null,1309,null
TriggerRate,1722932812000000000,num,null,170,null
TriggerRate,1722932872000000000,num,null,170,null
TriggerRate,1722932932000000000,num,null,152,null
TriggerRate,1722932992000000000,num,null,152,null
TriggerRate,1722933052000000000,num,null,151,null
TriggerRate,1722933112000000000,num,null,151,null
TriggerRate,1722933172000000000,num,null,147,null
TriggerRate,1722933232000000000,num,null,147,null
TriggerRate,1722933292000000000,num,null,156,null
TriggerRate,1722933352000000000,num,null,156,null
TriggerRate,1722933412000000000,num,null,164,null
TriggerRate,1722933472000000000,num,null,164,null
TriggerRate,1722933532000000000,num,null,149,null
TriggerRate,1722933592000000000,num,null,149,null
TriggerRate,1722933652000000000,num,null,152,null
TriggerRate,1722933712000000000,num,null,152,null
TriggerRate,1722933772000000000,num,null,155,null
TriggerRate,1722933832000000000,num,null,155,null
TriggerRate,1722933892000000000,num,null,160,null
TriggerRate,1722933952000000000,num,null,160,null
TriggerRate,1722934012000000000,num,null,138,null
TriggerRate,1722934072000000000,num,null,138,null
TriggerRate,1722934132000000000,num,null,142,null
TriggerRate,1722934192000000000,num,null,142,null
TriggerRate,1722934252000000000,num,null,145,null
TriggerRate,1722934312000000000,num,null,145,null
TriggerRate,1722934372000000000,num,null,141,null
TriggerRate,1722934432000000000,num,null,141,null
TriggerRate,1722934492000000000,num,null,149,null
TriggerRate,1722934552000000000,num,null,149,null
TriggerRate,1722934612000000000,num,null,139,null
TriggerRate,1722934672000000000,num,null,139,null
TriggerRate,1722934732000000000,num,null,139,null
TriggerRate,1722934792000000000,num,null,139,null
TriggerRate,1722934852000000000,num,null,150,null
TriggerRate,1722934912000000000,num,null,150,null
TriggerRate,1722934972000000000,num,null,144,null
TriggerRate,1722935032000000000,num,null,144,null
TriggerRate,1722935092000000000,num,null,144,null
TriggerRate,1722935152000000000,num,null,144,null
TriggerRate,1722935212000000000,num,null,137,null
TriggerRate,1722935272000000000,num,null,137,null
TriggerRate,1722935332000000000,num,null,137,null
TriggerRate,1722935392000000000,num,null,137,null
TriggerRate,1722935452000000000,num,null,137,null
TriggerRate,1722935512000000000,num,null,137,null
TriggerRate,1722935572000000000,num,null,146,null
TriggerRate,1722935632000000000,num,null,146,null
TriggerRate,1722935692000000000,num,null,146,null
TriggerRate,1722935752000000000,num,null,146,null
TriggerRate,1722935812000000000,num,null,159,null
TriggerRate,1722935872000000000,num,null,159,null
TriggerRate,1722935932000000000,num,null,156,null
TriggerRate,1722935992000000000,num,null,156,null
TriggerRate,1722936052000000000,num,null,141,null
TriggerRate,1722936112000000000,num,null,141,null
TriggerRate,1722936172000000000,num,null,157,null
TriggerRate,1722936232000000000,num,null,157,null
TriggerRate,1722936292000000000,num,null,157,null
TriggerRate,1722936352000000000,num,null,157,null
TriggerRate,1722936412000000000,num,null,150,null
TriggerRate,1722936472000000000,num,null,150,null
TriggerRate,1722936532000000000,num,null,145,null
TriggerRate,1722936592000000000,num,null,145,null
TriggerRate,1722936652000000000,num,null,163,null
TriggerRate,1722936712000000000,num,null,163,null
TriggerRate,1722936772000000000,num,null,145,null
TriggerRate,1722936832000000000,num,null,145,null
TriggerRate,1722936892000000000,num,null,143,null
TriggerRate,1722936952000000000,num,null,143,null
TriggerRate,1722937012000000000,num,null,149,null
TriggerRate,1722937072000000000,num,null,149,null
TriggerRate,1722937132000000000,num,null,2525,null
TriggerRate,1722937192000000000,num,null,2525,null
TriggerRate,1722937252000000000,num,null,142,null
TriggerRate,1722937312000000000,num,null,142,null
TriggerRate,1722937372000000000,num,null,153,null
TriggerRate,1722937432000000000,num,null,153,null
TriggerRate,1722937492000000000,num,null,164,null
TriggerRate,1722937552000000000,num,null,164,null
TriggerRate,1722937612000000000,num,null,156,null
TriggerRate,1722937672000000000,num,null,156,null
TriggerRate,1722937732000000000,num,null,156,null
TriggerRate,1722937792000000000,num,null,156,null
TriggerRate,1722937852000000000,num,null,151,null
TriggerRate,1722937912000000000,num,null,151,null
TriggerRate,1722937972000000000,num,null,144,null
TriggerRate,1722938032000000000,num,null,144,null
TriggerRate,1722938092000000000,num,null,160,null
TriggerRate,1722938152000000000,num,null,160,null
TriggerRate,1722938212000000000,num,null,156,null
TriggerRate,1722938272000000000,num,null,156,null
TriggerRate,1722938332000000000,num,null,152,null
TriggerRate,1722938392000000000,num,null,152,null
TriggerRate,1722938452000000000,num,null,171,null
TriggerRate,1722938512000000000,num,null,171,null
TriggerRate,1722938572000000000,num,null,224,null
TriggerRate,1722938632000000000,num,null,224,null
TriggerRate,1722938692000000000,num,null,147,null
TriggerRate,1722938752000000000,num,null,147,null
TriggerRate,1722938812000000000,num,null,166,null
TriggerRate,1722938872000000000,num,null,166,null
TriggerRate,1722938932000000000,num,null,148,null
TriggerRate,1722938992000000000,num,null,148,null
TriggerRate,1722939052000000000,num,null,171,null
TriggerRate,1722939112000000000,num,null,171,null
TriggerRate,1722939172000000000,num,null,159,null
TriggerRate,1722939232000000000,num,null,159,null
TriggerRate,1722939292000000000,num,null,150,null
TriggerRate,1722939352000000000,num,null,150,null
TriggerRate,1722939412000000000,num,null,3441,null
TriggerRate,1722939472000000000,num,null,3441,null
TriggerRate,1722939532000000000,num,null,1352,null
TriggerRate,1722939592000000000,num,null,1352,null
TriggerRate,1722939652000000000,num,null,147,null
TriggerRate,1722939712000000000,num,null,147,null
TriggerRate,1722939772000000000,num,null,152,null
TriggerRate,1722939832000000000,num,null,152,null
TriggerRate,1722939892000000000,num,null,160,null
TriggerRate,1722939952000000000,num,null,160,null
TriggerRate,1722940012000000000,num,null,161,null
TriggerRate,1722940072000000000,num,null,161,null
TriggerRate,1722940132000000000,num,null,161,null
TriggerRate,1722940192000000000,num,null,161,null
TriggerRate,1722940252000000000,num,null,1096,null
TriggerRate,1722940312000000000,num,null,1096,null
TriggerRate,1722940372000000000,num,null,159,null
TriggerRate,1722940432000000000,num,null,159,null
TriggerRate,1722940492000000000,num,null,148,null
TriggerRate,1722940552000000000,num,null,148,null
TriggerRate,1722940612000000000,num,null,160,null
TriggerRate,1722940672000000000,num,null,160,null
TriggerRate,1722940732000000000,num,null,157,null
TriggerRate,1722940792000000000,num,null,157,null
TriggerRate,1722940852000000000,num,null,175,null
TriggerRate,1722940912000000000,num,null,175,null
TriggerRate,1722940972000000000,num,null,154,null
TriggerRate,1722941032000000000,num,null,154,null
TriggerRate,1722941092000000000,num,null,160,null
TriggerRate,1722941152000000000,num,null,160,null
TriggerRate,1722941212000000000,num,null,1394,null
TriggerRate,1722941272000000000,num,null,1394,null
TriggerRate,1722941332000000000,num,null,903,null
TriggerRate,1722941392000000000,num,null,903,null
TriggerRate,1722941452000000000,num,null,174,null
TriggerRate,1722941512000000000,num,null,174,null
TriggerRate,1722941572000000000,num,null,168,null
TriggerRate,1722941632000000000,num,null,168,null
TriggerRate,1722941692000000000,num,null,152,null
TriggerRate,1722941752000000000,num,null,152,null
TriggerRate,1722941812000000000,num,null,161,null
TriggerRate,1722941872000000000,num,null,161,null
TriggerRate,1722941932000000000,num,null,159,null
TriggerRate,1722941992000000000,num,null,159,null
TriggerRate,1722942052000000000,num,null,163,null
TriggerRate,1722942112000000000,num,null,163,null
TriggerRate,1722942172000000000,num,null,172,null
TriggerRate,1722942232000000000,num,null,172,null
TriggerRate,1722942292000000000,num,null,161,null
TriggerRate,1722942352000000000,num,null,161,null
TriggerRate,1722942412000000000,num,null,190,null
TriggerRate,1722942472000000000,num,null,190,null
TriggerRate,1722942532000000000,num,null,186,null
TriggerRate,1722942592000000000,num,null,186,null
TriggerRate,1722942652000000000,num,null,1349,null
TriggerRate,1722942712000000000,num,null,1349,null
TriggerRate,1722942772000000000,num,null,313,null
TriggerRate,1722942832000000000,num,null,313,null
TriggerRate,1722942892000000000,num,null,1176,null
TriggerRate,1722942952000000000,num,null,1176,null
TriggerRate,1722943012000000000,num,null,238,null
TriggerRate,1722943072000000000,num,null,238,null
TriggerRate,1722943132000000000,num,null,271,null
TriggerRate,1722943162000000000,num,null,271,null
TriggerRate,1723000346000000000,num,null,0,null
TriggerRate,1723000406000000000,num,null,0,null
TriggerRate,1723000496000000000,num,null,0,null
TriggerRate,1723000556000000000,num,null,0,null
TriggerRate,1723000616000000000,num,null,0,null
TriggerRate,1723000646000000000,num,null,0,null
TriggerRate,1723000706000000000,num,null,15,null
TriggerRate,1723000796000000000,num,null,65535,null
TriggerRate,1723000826000000000,num,null,65535,null
TriggerRate,1723000916000000000,num,null,89,null
TriggerRate,1723000946000000000,num,null,89,null
TriggerRate,1723001006000000000,num,null,89,null
TriggerRate,1723001036000000000,num,null,89,null
TriggerRate,1723001389000000000,num,null,0,null
TriggerRate,1723001449000000000,num,null,0,null
TriggerRate,1723001569000000000,num,null,0,null
TriggerRate,1723001629000000000,num,null,0,null
TriggerRate,1723001689000000000,num,null,0,null
TriggerRate,1723001749000000000,num,null,19,null
TriggerRate,1723001809000000000,num,null,19,null
TriggerRate,1723001869000000000,num,null,98,null
TriggerRate,1723001929000000000,num,null,98,null
TriggerRate,1723001989000000000,num,null,98,null
TriggerRate,1723002049000000000,num,null,98,null
TriggerRate,1723002109000000000,num,null,98,null
TriggerRate,1723002169000000000,num,null,98,null
TriggerRate,1723002229000000000,num,null,98,null
TriggerRate,1723002289000000000,num,null,98,null
TriggerRate,1723002349000000000,num,null,98,null
TriggerRate,1723002409000000000,num,null,98,null
TriggerRate,1723002469000000000,num,null,98,null
TriggerRate,1723002529000000000,num,null,98,null
TriggerRate,1723002589000000000,num,null,98,null
TriggerRate,1723002649000000000,num,null,98,null
TriggerRate,1723002709000000000,num,null,98,null
TriggerRate,1723002769000000000,num,null,98,null
TriggerRate,1723002829000000000,num,null,98,null
TriggerRate,1723002889000000000,num,null,98,null
TriggerRate,1723002949000000000,num,null,82,null
TriggerRate,1723003009000000000,num,null,82,null
TriggerRate,1723003069000000000,num,null,82,null
TriggerRate,1723003129000000000,num,null,82,null
TriggerRate,1723003189000000000,num,null,82,null
TriggerRate,1723003249000000000,num,null,82,null
TriggerRate,1723003309000000000,num,null,82,null
TriggerRate,1723003369000000000,num,null,82,null
TriggerRate,1723003429000000000,num,null,82,null
TriggerRate,1723003489000000000,num,null,82,null
TriggerRate,1723003549000000000,num,null,82,null
TriggerRate,1723003609000000000,num,null,82,null
TriggerRate,1723003669000000000,num,null,82,null
TriggerRate,1723003729000000000,num,null,82,null
TriggerRate,1723003789000000000,num,null,82,null
TriggerRate,1723003849000000000,num,null,82,null
TriggerRate,1723003909000000000,num,null,82,null
TriggerRate,1723003969000000000,num,null,82,null
TriggerRate,1723004029000000000,num,null,82,null
TriggerRate,1723004089000000000,num,null,82,null
TriggerRate,1723004149000000000,num,null,82,null
TriggerRate,1723004209000000000,num,null,82,null
TriggerRate,1723004269000000000,num,null,82,null
TriggerRate,1723004329000000000,num,null,82,null
TriggerRate,1723004389000000000,num,null,82,null
TriggerRate,1723004449000000000,num,null,82,null
TriggerRate,1723004689000000000,num,null,82,null
TriggerRate,1723004749000000000,num,null,82,null
TriggerRate,1723004809000000000,num,null,82,null
TriggerRate,1723004929000000000,num,null,82,null
TriggerRate,1723004989000000000,num,null,82,null
TriggerRate,1723005049000000000,num,null,82,null
TriggerRate,1723005109000000000,num,null,82,null
TriggerRate,1723005169000000000,num,null,82,null
TriggerRate,1723005229000000000,num,null,82,null
TriggerRate,1723005289000000000,num,null,82,null
TriggerRate,1723005349000000000,num,null,82,null
TriggerRate,1723005409000000000,num,null,82,null
TriggerRate,1723005469000000000,num,null,65535,null
TriggerRate,1723005529000000000,num,null,65535,null
TriggerRate,1723005589000000000,num,null,2195,null
TriggerRate,1723005649000000000,num,null,2195,null
TriggerRate,1723005709000000000,num,null,2526,null
TriggerRate,1723005769000000000,num,null,2526,null
TriggerRate,1723005829000000000,num,null,139,null
TriggerRate,1723005889000000000,num,null,139,null
TriggerRate,1723005949000000000,num,null,774,null
TriggerRate,1723006009000000000,num,null,774,null
TriggerRate,1723006069000000000,num,null,3999,null
TriggerRate,1723006129000000000,num,null,3999,null
TriggerRate,1723006189000000000,num,null,3456,null
TriggerRate,1723006249000000000,num,null,3456,null
TriggerRate,1723006309000000000,num,null,1573,null
TriggerRate,1723006369000000000,num,null,1573,null
TriggerRate,1723006429000000000,num,null,324,null
TriggerRate,1723006489000000000,num,null,324,null
TriggerRate,1723006549000000000,num,null,136,null
TriggerRate,1723006609000000000,num,null,136,null
TriggerRate,1723006669000000000,num,null,147,null
TriggerRate,1723006729000000000,num,null,147,null
TriggerRate,1723006789000000000,num,null,139,null
TriggerRate,1723006849000000000,num,null,139,null
TriggerRate,1723006909000000000,num,null,143,null
TriggerRate,1723006969000000000,num,null,143,null
TriggerRate,1723007029000000000,num,null,128,null
TriggerRate,1723007089000000000,num,null,128,null
TriggerRate,1723007149000000000,num,null,145,null
TriggerRate,1723007209000000000,num,null,145,null
TriggerRate,1723007269000000000,num,null,131,null
TriggerRate,1723007329000000000,num,null,131,null
TriggerRate,1723007389000000000,num,null,124,null
TriggerRate,1723007449000000000,num,null,124,null
TriggerRate,1723007509000000000,num,null,2118,null
TriggerRate,1723007569000000000,num,null,2118,null
TriggerRate,1723007629000000000,num,null,168,null
TriggerRate,1723007689000000000,num,null,168,null
TriggerRate,1723007749000000000,num,null,132,null
TriggerRate,1723007809000000000,num,null,132,null
TriggerRate,1723007869000000000,num,null,134,null
TriggerRate,1723007929000000000,num,null,134,null
TriggerRate,1723007989000000000,num,null,131,null
TriggerRate,1723008049000000000,num,null,131,null
TriggerRate,1723008109000000000,num,null,2288,null
TriggerRate,1723008169000000000,num,null,2288,null
TriggerRate,1723008229000000000,num,null,389,null
TriggerRate,1723008289000000000,num,null,389,null
TriggerRate,1723008349000000000,num,null,3999,null
TriggerRate,1723008409000000000,num,null,3999,null
TriggerRate,1723008469000000000,num,null,3298,null
TriggerRate,1723008529000000000,num,null,3298,null
TriggerRate,1723008589000000000,num,null,3158,null
TriggerRate,1723008649000000000,num,null,3158,null
TriggerRate,1723008709000000000,num,null,127,null
TriggerRate,1723008769000000000,num,null,127,null
TriggerRate,1723008829000000000,num,null,273,null
TriggerRate,1723008889000000000,num,null,273,null
TriggerRate,1723008949000000000,num,null,179,null
TriggerRate,1723009009000000000,num,null,179,null
TriggerRate,1723009069000000000,num,null,134,null
TriggerRate,1723009129000000000,num,null,134,null
TriggerRate,1723009189000000000,num,null,132,null
TriggerRate,1723009249000000000,num,null,132,null
TriggerRate,1723009309000000000,num,null,135,null
TriggerRate,1723009369000000000,num,null,135,null
TriggerRate,1723009429000000000,num,null,2294,null
TriggerRate,1723009489000000000,num,null,2294,null
TriggerRate,1723009549000000000,num,null,3999,null
TriggerRate,1723009609000000000,num,null,3999,null
TriggerRate,1723009669000000000,num,null,864,null
TriggerRate,1723009729000000000,num,null,864,null
TriggerRate,1723009789000000000,num,null,3999,null
TriggerRate,1723009849000000000,num,null,3999,null
TriggerRate,1723009909000000000,num,null,143,null
TriggerRate,1723009969000000000,num,null,143,null
TriggerRate,1723010029000000000,num,null,3240,null
TriggerRate,1723010089000000000,num,null,3240,null
TriggerRate,1723010149000000000,num,null,1252,null
TriggerRate,1723010209000000000,num,null,1252,null
TriggerRate,1723010269000000000,num,null,126,null
TriggerRate,1723010329000000000,num,null,126,null
TriggerRate,1723010389000000000,num,null,130,null
TriggerRate,1723010449000000000,num,null,130,null
TriggerRate,1723010509000000000,num,null,126,null
TriggerRate,1723010569000000000,num,null,126,null
TriggerRate,1723010629000000000,num,null,270,null
TriggerRate,1723010689000000000,num,null,270,null
TriggerRate,1723010749000000000,num,null,137,null
TriggerRate,1723010809000000000,num,null,137,null
TriggerRate,1723010869000000000,num,null,258,null
TriggerRate,1723010929000000000,num,null,258,null
TriggerRate,1723010989000000000,num,null,132,null
TriggerRate,1723011049000000000,num,null,132,null
TriggerRate,1723011109000000000,num,null,139,null
TriggerRate,1723011169000000000,num,null,139,null
TriggerRate,1723011229000000000,num,null,125,null
TriggerRate,1723011289000000000,num,null,125,null
TriggerRate,1723011349000000000,num,null,121,null
TriggerRate,1723011409000000000,num,null,121,null
TriggerRate,1723011469000000000,num,null,134,null
TriggerRate,1723011529000000000,num,null,134,null
TriggerRate,1723011589000000000,num,null,127,null
TriggerRate,1723011649000000000,num,null,127,null
TriggerRate,1723011709000000000,num,null,125,null
TriggerRate,1723011769000000000,num,null,125,null
TriggerRate,1723011829000000000,num,null,205,null
TriggerRate,1723011889000000000,num,null,205,null
TriggerRate,1723011949000000000,num,null,130,null
TriggerRate,1723012009000000000,num,null,130,null
TriggerRate,1723012069000000000,num,null,122,null
TriggerRate,1723012129000000000,num,null,122,null
TriggerRate,1723012189000000000,num,null,124,null
TriggerRate,1723012249000000000,num,null,124,null
TriggerRate,1723012309000000000,num,null,3999,null
TriggerRate,1723012369000000000,num,null,3999,null
TriggerRate,1723012429000000000,num,null,129,null
TriggerRate,1723012489000000000,num,null,129,null
TriggerRate,1723012549000000000,num,null,148,null
TriggerRate,1723012609000000000,num,null,148,null
TriggerRate,1723012669000000000,num,null,138,null
TriggerRate,1723012729000000000,num,null,138,null
TriggerRate,1723012789000000000,num,null,136,null
TriggerRate,1723012849000000000,num,null,136,null
TriggerRate,1723012909000000000,num,null,132,null
TriggerRate,1723012969000000000,num,null,132,null
TriggerRate,1723013029000000000,num,null,127,null
TriggerRate,1723013089000000000,num,null,127,null
TriggerRate,1723013149000000000,num,null,130,null
TriggerRate,1723013209000000000,num,null,130,null
TriggerRate,1723013269000000000,num,null,125,null
TriggerRate,1723013329000000000,num,null,125,null
TriggerRate,1723013389000000000,num,null,126,null
TriggerRate,1723013449000000000,num,null,126,null
TriggerRate,1723013509000000000,num,null,134,null
TriggerRate,1723013569000000000,num,null,134,null
TriggerRate,1723013629000000000,num,null,123,null
TriggerRate,1723013689000000000,num,null,123,null
TriggerRate,1723013749000000000,num,null,140,null
TriggerRate,1723013809000000000,num,null,140,null
TriggerRate,1723013869000000000,num,null,141,null
TriggerRate,1723013929000000000,num,null,141,null
TriggerRate,1723013989000000000,num,null,132,null
TriggerRate,1723014049000000000,num,null,132,null
TriggerRate,1723014109000000000,num,null,125,null
TriggerRate,1723014169000000000,num,null,125,null
TriggerRate,1723014229000000000,num,null,130,null
TriggerRate,1723014289000000000,num,null,130,null
TriggerRate,1723014349000000000,num,null,130,null
TriggerRate,1723014409000000000,num,null,130,null
TriggerRate,1723014469000000000,num,null,139,null
TriggerRate,1723014529000000000,num,null,139,null
TriggerRate,1723014589000000000,num,null,142,null
TriggerRate,1723014649000000000,num,null,142,null
TriggerRate,1723014709000000000,num,null,129,null
TriggerRate,1723014769000000000,num,null,129,null
TriggerRate,1723014829000000000,num,null,133,null
TriggerRate,1723014889000000000,num,null,133,null
TriggerRate,1723014949000000000,num,null,132,null
TriggerRate,1723015009000000000,num,null,132,null
TriggerRate,1723015069000000000,num,null,134,null
TriggerRate,1723015129000000000,num,null,134,null
TriggerRate,1723015189000000000,num,null,135,null
TriggerRate,1723015249000000000,num,null,135,null
TriggerRate,1723015309000000000,num,null,138,null
TriggerRate,1723015369000000000,num,null,138,null
TriggerRate,1723015429000000000,num,null,139,null
TriggerRate,1723015489000000000,num,null,139,null
TriggerRate,1723015549000000000,num,null,123,null
TriggerRate,1723015609000000000,num,null,123,null
TriggerRate,1723015669000000000,num,null,1346,null
TriggerRate,1723015729000000000,num,null,1346,null
TriggerRate,1723015789000000000,num,null,131,null
TriggerRate,1723015849000000000,num,null,131,null
TriggerRate,1723015909000000000,num,null,135,null
TriggerRate,1723015969000000000,num,null,135,null
TriggerRate,1723016029000000000,num,null,482,null
TriggerRate,1723016089000000000,num,null,482,null
TriggerRate,1723016149000000000,num,null,141,null
TriggerRate,1723016209000000000,num,null,141,null
TriggerRate,1723016269000000000,num,null,335,null
TriggerRate,1723016329000000000,num,null,335,null
TriggerRate,1723016389000000000,num,null,134,null
TriggerRate,1723016449000000000,num,null,134,null
TriggerRate,1723016509000000000,num,null,447,null
TriggerRate,1723016569000000000,num,null,447,null
TriggerRate,1723016629000000000,num,null,126,null
TriggerRate,1723016689000000000,num,null,126,null
TriggerRate,1723016749000000000,num,null,123,null
TriggerRate,1723016809000000000,num,null,123,null
TriggerRate,1723016869000000000,num,null,506,null
TriggerRate,1723016929000000000,num,null,506,null
TriggerRate,1723016989000000000,num,null,130,null
TriggerRate,1723017049000000000,num,null,130,null
TriggerRate,1723017109000000000,num,null,134,null
TriggerRate,1723017169000000000,num,null,134,null
TriggerRate,1723017229000000000,num,null,130,null
TriggerRate,1723017289000000000,num,null,130,null
TriggerRate,1723017349000000000,num,null,134,null
TriggerRate,1723017409000000000,num,null,134,null
TriggerRate,1723017469000000000,num,null,136,null
TriggerRate,1723017529000000000,num,null,136,null
TriggerRate,1723017589000000000,num,null,121,null
TriggerRate,1723017649000000000,num,null,121,null
TriggerRate,1723017709000000000,num,null,124,null
TriggerRate,1723017769000000000,num,null,124,null
TriggerRate,1723017829000000000,num,null,135,null
TriggerRate,1723017889000000000,num,null,135,null
TriggerRate,1723017949000000000,num,null,129,null
TriggerRate,1723018009000000000,num,null,129,null
TriggerRate,1723018069000000000,num,null,150,null
TriggerRate,1723018129000000000,num,null,150,null
TriggerRate,1723018189000000000,num,null,143,null
TriggerRate,1723018249000000000,num,null,143,null
TriggerRate,1723018309000000000,num,null,131,null
TriggerRate,1723018369000000000,num,null,131,null
TriggerRate,1723018429000000000,num,null,130,null
TriggerRate,1723018489000000000,num,null,130,null
TriggerRate,1723018549000000000,num,null,130,null
TriggerRate,1723018609000000000,num,null,130,null
TriggerRate,1723018669000000000,num,null,137,null
TriggerRate,1723018729000000000,num,null,137,null
TriggerRate,1723018789000000000,num,null,139,null
TriggerRate,1723018849000000000,num,null,139,null
TriggerRate,1723018909000000000,num,null,139,null
TriggerRate,1723018969000000000,num,null,139,null
TriggerRate,1723019029000000000,num,null,137,null
TriggerRate,1723019089000000000,num,null,137,null
TriggerRate,1723019149000000000,num,null,131,null
TriggerRate,1723019209000000000,num,null,131,null
TriggerRate,1723019269000000000,num,null,143,null
TriggerRate,1723019329000000000,num,null,143,null
TriggerRate,1723019389000000000,num,null,131,null
TriggerRate,1723019449000000000,num,null,131,null
TriggerRate,1723019509000000000,num,null,126,null
TriggerRate,1723019569000000000,num,null,126,null
TriggerRate,1723019629000000000,num,null,134,null
TriggerRate,1723019689000000000,num,null,134,null
TriggerRate,1723019749000000000,num,null,140,null
TriggerRate,1723019809000000000,num,null,140,null
TriggerRate,1723019869000000000,num,null,133,null
TriggerRate,1723019929000000000,num,null,133,null
TriggerRate,1723019989000000000,num,null,132,null
TriggerRate,1723020049000000000,num,null,132,null
TriggerRate,1723020109000000000,num,null,127,null
TriggerRate,1723020169000000000,num,null,127,null
TriggerRate,1723020229000000000,num,null,128,null
TriggerRate,1723020289000000000,num,null,128,null
TriggerRate,1723020349000000000,num,null,135,null
TriggerRate,1723020409000000000,num,null,135,null
TriggerRate,1723020469000000000,num,null,138,null
TriggerRate,1723020529000000000,num,null,138,null
TriggerRate,1723020589000000000,num,null,132,null
TriggerRate,1723020649000000000,num,null,132,null
TriggerRate,1723020709000000000,num,null,131,null
TriggerRate,1723020769000000000,num,null,131,null
TriggerRate,1723020829000000000,num,null,123,null
TriggerRate,1723020889000000000,num,null,123,null
TriggerRate,1723020949000000000,num,null,116,null
TriggerRate,1723021009000000000,num,null,116,null
TriggerRate,1723021069000000000,num,null,129,null
TriggerRate,1723021129000000000,num,null,129,null
TriggerRate,1723021189000000000,num,null,132,null
TriggerRate,1723021249000000000,num,null,132,null
TriggerRate,1723021309000000000,num,null,134,null
TriggerRate,1723021369000000000,num,null,134,null
TriggerRate,1723021429000000000,num,null,124,null
TriggerRate,1723021489000000000,num,null,124,null
TriggerRate,1723021549000000000,num,null,133,null
TriggerRate,1723021609000000000,num,null,133,null
TriggerRate,1723021669000000000,num,null,141,null
TriggerRate,1723021729000000000,num,null,141,null
TriggerRate,1723021789000000000,num,null,141,null
TriggerRate,1723021849000000000,num,null,141,null
TriggerRate,1723021909000000000,num,null,126,null
TriggerRate,1723021969000000000,num,null,126,null
TriggerRate,1723022029000000000,num,null,145,null
TriggerRate,1723022089000000000,num,null,145,null
TriggerRate,1723022149000000000,num,null,136,null
TriggerRate,1723022209000000000,num,null,136,null
TriggerRate,1723022269000000000,num,null,132,null
TriggerRate,1723022329000000000,num,null,132,null
TriggerRate,1723022389000000000,num,null,137,null
TriggerRate,1723022449000000000,num,null,137,null
TriggerRate,1723022509000000000,num,null,139,null
TriggerRate,1723022569000000000,num,null,139,null
TriggerRate,1723022629000000000,num,null,122,null
TriggerRate,1723022689000000000,num,null,122,null
TriggerRate,1723022749000000000,num,null,128,null
TriggerRate,1723022809000000000,num,null,128,null
TriggerRate,1723022869000000000,num,null,135,null
TriggerRate,1723022929000000000,num,null,135,null
TriggerRate,1723022989000000000,num,null,140,null
TriggerRate,1723023049000000000,num,null,140,null
TriggerRate,1723023109000000000,num,null,137,null
TriggerRate,1723023169000000000,num,null,137,null
TriggerRate,1723023229000000000,num,null,119,null
TriggerRate,1723023289000000000,num,null,119,null
TriggerRate,1723023349000000000,num,null,138,null
TriggerRate,1723023409000000000,num,null,138,null
TriggerRate,1723023469000000000,num,null,136,null
TriggerRate,1723023529000000000,num,null,136,null
TriggerRate,1723023589000000000,num,null,129,null
TriggerRate,1723023649000000000,num,null,129,null
TriggerRate,1723023709000000000,num,null,135,null
TriggerRate,1723023769000000000,num,null,135,null
TriggerRate,1723023829000000000,num,null,127,null
TriggerRate,1723023889000000000,num,null,127,null
TriggerRate,1723023949000000000,num,null,137,null
TriggerRate,1723024009000000000,num,null,137,null
TriggerRate,1723024069000000000,num,null,127,null
TriggerRate,1723024129000000000,num,null,127,null
TriggerRate,1723024189000000000,num,null,135,null
TriggerRate,1723024249000000000,num,null,135,null
TriggerRate,1723024309000000000,num,null,121,null
TriggerRate,1723024369000000000,num,null,121,null
TriggerRate,1723024429000000000,num,null,135,null
TriggerRate,1723024489000000000,num,null,135,null
TriggerRate,1723024549000000000,num,null,130,null
TriggerRate,1723024609000000000,num,null,130,null
TriggerRate,1723024669000000000,num,null,128,null
TriggerRate,1723024729000000000,num,null,128,null
TriggerRate,1723024789000000000,num,null,133,null
TriggerRate,1723024849000000000,num,null,133,null
TriggerRate,1723024909000000000,num,null,146,null
TriggerRate,1723024969000000000,num,null,146,null
TriggerRate,1723025029000000000,num,null,138,null
TriggerRate,1723025089000000000,num,null,138,null
TriggerRate,1723025149000000000,num,null,135,null
TriggerRate,1723025209000000000,num,null,135,null
TriggerRate,1723025269000000000,num,null,146,null
TriggerRate,1723025329000000000,num,null,146,null
TriggerRate,1723025389000000000,num,null,132,null
TriggerRate,1723025449000000000,num,null,132,null
TriggerRate,1723025509000000000,num,null,135,null
TriggerRate,1723025569000000000,num,null,135,null
TriggerRate,1723025629000000000,num,null,135,null
TriggerRate,1723025689000000000,num,null,135,null
TriggerRate,1723025749000000000,num,null,131,null
TriggerRate,1723025809000000000,num,null,131,null
TriggerRate,1723025869000000000,num,null,130,null
TriggerRate,1723025929000000000,num,null,130,null
TriggerRate,1723025989000000000,num,null,141,null
TriggerRate,1723026049000000000,num,null,141,null
TriggerRate,1723026109000000000,num,null,137,null
TriggerRate,1723026169000000000,num,null,137,null
TriggerRate,1723026229000000000,num,null,127,null
TriggerRate,1723026289000000000,num,null,127,null
TriggerRate,1723026349000000000,num,null,133,null
TriggerRate,1723026409000000000,num,null,133,null
TriggerRate,1723026469000000000,num,null,139,null
TriggerRate,1723026529000000000,num,null,139,null
TriggerRate,1723026589000000000,num,null,132,null
TriggerRate,1723026649000000000,num,null,132,null
TriggerRate,1723026709000000000,num,null,133,null
TriggerRate,1723026769000000000,num,null,133,null
TriggerRate,1723026829000000000,num,null,127,null
TriggerRate,1723026889000000000,num,null,127,null
TriggerRate,1723026949000000000,num,null,125,null
TriggerRate,1723027009000000000,num,null,125,null
TriggerRate,1723027069000000000,num,null,135,null
TriggerRate,1723027129000000000,num,null,135,null
TriggerRate,1723027189000000000,num,null,132,null
TriggerRate,1723027249000000000,num,null,132,null
TriggerRate,1723027309000000000,num,null,137,null
TriggerRate,1723027369000000000,num,null,137,null
TriggerRate,1723027429000000000,num,null,135,null
TriggerRate,1723027489000000000,num,null,135,null
TriggerRate,1723027549000000000,num,null,129,null
TriggerRate,1723027609000000000,num,null,129,null
TriggerRate,1723027669000000000,num,null,144,null
TriggerRate,1723027729000000000,num,null,144,null
TriggerRate,1723027789000000000,num,null,133,null
TriggerRate,1723027849000000000,num,null,133,null
TriggerRate,1723027909000000000,num,null,141,null
TriggerRate,1723027969000000000,num,null,141,null
TriggerRate,1723028029000000000,num,null,133,null
TriggerRate,1723028089000000000,num,null,133,null
TriggerRate,1723028149000000000,num,null,146,null
TriggerRate,1723028209000000000,num,null,146,null
TriggerRate,1723028269000000000,num,null,137,null
TriggerRate,1723028329000000000,num,null,137,null
TriggerRate,1723028389000000000,num,null,137,null
TriggerRate,1723028449000000000,num,null,137,null
TriggerRate,1723028509000000000,num,null,134,null
TriggerRate,1723028569000000000,num,null,134,null
TriggerRate,1723028629000000000,num,null,131,null
TriggerRate,1723028689000000000,num,null,131,null
TriggerRate,1723028749000000000,num,null,150,null
TriggerRate,1723028809000000000,num,null,150,null
TriggerRate,1723028869000000000,num,null,137,null
TriggerRate,1723028929000000000,num,null,137,null
TriggerRate,1723028989000000000,num,null,139,null
TriggerRate,1723029049000000000,num,null,139,null
TriggerRate,1723029109000000000,num,null,1083,null
TriggerRate,1723029169000000000,num,null,1083,null
TriggerRate,1723029229000000000,num,null,136,null
TriggerRate,1723029289000000000,num,null,136,null
TriggerRate,1723029349000000000,num,null,136,null
TriggerRate,1723029409000000000,num,null,136,null
TriggerRate,1723029469000000000,num,null,140,null
TriggerRate,1723029529000000000,num,null,140,null
TriggerRate,1723029589000000000,num,null,148,null
TriggerRate,1723029649000000000,num,null,44,null
TriggerRate,1723093834000000000,num,null,0,null
TriggerRate,1723093894000000000,num,null,0,null
TriggerRate,1723094014000000000,num,null,0,null
TriggerRate,1723094074000000000,num,null,0,null
TriggerRate,1723094134000000000,num,null,0,null
TriggerRate,1723094194000000000,num,null,0,null
TriggerRate,1723094254000000000,num,null,0,null
TriggerRate,1723094314000000000,num,null,79,null
TriggerRate,1723094374000000000,num,null,79,null
TriggerRate,1723094434000000000,num,null,97,null
TriggerRate,1723094494000000000,num,null,97,null
TriggerRate,1723094554000000000,num,null,97,null
TriggerRate,1723094614000000000,num,null,97,null
TriggerRate,1723094674000000000,num,null,97,null
TriggerRate,1723094734000000000,num,null,97,null
TriggerRate,1723094794000000000,num,null,97,null
TriggerRate,1723094854000000000,num,null,97,null
TriggerRate,1723094914000000000,num,null,97,null
TriggerRate,1723094974000000000,num,null,97,null
TriggerRate,1723095034000000000,num,null,97,null
TriggerRate,1723095094000000000,num,null,97,null
TriggerRate,1723095154000000000,num,null,97,null
TriggerRate,1723095214000000000,num,null,97,null
TriggerRate,1723095274000000000,num,null,97,null
TriggerRate,1723095334000000000,num,null,97,null
TriggerRate,1723095394000000000,num,null,97,null
TriggerRate,1723095454000000000,num,null,97,null
TriggerRate,1723095484000000000,num,null,97,null
TriggerRate,1723095574000000000,num,null,38,null
TriggerRate,1723095814000000000,num,null,38,null
TriggerRate,1723095874000000000,num,null,38,null
TriggerRate,1723095934000000000,num,null,38,null
TriggerRate,1723095994000000000,num,null,38,null
TriggerRate,1723096054000000000,num,null,38,null
TriggerRate,1723096114000000000,num,null,38,null
TriggerRate,1723096144000000000,num,null,38,null
TriggerRate,1723096234000000000,num,null,38,null
TriggerRate,1723096294000000000,num,null,38,null
TriggerRate,1723096354000000000,num,null,65535,null
TriggerRate,1723096414000000000,num,null,65535,null
TriggerRate,1723096474000000000,num,null,138,null
TriggerRate,1723096534000000000,num,null,138,null
TriggerRate,1723096594000000000,num,null,150,null
TriggerRate,1723096654000000000,num,null,150,null
TriggerRate,1723096714000000000,num,null,131,null
TriggerRate,1723096774000000000,num,null,131,null
TriggerRate,1723096834000000000,num,null,134,null
TriggerRate,1723096894000000000,num,null,134,null
TriggerRate,1723096954000000000,num,null,150,null
TriggerRate,1723097014000000000,num,null,150,null
TriggerRate,1723097074000000000,num,null,135,null
TriggerRate,1723097134000000000,num,null,135,null
TriggerRate,1723097194000000000,num,null,136,null
TriggerRate,1723097254000000000,num,null,136,null
TriggerRate,1723097314000000000,num,null,128,null
TriggerRate,1723097374000000000,num,null,128,null
TriggerRate,1723097434000000000,num,null,133,null
TriggerRate,1723097494000000000,num,null,133,null
TriggerRate,1723097554000000000,num,null,133,null
TriggerRate,1723097614000000000,num,null,133,null
TriggerRate,1723097674000000000,num,null,133,null
TriggerRate,1723097734000000000,num,null,133,null
TriggerRate,1723097794000000000,num,null,1728,null
TriggerRate,1723097854000000000,num,null,1728,null
TriggerRate,1723097914000000000,num,null,131,null
TriggerRate,1723097974000000000,num,null,131,null
TriggerRate,1723098034000000000,num,null,133,null
TriggerRate,1723098094000000000,num,null,133,null
TriggerRate,1723098154000000000,num,null,146,null
TriggerRate,1723098214000000000,num,null,146,null
TriggerRate,1723098274000000000,num,null,140,null
TriggerRate,1723098334000000000,num,null,140,null
TriggerRate,1723098394000000000,num,null,138,null
TriggerRate,1723098454000000000,num,null,138,null
TriggerRate,1723098514000000000,num,null,127,null
TriggerRate,1723098574000000000,num,null,127,null
TriggerRate,1723098634000000000,num,null,146,null
TriggerRate,1723098694000000000,num,null,146,null
TriggerRate,1723098754000000000,num,null,144,null
TriggerRate,1723098814000000000,num,null,144,null
TriggerRate,1723098874000000000,num,null,130,null
TriggerRate,1723098934000000000,num,null,130,null
TriggerRate,1723098994000000000,num,null,145,null
TriggerRate,1723099054000000000,num,null,145,null
TriggerRate,1723099114000000000,num,null,133,null
TriggerRate,1723099174000000000,num,null,133,null
TriggerRate,1723099234000000000,num,null,140,null
TriggerRate,1723099294000000000,num,null,140,null
TriggerRate,1723099354000000000,num,null,130,null
TriggerRate,1723099414000000000,num,null,130,null
TriggerRate,1723099474000000000,num,null,128,null
TriggerRate,1723099534000000000,num,null,128,null
TriggerRate,1723099594000000000,num,null,137,null
TriggerRate,1723099654000000000,num,null,137,null
TriggerRate,1723099714000000000,num,null,138,null
TriggerRate,1723099774000000000,num,null,138,null
TriggerRate,1723099834000000000,num,null,132,null
TriggerRate,1723099894000000000,num,null,132,null
TriggerRate,1723099954000000000,num,null,129,null
TriggerRate,1723100014000000000,num,null,129,null
TriggerRate,1723100074000000000,num,null,126,null
TriggerRate,1723100134000000000,num,null,126,null
TriggerRate,1723100194000000000,num,null,138,null
TriggerRate,1723100254000000000,num,null,138,null
TriggerRate,1723100314000000000,num,null,133,null
TriggerRate,1723100374000000000,num,null,133,null
TriggerRate,1723100434000000000,num,null,139,null
TriggerRate,1723100494000000000,num,null,139,null
TriggerRate,1723100554000000000,num,null,135,null
TriggerRate,1723100614000000000,num,null,135,null
TriggerRate,1723100674000000000,num,null,140,null
TriggerRate,1723100734000000000,num,null,140,null
TriggerRate,1723100794000000000,num,null,137,null
TriggerRate,1723100854000000000,num,null,137,null
TriggerRate,1723100914000000000,num,null,151,null
TriggerRate,1723100974000000000,num,null,151,null
TriggerRate,1723101034000000000,num,null,142,null
TriggerRate,1723101094000000000,num,null,142,null
TriggerRate,1723101154000000000,num,null,139,null
TriggerRate,1723101214000000000,num,null,139,null
TriggerRate,1723101274000000000,num,null,131,null
TriggerRate,1723101334000000000,num,null,131,null
TriggerRate,1723101394000000000,num,null,149,null
TriggerRate,1723101454000000000,num,null,149,null
TriggerRate,1723101514000000000,num,null,131,null
TriggerRate,1723101574000000000,num,null,131,null
TriggerRate,1723101634000000000,num,null,140,null
TriggerRate,1723101694000000000,num,null,140,null
TriggerRate,1723101754000000000,num,null,139,null
TriggerRate,1723101814000000000,num,null,139,null
TriggerRate,1723101874000000000,num,null,130,null
TriggerRate,1723101934000000000,num,null,130,null
TriggerRate,1723101994000000000,num,null,130,null
TriggerRate,1723102054000000000,num,null,130,null
TriggerRate,1723102114000000000,num,null,127,null
TriggerRate,1723102174000000000,num,null,127,null
TriggerRate,1723102234000000000,num,null,135,null
TriggerRate,1723102294000000000,num,null,135,null
TriggerRate,1723102354000000000,num,null,133,null
TriggerRate,1723102414000000000,num,null,133,null
TriggerRate,1723102474000000000,num,null,155,null
TriggerRate,1723102534000000000,num,null,155,null
TriggerRate,1723102594000000000,num,null,150,null
TriggerRate,1723102654000000000,num,null,150,null
TriggerRate,1723102714000000000,num,null,137,null
TriggerRate,1723102774000000000,num,null,137,null
TriggerRate,1723102834000000000,num,null,135,null
TriggerRate,1723102894000000000,num,null,135,null
TriggerRate,1723102954000000000,num,null,148,null
TriggerRate,1723103014000000000,num,null,148,null
TriggerRate,1723103074000000000,num,null,1290,null
TriggerRate,1723103134000000000,num,null,1290,null
TriggerRate,1723103194000000000,num,null,3999,null
TriggerRate,1723103254000000000,num,null,3999,null
TriggerRate,1723103314000000000,num,null,3999,null
TriggerRate,1723103374000000000,num,null,3999,null
TriggerRate,1723103434000000000,num,null,3999,null
TriggerRate,1723103494000000000,num,null,3999,null
TriggerRate,1723103554000000000,num,null,3999,null
TriggerRate,1723103614000000000,num,null,3999,null
TriggerRate,1723103674000000000,num,null,146,null
TriggerRate,1723103734000000000,num,null,146,null
TriggerRate,1723103794000000000,num,null,149,null
TriggerRate,1723103854000000000,num,null,149,null
TriggerRate,1723103914000000000,num,null,144,null
TriggerRate,1723103974000000000,num,null,144,null
TriggerRate,1723104034000000000,num,null,157,null
TriggerRate,1723104094000000000,num,null,157,null
TriggerRate,1723104154000000000,num,null,139,null
TriggerRate,1723104214000000000,num,null,139,null
TriggerRate,1723104274000000000,num,null,160,null
TriggerRate,1723104334000000000,num,null,160,null
TriggerRate,1723104394000000000,num,null,161,null
TriggerRate,1723104454000000000,num,null,161,null
TriggerRate,1723104514000000000,num,null,135,null
TriggerRate,1723104574000000000,num,null,135,null
TriggerRate,1723104634000000000,num,null,136,null
TriggerRate,1723104694000000000,num,null,136,null
TriggerRate,1723104754000000000,num,null,136,null
TriggerRate,1723104814000000000,num,null,136,null
TriggerRate,1723104874000000000,num,null,146,null
TriggerRate,1723104934000000000,num,null,146,null
TriggerRate,1723104994000000000,num,null,139,null
TriggerRate,1723105054000000000,num,null,139,null
TriggerRate,1723105114000000000,num,null,148,null
TriggerRate,1723105174000000000,num,null,148,null
TriggerRate,1723105234000000000,num,null,139,null
TriggerRate,1723105294000000000,num,null,139,null
TriggerRate,1723105354000000000,num,null,143,null
TriggerRate,1723105414000000000,num,null,143,null
TriggerRate,1723105474000000000,num,null,144,null
TriggerRate,1723105534000000000,num,null,144,null
TriggerRate,1723105594000000000,num,null,157,null
TriggerRate,1723105654000000000,num,null,157,null
TriggerRate,1723105714000000000,num,null,147,null
TriggerRate,1723105774000000000,num,null,147,null
TriggerRate,1723105834000000000,num,null,158,null
TriggerRate,1723105894000000000,num,null,158,null
TriggerRate,1723105954000000000,num,null,151,null
TriggerRate,1723106014000000000,num,null,151,null
TriggerRate,1723106074000000000,num,null,148,null
TriggerRate,1723106134000000000,num,null,148,null
TriggerRate,1723106194000000000,num,null,157,null
TriggerRate,1723106254000000000,num,null,157,null
TriggerRate,1723106314000000000,num,null,140,null
TriggerRate,1723106374000000000,num,null,140,null
TriggerRate,1723106434000000000,num,null,156,null
TriggerRate,1723106494000000000,num,null,156,null
TriggerRate,1723106554000000000,num,null,3299,null
TriggerRate,1723106614000000000,num,null,3299,null
TriggerRate,1723106674000000000,num,null,3999,null
TriggerRate,1723106734000000000,num,null,3999,null
TriggerRate,1723106794000000000,num,null,3999,null
TriggerRate,1723106854000000000,num,null,3999,null
TriggerRate,1723106914000000000,num,null,191,null
TriggerRate,1723106974000000000,num,null,191,null
TriggerRate,1723107034000000000,num,null,165,null
TriggerRate,1723107094000000000,num,null,165,null
TriggerRate,1723107154000000000,num,null,147,null
TriggerRate,1723107214000000000,num,null,147,null
TriggerRate,1723107274000000000,num,null,149,null
TriggerRate,1723107334000000000,num,null,149,null
TriggerRate,1723107394000000000,num,null,151,null
TriggerRate,1723107454000000000,num,null,151,null
TriggerRate,1723107514000000000,num,null,143,null
TriggerRate,1723107574000000000,num,null,143,null
TriggerRate,1723107634000000000,num,null,152,null
TriggerRate,1723107694000000000,num,null,152,null
TriggerRate,1723107754000000000,num,null,137,null
TriggerRate,1723107814000000000,num,null,137,null
TriggerRate,1723107874000000000,num,null,131,null
TriggerRate,1723107934000000000,num,null,131,null
TriggerRate,1723107994000000000,num,null,140,null
TriggerRate,1723108054000000000,num,null,140,null
TriggerRate,1723108114000000000,num,null,149,null
TriggerRate,1723108174000000000,num,null,149,null
TriggerRate,1723108234000000000,num,null,138,null
TriggerRate,1723108294000000000,num,null,138,null
TriggerRate,1723108354000000000,num,null,134,null
TriggerRate,1723108414000000000,num,null,134,null
TriggerRate,1723108474000000000,num,null,152,null
TriggerRate,1723108534000000000,num,null,152,null
TriggerRate,1723108594000000000,num,null,139,null
TriggerRate,1723108654000000000,num,null,139,null
TriggerRate,1723108714000000000,num,null,137,null
TriggerRate,1723108774000000000,num,null,137,null
TriggerRate,1723108834000000000,num,null,148,null
TriggerRate,1723108894000000000,num,null,148,null
TriggerRate,1723108954000000000,num,null,146,null
TriggerRate,1723109014000000000,num,null,146,null
TriggerRate,1723109074000000000,num,null,137,null
TriggerRate,1723109134000000000,num,null,137,null
TriggerRate,1723109194000000000,num,null,143,null
TriggerRate,1723109254000000000,num,null,143,null
TriggerRate,1723109314000000000,num,null,133,null
TriggerRate,1723109374000000000,num,null,133,null
TriggerRate,1723109434000000000,num,null,148,null
TriggerRate,1723109494000000000,num,null,148,null
TriggerRate,1723109554000000000,num,null,141,null
TriggerRate,1723109614000000000,num,null,141,null
TriggerRate,1723109674000000000,num,null,143,null
TriggerRate,1723109734000000000,num,null,143,null
TriggerRate,1723109794000000000,num,null,130,null
TriggerRate,1723109854000000000,num,null,130,null
TriggerRate,1723109914000000000,num,null,141,null
TriggerRate,1723109974000000000,num,null,141,null
TriggerRate,1723110034000000000,num,null,135,null
TriggerRate,1723110094000000000,num,null,135,null
TriggerRate,1723110154000000000,num,null,127,null
TriggerRate,1723110214000000000,num,null,127,null
TriggerRate,1723110274000000000,num,null,142,null
TriggerRate,1723110334000000000,num,null,142,null
TriggerRate,1723110394000000000,num,null,134,null
TriggerRate,1723110454000000000,num,null,134,null
TriggerRate,1723110514000000000,num,null,141,null
TriggerRate,1723110574000000000,num,null,141,null
TriggerRate,1723110634000000000,num,null,138,null
TriggerRate,1723110694000000000,num,null,138,null
TriggerRate,1723110754000000000,num,null,134,null
TriggerRate,1723110814000000000,num,null,134,null
TriggerRate,1723110874000000000,num,null,133,null
TriggerRate,1723110934000000000,num,null,133,null
TriggerRate,1723110994000000000,num,null,138,null
TriggerRate,1723111054000000000,num,null,138,null
TriggerRate,1723111114000000000,num,null,139,null
TriggerRate,1723111174000000000,num,null,139,null
TriggerRate,1723111234000000000,num,null,126,null
TriggerRate,1723111294000000000,num,null,126,null
TriggerRate,1723111354000000000,num,null,141,null
TriggerRate,1723111414000000000,num,null,141,null
TriggerRate,1723111474000000000,num,null,141,null
TriggerRate,1723111534000000000,num,null,141,null
TriggerRate,1723111594000000000,num,null,141,null
TriggerRate,1723111654000000000,num,null,141,null
TriggerRate,1723111714000000000,num,null,146,null
TriggerRate,1723111774000000000,num,null,146,null
TriggerRate,1723111834000000000,num,null,141,null
TriggerRate,1723111894000000000,num,null,141,null
TriggerRate,1723111954000000000,num,null,134,null
TriggerRate,1723112014000000000,num,null,134,null
TriggerRate,1723112074000000000,num,null,153,null
TriggerRate,1723112134000000000,num,null,153,null
TriggerRate,1723112194000000000,num,null,134,null
TriggerRate,1723112254000000000,num,null,134,null
TriggerRate,1723112314000000000,num,null,139,null
TriggerRate,1723112374000000000,num,null,139,null
TriggerRate,1723112434000000000,num,null,136,null
TriggerRate,1723112494000000000,num,null,136,null
TriggerRate,1723112554000000000,num,null,138,null
TriggerRate,1723112614000000000,num,null,138,null
TriggerRate,1723112674000000000,num,null,139,null
TriggerRate,1723112734000000000,num,null,139,null
TriggerRate,1723112794000000000,num,null,139,null
TriggerRate,1723112854000000000,num,null,139,null
TriggerRate,1723112914000000000,num,null,157,null
TriggerRate,1723112974000000000,num,null,157,null
TriggerRate,1723113034000000000,num,null,140,null
TriggerRate,1723113094000000000,num,null,140,null
TriggerRate,1723113154000000000,num,null,136,null
TriggerRate,1723113214000000000,num,null,136,null
TriggerRate,1723113274000000000,num,null,130,null
TriggerRate,1723113334000000000,num,null,130,null
TriggerRate,1723113394000000000,num,null,132,null
TriggerRate,1723113454000000000,num,null,132,null
TriggerRate,1723113514000000000,num,null,130,null
TriggerRate,1723113574000000000,num,null,130,null
TriggerRate,1723113634000000000,num,null,136,null
TriggerRate,1723113694000000000,num,null,136,null
TriggerRate,1723113754000000000,num,null,132,null
TriggerRate,1723113814000000000,num,null,132,null
TriggerRate,1723113874000000000,num,null,140,null
TriggerRate,1723113934000000000,num,null,140,null
TriggerRate,1723113994000000000,num,null,148,null
TriggerRate,1723114054000000000,num,null,148,null
TriggerRate,1723114114000000000,num,null,150,null
TriggerRate,1723114174000000000,num,null,150,null
TriggerRate,1723114234000000000,num,null,148,null
TriggerRate,1723114294000000000,num,null,148,null
TriggerRate,1723114354000000000,num,null,144,null
TriggerRate,1723114414000000000,num,null,144,null
TriggerRate,1723114474000000000,num,null,142,null
TriggerRate,1723114534000000000,num,null,142,null
TriggerRate,1723114594000000000,num,null,134,null
TriggerRate,1723114654000000000,num,null,134,null
TriggerRate,1723114714000000000,num,null,144,null
TriggerRate,1723114774000000000,num,null,144,null
TriggerRate,1723114834000000000,num,null,134,null
TriggerRate,1723114894000000000,num,null,134,null
TriggerRate,1723114954000000000,num,null,143,null
TriggerRate,1723115014000000000,num,null,143,null
TriggerRate,1723115074000000000,num,null,130,null
TriggerRate,1723115134000000000,num,null,130,null
TriggerRate,1723115194000000000,num,null,132,null
TriggerRate,1723115254000000000,num,null,132,null
TriggerRate,1723115314000000000,num,null,140,null
TriggerRate,1723115374000000000,num,null,140,null
TriggerRate,1723115434000000000,num,null,140,null
TriggerRate,1723115494000000000,num,null,140,null
TriggerRate,1723115554000000000,num,null,134,null
TriggerRate,1723115614000000000,num,null,134,null
TriggerRate,1723115674000000000,num,null,139,null
TriggerRate,1723115734000000000,num,null,139,null
TriggerRate,1723115794000000000,num,null,161,null
TriggerRate,1723115854000000000,num,null,161,null
TriggerRate,1723115914000000000,num,null,151,null
TriggerRate,1723115974000000000,num,null,151,null
TriggerRate,1723116034000000000,num,null,149,null
TriggerRate,1723173506000000000,num,null,0,null
TriggerRate,1723173566000000000,num,null,0,null
TriggerRate,1723173686000000000,num,null,0,null
TriggerRate,1723173746000000000,num,null,0,null
TriggerRate,1723173836000000000,num,null,0,null
TriggerRate,1723173866000000000,num,null,0,null
TriggerRate,1723173926000000000,num,null,0,null
TriggerRate,1723173986000000000,num,null,106,null
TriggerRate,1723174046000000000,num,null,106,null
TriggerRate,1723174136000000000,num,null,97,null
TriggerRate,1723174196000000000,num,null,97,null
TriggerRate,1723174226000000000,num,null,97,null
TriggerRate,1723174286000000000,num,null,97,null
TriggerRate,1723174346000000000,num,null,97,null
TriggerRate,1723174406000000000,num,null,97,null
TriggerRate,1723174496000000000,num,null,97,null
TriggerRate,1723174556000000000,num,null,97,null
TriggerRate,1723174946000000000,num,null,97,null
TriggerRate,1723175006000000000,num,null,97,null
TriggerRate,1723175066000000000,num,null,97,null
TriggerRate,1723175156000000000,num,null,97,null
TriggerRate,1723175216000000000,num,null,97,null
TriggerRate,1723175246000000000,num,null,97,null
TriggerRate,1723175306000000000,num,null,97,null
TriggerRate,1723175366000000000,num,null,97,null
TriggerRate,1723175456000000000,num,null,97,null
TriggerRate,1723175516000000000,num,null,97,null
TriggerRate,1723175576000000000,num,null,7,null
TriggerRate,1723175636000000000,num,null,7,null
TriggerRate,1723175696000000000,num,null,7,null
TriggerRate,1723175756000000000,num,null,7,null
TriggerRate,1723175816000000000,num,null,7,null
TriggerRate,1723175876000000000,num,null,7,null
TriggerRate,1723175906000000000,num,null,7,null
TriggerRate,1723175966000000000,num,null,7,null
TriggerRate,1723176026000000000,num,null,7,null
TriggerRate,1723176086000000000,num,null,7,null
TriggerRate,1723176146000000000,num,null,7,null
TriggerRate,1723176236000000000,num,null,7,null
TriggerRate,1723176296000000000,num,null,7,null
TriggerRate,1723176326000000000,num,null,7,null
TriggerRate,1723176386000000000,num,null,7,null
TriggerRate,1723176476000000000,num,null,7,null
TriggerRate,1723176506000000000,num,null,7,null
TriggerRate,1723176596000000000,num,null,7,null
TriggerRate,1723176656000000000,num,null,7,null
TriggerRate,1723176686000000000,num,null,7,null
TriggerRate,1723176776000000000,num,null,7,null
TriggerRate,1723176806000000000,num,null,7,null
TriggerRate,1723176866000000000,num,null,7,null
TriggerRate,1723176956000000000,num,null,7,null
TriggerRate,1723177016000000000,num,null,7,null
TriggerRate,1723177076000000000,num,null,7,null
TriggerRate,1723177136000000000,num,null,7,null
TriggerRate,1723177166000000000,num,null,7,null
TriggerRate,1723177226000000000,num,null,7,null
TriggerRate,1723177316000000000,num,null,7,null
TriggerRate,1723177376000000000,num,null,7,null
TriggerRate,1723177406000000000,num,null,7,null
TriggerRate,1723177466000000000,num,null,7,null
TriggerRate,1723177526000000000,num,null,7,null
TriggerRate,1723177616000000000,num,null,7,null
TriggerRate,1723177676000000000,num,null,7,null
TriggerRate,1723177736000000000,num,null,7,null
TriggerRate,1723177766000000000,num,null,7,null
TriggerRate,1723177826000000000,num,null,7,null
TriggerRate,1723177886000000000,num,null,7,null
TriggerRate,1723177976000000000,num,null,7,null
TriggerRate,1723178036000000000,num,null,7,null
TriggerRate,1723178066000000000,num,null,7,null
TriggerRate,1723178126000000000,num,null,7,null
TriggerRate,1723178186000000000,num,null,7,null
TriggerRate,1723178246000000000,num,null,7,null
TriggerRate,1723178336000000000,num,null,7,null
TriggerRate,1723178366000000000,num,null,7,null
TriggerRate,1723178426000000000,num,null,7,null
TriggerRate,1723178486000000000,num,null,7,null
TriggerRate,1723178546000000000,num,null,7,null
TriggerRate,1723178636000000000,num,null,7,null
TriggerRate,1723178696000000000,num,null,7,null
TriggerRate,1723178726000000000,num,null,7,null
TriggerRate,1723178786000000000,num,null,7,null
TriggerRate,1723178846000000000,num,null,7,null
TriggerRate,1723178936000000000,num,null,7,null
TriggerRate,1723179146000000000,num,null,7,null
TriggerRate,1723179206000000000,num,null,7,null
TriggerRate,1723179266000000000,num,null,7,null
TriggerRate,1723179356000000000,num,null,7,null
TriggerRate,1723179386000000000,num,null,7,null
TriggerRate,1723179416000000000,num,null,7,null
TriggerRate,1723179506000000000,num,null,7,null
TriggerRate,1723179566000000000,num,null,7,null
TriggerRate,1723179626000000000,num,null,65535,null
TriggerRate,1723179716000000000,num,null,65535,null
TriggerRate,1723179776000000000,num,null,3999,null
TriggerRate,1723179836000000000,num,null,3999,null
TriggerRate,1723179866000000000,num,null,3999,null
TriggerRate,1723179926000000000,num,null,3999,null
TriggerRate,1723179986000000000,num,null,3999,null
TriggerRate,1723180076000000000,num,null,3999,null
TriggerRate,1723180106000000000,num,null,3999,null
TriggerRate,1723180196000000000,num,null,3999,null
TriggerRate,1723180226000000000,num,null,3999,null
TriggerRate,1723180286000000000,num,null,3999,null
TriggerRate,1723180346000000000,num,null,3999,null
TriggerRate,1723180436000000000,num,null,3999,null
TriggerRate,1723180466000000000,num,null,3999,null
TriggerRate,1723180526000000000,num,null,3999,null
TriggerRate,1723180586000000000,num,null,3999,null
TriggerRate,1723180676000000000,num,null,3999,null
TriggerRate,1723180736000000000,num,null,3999,null
TriggerRate,1723180796000000000,num,null,3999,null
TriggerRate,1723180826000000000,num,null,3999,null
TriggerRate,1723180886000000000,num,null,3999,null
TriggerRate,1723180976000000000,num,null,3999,null
TriggerRate,1723181036000000000,num,null,3999,null
TriggerRate,1723181066000000000,num,null,3999,null
TriggerRate,1723181156000000000,num,null,3999,null
TriggerRate,1723181186000000000,num,null,3999,null
TriggerRate,1723181246000000000,num,null,3999,null
TriggerRate,1723263114000000000,num,null,0,null
TriggerRate,1723263144000000000,num,null,0,null
TriggerRate,1723263234000000000,num,null,0,null
TriggerRate,1723263294000000000,num,null,0,null
TriggerRate,1723263354000000000,num,null,0,null
TriggerRate,1723263414000000000,num,null,0,null
TriggerRate,1723263474000000000,num,null,44,null
TriggerRate,1723263534000000000,num,null,44,null
TriggerRate,1723263594000000000,num,null,97,null
TriggerRate,1723263654000000000,num,null,97,null
TriggerRate,1723263714000000000,num,null,97,null
TriggerRate,1723263774000000000,num,null,97,null
TriggerRate,1723263834000000000,num,null,97,null
TriggerRate,1723263894000000000,num,null,97,null
TriggerRate,1723263954000000000,num,null,97,null
TriggerRate,1723264014000000000,num,null,97,null
TriggerRate,1723264074000000000,num,null,97,null
TriggerRate,1723264134000000000,num,null,97,null
TriggerRate,1723264194000000000,num,null,97,null
TriggerRate,1723264254000000000,num,null,97,null
TriggerRate,1723264314000000000,num,null,97,null
TriggerRate,1723264374000000000,num,null,97,null
TriggerRate,1723264434000000000,num,null,97,null
TriggerRate,1723264494000000000,num,null,97,null
TriggerRate,1723264554000000000,num,null,97,null
TriggerRate,1723264614000000000,num,null,97,null
TriggerRate,1723264674000000000,num,null,7,null
TriggerRate,1723264734000000000,num,null,7,null
TriggerRate,1723264794000000000,num,null,7,null
TriggerRate,1723264854000000000,num,null,7,null
TriggerRate,1723264914000000000,num,null,7,null
TriggerRate,1723264974000000000,num,null,7,null
TriggerRate,1723265034000000000,num,null,7,null
TriggerRate,1723265094000000000,num,null,7,null
TriggerRate,1723265154000000000,num,null,7,null
TriggerRate,1723265214000000000,num,null,7,null
TriggerRate,1723265274000000000,num,null,7,null
TriggerRate,1723265334000000000,num,null,7,null
TriggerRate,1723265394000000000,num,null,7,null
TriggerRate,1723265454000000000,num,null,7,null
TriggerRate,1723265514000000000,num,null,7,null
TriggerRate,1723265574000000000,num,null,7,null
TriggerRate,1723265634000000000,num,null,7,null
TriggerRate,1723265694000000000,num,null,7,null
TriggerRate,1723265754000000000,num,null,7,null
TriggerRate,1723265814000000000,num,null,7,null
TriggerRate,1723265874000000000,num,null,7,null
TriggerRate,1723265934000000000,num,null,7,null
TriggerRate,1723265994000000000,num,null,7,null
TriggerRate,1723266054000000000,num,null,7,null
TriggerRate,1723266114000000000,num,null,7,null
TriggerRate,1723266174000000000,num,null,7,null
TriggerRate,1723266414000000000,num,null,7,null
TriggerRate,1723266474000000000,num,null,7,null
TriggerRate,1723266534000000000,num,null,7,null
TriggerRate,1723266654000000000,num,null,7,null
TriggerRate,1723266714000000000,num,null,7,null
TriggerRate,1723266774000000000,num,null,7,null
TriggerRate,1723266834000000000,num,null,7,null
TriggerRate,1723266864000000000,num,null,7,null
TriggerRate,1723266954000000000,num,null,7,null
TriggerRate,1723267014000000000,num,null,7,null
TriggerRate,1723267074000000000,num,null,65535,null
TriggerRate,1723267134000000000,num,null,65535,null
TriggerRate,1723267194000000000,num,null,142,null
TriggerRate,1723267254000000000,num,null,142,null
TriggerRate,1723267314000000000,num,null,135,null
TriggerRate,1723267374000000000,num,null,135,null
TriggerRate,1723267434000000000,num,null,136,null
TriggerRate,1723267494000000000,num,null,136,null
TriggerRate,1723267554000000000,num,null,143,null
TriggerRate,1723267614000000000,num,null,143,null
TriggerRate,1723267674000000000,num,null,133,null
TriggerRate,1723267734000000000,num,null,133,null
TriggerRate,1723267794000000000,num,null,196,null
TriggerRate,1723267854000000000,num,null,196,null
TriggerRate,1723267914000000000,num,null,143,null
TriggerRate,1723267974000000000,num,null,143,null
TriggerRate,1723268034000000000,num,null,142,null
TriggerRate,1723268094000000000,num,null,142,null
TriggerRate,1723268154000000000,num,null,128,null
TriggerRate,1723268214000000000,num,null,128,null
TriggerRate,1723268274000000000,num,null,137,null
TriggerRate,1723268334000000000,num,null,137,null
TriggerRate,1723268394000000000,num,null,3999,null
TriggerRate,1723268454000000000,num,null,3999,null
TriggerRate,1723268514000000000,num,null,128,null
TriggerRate,1723268574000000000,num,null,128,null
TriggerRate,1723268634000000000,num,null,135,null
TriggerRate,1723268694000000000,num,null,135,null
TriggerRate,1723268754000000000,num,null,139,null
TriggerRate,1723268814000000000,num,null,139,null
TriggerRate,1723268874000000000,num,null,145,null
TriggerRate,1723268934000000000,num,null,145,null
TriggerRate,1723268994000000000,num,null,143,null
TriggerRate,1723269054000000000,num,null,143,null
TriggerRate,1723269114000000000,num,null,140,null
TriggerRate,1723269174000000000,num,null,140,null
TriggerRate,1723269234000000000,num,null,495,null
TriggerRate,1723269294000000000,num,null,495,null
TriggerRate,1723269354000000000,num,null,489,null
TriggerRate,1723269414000000000,num,null,489,null
TriggerRate,1723269474000000000,num,null,137,null
TriggerRate,1723269534000000000,num,null,137,null
TriggerRate,1723269594000000000,num,null,137,null
TriggerRate,1723269654000000000,num,null,137,null
TriggerRate,1723269714000000000,num,null,1071,null
TriggerRate,1723269774000000000,num,null,1071,null
TriggerRate,1723269834000000000,num,null,675,null
TriggerRate,1723269894000000000,num,null,675,null
TriggerRate,1723269954000000000,num,null,145,null
TriggerRate,1723270014000000000,num,null,145,null
TriggerRate,1723270074000000000,num,null,143,null
TriggerRate,1723270134000000000,num,null,143,null
TriggerRate,1723270194000000000,num,null,3784,null
TriggerRate,1723270254000000000,num,null,3784,null
TriggerRate,1723270314000000000,num,null,1145,null
TriggerRate,1723270374000000000,num,null,1145,null
TriggerRate,1723270434000000000,num,null,139,null
TriggerRate,1723270494000000000,num,null,139,null
TriggerRate,1723270554000000000,num,null,143,null
TriggerRate,1723270614000000000,num,null,143,null
TriggerRate,1723270674000000000,num,null,139,null
TriggerRate,1723270734000000000,num,null,139,null
TriggerRate,1723270794000000000,num,null,154,null
TriggerRate,1723270854000000000,num,null,154,null
TriggerRate,1723270914000000000,num,null,137,null
TriggerRate,1723270974000000000,num,null,137,null
TriggerRate,1723271034000000000,num,null,232,null
TriggerRate,1723271094000000000,num,null,232,null
TriggerRate,1723271154000000000,num,null,152,null
TriggerRate,1723271214000000000,num,null,152,null
TriggerRate,1723271274000000000,num,null,148,null
TriggerRate,1723271334000000000,num,null,148,null
TriggerRate,1723271394000000000,num,null,161,null
TriggerRate,1723271454000000000,num,null,161,null
TriggerRate,1723271514000000000,num,null,148,null
TriggerRate,1723271574000000000,num,null,148,null
TriggerRate,1723271634000000000,num,null,1055,null
TriggerRate,1723271694000000000,num,null,1055,null
TriggerRate,1723271754000000000,num,null,661,null
TriggerRate,1723271814000000000,num,null,661,null
TriggerRate,1723271874000000000,num,null,1736,null
TriggerRate,1723271934000000000,num,null,1736,null
TriggerRate,1723271994000000000,num,null,1554,null
TriggerRate,1723272054000000000,num,null,1554,null
TriggerRate,1723272114000000000,num,null,149,null
TriggerRate,1723272174000000000,num,null,149,null
TriggerRate,1723272234000000000,num,null,1071,null
TriggerRate,1723272294000000000,num,null,1071,null
TriggerRate,1723272354000000000,num,null,144,null
TriggerRate,1723272414000000000,num,null,144,null
TriggerRate,1723272474000000000,num,null,155,null
TriggerRate,1723272534000000000,num,null,155,null
TriggerRate,1723272594000000000,num,null,129,null
TriggerRate,1723272654000000000,num,null,129,null
TriggerRate,1723272714000000000,num,null,143,null
TriggerRate,1723272774000000000,num,null,143,null
TriggerRate,1723272834000000000,num,null,139,null
TriggerRate,1723272894000000000,num,null,139,null
TriggerRate,1723272954000000000,num,null,151,null
TriggerRate,1723273014000000000,num,null,151,null
TriggerRate,1723273074000000000,num,null,159,null
TriggerRate,1723273134000000000,num,null,159,null
TriggerRate,1723273194000000000,num,null,2922,null
TriggerRate,1723273254000000000,num,null,2922,null
TriggerRate,1723273314000000000,num,null,165,null
TriggerRate,1723273374000000000,num,null,165,null
TriggerRate,1723273434000000000,num,null,147,null
TriggerRate,1723273494000000000,num,null,147,null
TriggerRate,1723273554000000000,num,null,146,null
TriggerRate,1723273614000000000,num,null,146,null
TriggerRate,1723273674000000000,num,null,147,null
TriggerRate,1723273734000000000,num,null,147,null
TriggerRate,1723273794000000000,num,null,151,null
TriggerRate,1723273854000000000,num,null,151,null
TriggerRate,1723273914000000000,num,null,164,null
TriggerRate,1723273974000000000,num,null,164,null
TriggerRate,1723274034000000000,num,null,155,null
TriggerRate,1723274094000000000,num,null,155,null
TriggerRate,1723274154000000000,num,null,154,null
TriggerRate,1723274214000000000,num,null,154,null
TriggerRate,1723274274000000000,num,null,155,null
TriggerRate,1723274334000000000,num,null,155,null
TriggerRate,1723274394000000000,num,null,3999,null
TriggerRate,1723274454000000000,num,null,3999,null
TriggerRate,1723274514000000000,num,null,143,null
TriggerRate,1723274574000000000,num,null,143,null
TriggerRate,1723274634000000000,num,null,147,null
TriggerRate,1723274694000000000,num,null,147,null
TriggerRate,1723274754000000000,num,null,168,null
TriggerRate,1723274814000000000,num,null,168,null
TriggerRate,1723274874000000000,num,null,148,null
TriggerRate,1723274934000000000,num,null,148,null
TriggerRate,1723274994000000000,num,null,152,null
TriggerRate,1723275054000000000,num,null,152,null
TriggerRate,1723275114000000000,num,null,168,null
TriggerRate,1723275174000000000,num,null,168,null
TriggerRate,1723275234000000000,num,null,138,null
TriggerRate,1723275294000000000,num,null,138,null
TriggerRate,1723275354000000000,num,null,153,null
TriggerRate,1723275414000000000,num,null,153,null
TriggerRate,1723275474000000000,num,null,157,null
TriggerRate,1723275534000000000,num,null,157,null
TriggerRate,1723275594000000000,num,null,140,null
TriggerRate,1723275654000000000,num,null,140,null
TriggerRate,1723275714000000000,num,null,156,null
TriggerRate,1723275774000000000,num,null,156,null
TriggerRate,1723275834000000000,num,null,144,null
TriggerRate,1723275894000000000,num,null,144,null
TriggerRate,1723275954000000000,num,null,142,null
TriggerRate,1723276014000000000,num,null,142,null
TriggerRate,1723276074000000000,num,null,139,null
TriggerRate,1723276134000000000,num,null,139,null
TriggerRate,1723276194000000000,num,null,146,null
TriggerRate,1723276254000000000,num,null,146,null
TriggerRate,1723276314000000000,num,null,136,null
TriggerRate,1723276374000000000,num,null,136,null
TriggerRate,1723276434000000000,num,null,140,null
TriggerRate,1723276494000000000,num,null,140,null
TriggerRate,1723276554000000000,num,null,1998,null
TriggerRate,1723276614000000000,num,null,1998,null
TriggerRate,1723276674000000000,num,null,141,null
TriggerRate,1723276734000000000,num,null,141,null
TriggerRate,1723276794000000000,num,null,142,null
TriggerRate,1723276854000000000,num,null,142,null
TriggerRate,1723276914000000000,num,null,138,null
TriggerRate,1723276974000000000,num,null,138,null
TriggerRate,1723277034000000000,num,null,135,null
TriggerRate,1723277094000000000,num,null,135,null
TriggerRate,1723277154000000000,num,null,133,null
TriggerRate,1723277214000000000,num,null,133,null
TriggerRate,1723277274000000000,num,null,143,null
TriggerRate,1723277334000000000,num,null,143,null
TriggerRate,1723277394000000000,num,null,146,null
TriggerRate,1723277454000000000,num,null,146,null
TriggerRate,1723277514000000000,num,null,147,null
TriggerRate,1723277574000000000,num,null,147,null
TriggerRate,1723277634000000000,num,null,153,null
TriggerRate,1723277694000000000,num,null,153,null
TriggerRate,1723277754000000000,num,null,140,null
TriggerRate,1723277814000000000,num,null,140,null
TriggerRate,1723277874000000000,num,null,151,null
TriggerRate,1723277934000000000,num,null,151,null
TriggerRate,1723277994000000000,num,null,142,null
TriggerRate,1723278054000000000,num,null,142,null
TriggerRate,1723278114000000000,num,null,148,null
TriggerRate,1723278174000000000,num,null,148,null
TriggerRate,1723278234000000000,num,null,141,null
TriggerRate,1723278294000000000,num,null,141,null
TriggerRate,1723278354000000000,num,null,141,null
TriggerRate,1723278414000000000,num,null,141,null
TriggerRate,1723278474000000000,num,null,143,null
TriggerRate,1723278534000000000,num,null,143,null
TriggerRate,1723278594000000000,num,null,133,null
TriggerRate,1723278654000000000,num,null,133,null
TriggerRate,1723278714000000000,num,null,137,null
TriggerRate,1723278774000000000,num,null,137,null
TriggerRate,1723278834000000000,num,null,141,null
TriggerRate,1723278894000000000,num,null,141,null
TriggerRate,1723278954000000000,num,null,146,null
TriggerRate,1723279014000000000,num,null,146,null
TriggerRate,1723279074000000000,num,null,134,null
TriggerRate,1723279134000000000,num,null,134,null
TriggerRate,1723279194000000000,num,null,137,null
TriggerRate,1723279254000000000,num,null,137,null
TriggerRate,1723279314000000000,num,null,153,null
TriggerRate,1723279374000000000,num,null,153,null
TriggerRate,1723279434000000000,num,null,147,null
TriggerRate,1723279494000000000,num,null,147,null
TriggerRate,1723279554000000000,num,null,144,null
TriggerRate,1723279614000000000,num,null,144,null
TriggerRate,1723279674000000000,num,null,149,null
TriggerRate,1723279734000000000,num,null,149,null
TriggerRate,1723279794000000000,num,null,138,null
TriggerRate,1723279854000000000,num,null,138,null
TriggerRate,1723279914000000000,num,null,126,null
TriggerRate,1723279974000000000,num,null,126,null
TriggerRate,1723280034000000000,num,null,140,null
TriggerRate,1723280094000000000,num,null,140,null
TriggerRate,1723280154000000000,num,null,126,null
TriggerRate,1723280214000000000,num,null,126,null
TriggerRate,1723280274000000000,num,null,131,null
TriggerRate,1723280334000000000,num,null,131,null
TriggerRate,1723280394000000000,num,null,135,null
TriggerRate,1723280454000000000,num,null,135,null
TriggerRate,1723280514000000000,num,null,129,null
TriggerRate,1723280574000000000,num,null,129,null
TriggerRate,1723280634000000000,num,null,129,null
TriggerRate,1723280694000000000,num,null,129,null
TriggerRate,1723280754000000000,num,null,131,null
TriggerRate,1723280814000000000,num,null,131,null
TriggerRate,1723280874000000000,num,null,128,null
TriggerRate,1723280934000000000,num,null,128,null
TriggerRate,1723280994000000000,num,null,138,null
TriggerRate,1723281054000000000,num,null,138,null
TriggerRate,1723281114000000000,num,null,128,null
TriggerRate,1723281174000000000,num,null,128,null
TriggerRate,1723281234000000000,num,null,140,null
TriggerRate,1723281294000000000,num,null,140,null
TriggerRate,1723281354000000000,num,null,129,null
TriggerRate,1723281414000000000,num,null,129,null
TriggerRate,1723281474000000000,num,null,135,null
TriggerRate,1723281534000000000,num,null,135,null
TriggerRate,1723281594000000000,num,null,135,null
TriggerRate,1723281654000000000,num,null,135,null
TriggerRate,1723281714000000000,num,null,147,null
TriggerRate,1723281774000000000,num,null,147,null
TriggerRate,1723281834000000000,num,null,145,null
TriggerRate,1723281894000000000,num,null,145,null
TriggerRate,1723281954000000000,num,null,141,null
TriggerRate,1723282014000000000,num,null,141,null
TriggerRate,1723282074000000000,num,null,132,null
TriggerRate,1723282134000000000,num,null,132,null
TriggerRate,1723282194000000000,num,null,142,null
TriggerRate,1723282254000000000,num,null,142,null
TriggerRate,1723282314000000000,num,null,133,null
TriggerRate,1723282374000000000,num,null,133,null
TriggerRate,1723282434000000000,num,null,134,null
TriggerRate,1723282494000000000,num,null,134,null
TriggerRate,1723282554000000000,num,null,135,null
TriggerRate,1723282614000000000,num,null,135,null
TriggerRate,1723282674000000000,num,null,222,null
TriggerRate,1723282734000000000,num,null,222,null
TriggerRate,1723282794000000000,num,null,128,null
TriggerRate,1723282854000000000,num,null,128,null
TriggerRate,1723282914000000000,num,null,139,null
TriggerRate,1723282974000000000,num,null,139,null
TriggerRate,1723283034000000000,num,null,142,null
TriggerRate,1723283094000000000,num,null,142,null
TriggerRate,1723283154000000000,num,null,149,null
TriggerRate,1723283214000000000,num,null,149,null
TriggerRate,1723283274000000000,num,null,130,null
TriggerRate,1723283334000000000,num,null,130,null
TriggerRate,1723283394000000000,num,null,135,null
TriggerRate,1723283454000000000,num,null,135,null
TriggerRate,1723283514000000000,num,null,147,null
TriggerRate,1723283574000000000,num,null,147,null
TriggerRate,1723283634000000000,num,null,132,null
TriggerRate,1723283694000000000,num,null,132,null
TriggerRate,1723283754000000000,num,null,135,null
TriggerRate,1723283814000000000,num,null,135,null
TriggerRate,1723283874000000000,num,null,145,null
TriggerRate,1723283934000000000,num,null,145,null
TriggerRate,1723283994000000000,num,null,143,null
TriggerRate,1723284054000000000,num,null,143,null
TriggerRate,1723284114000000000,num,null,142,null
TriggerRate,1723284174000000000,num,null,142,null
TriggerRate,1723284234000000000,num,null,138,null
TriggerRate,1723284294000000000,num,null,138,null
TriggerRate,1723284354000000000,num,null,133,null
TriggerRate,1723284414000000000,num,null,133,null
TriggerRate,1723284474000000000,num,null,141,null
TriggerRate,1723284534000000000,num,null,141,null
TriggerRate,1723284594000000000,num,null,145,null
TriggerRate,1723284654000000000,num,null,145,null
TriggerRate,1723284714000000000,num,null,127,null
TriggerRate,1723284774000000000,num,null,127,null
TriggerRate,1723284834000000000,num,null,136,null
TriggerRate,1723284894000000000,num,null,136,null
TriggerRate,1723284954000000000,num,null,141,null
TriggerRate,1723285014000000000,num,null,141,null
TriggerRate,1723285074000000000,num,null,136,null
TriggerRate,1723285134000000000,num,null,136,null
TriggerRate,1723285194000000000,num,null,136,null
TriggerRate,1723285254000000000,num,null,136,null
TriggerRate,1723285314000000000,num,null,137,null
TriggerRate,1723285374000000000,num,null,137,null
TriggerRate,1723285434000000000,num,null,132,null
TriggerRate,1723285494000000000,num,null,132,null
TriggerRate,1723285554000000000,num,null,149,null
TriggerRate,1723285614000000000,num,null,149,null
TriggerRate,1723285674000000000,num,null,132,null
TriggerRate,1723285734000000000,num,null,132,null
TriggerRate,1723285794000000000,num,null,141,null
TriggerRate,1723285854000000000,num,null,141,null
TriggerRate,1723285914000000000,num,null,138,null
TriggerRate,1723285974000000000,num,null,138,null
TriggerRate,1723286034000000000,num,null,133,null
TriggerRate,1723286094000000000,num,null,133,null
TriggerRate,1723286154000000000,num,null,131,null
TriggerRate,1723286214000000000,num,null,131,null
TriggerRate,1723286274000000000,num,null,138,null
TriggerRate,1723286334000000000,num,null,138,null
TriggerRate,1723286394000000000,num,null,140,null
TriggerRate,1723286454000000000,num,null,140,null
TriggerRate,1723286514000000000,num,null,142,null
TriggerRate,1723286574000000000,num,null,142,null
TriggerRate,1723286634000000000,num,null,136,null
TriggerRate,1723286694000000000,num,null,136,null
TriggerRate,1723286754000000000,num,null,131,null
TriggerRate,1723286814000000000,num,null,131,null
TriggerRate,1723286874000000000,num,null,142,null
TriggerRate,1723286934000000000,num,null,142,null
TriggerRate,1723286994000000000,num,null,136,null
TriggerRate,1723287054000000000,num,null,136,null
TriggerRate,1723287114000000000,num,null,147,null
TriggerRate,1723287174000000000,num,null,147,null
TriggerRate,1723287234000000000,num,null,138,null
TriggerRate,1723287294000000000,num,null,138,null
TriggerRate,1723287354000000000,num,null,140,null
TriggerRate,1723287414000000000,num,null,140,null
TriggerRate,1723287474000000000,num,null,140,null
TriggerRate,1723287534000000000,num,null,140,null
TriggerRate,1723287594000000000,num,null,147,null
TriggerRate,1723287654000000000,num,null,147,null
TriggerRate,1723287714000000000,num,null,150,null
TriggerRate,1723287774000000000,num,null,150,null
TriggerRate,1723287834000000000,num,null,133,null
TriggerRate,1723287894000000000,num,null,133,null
TriggerRate,1723287954000000000,num,null,135,null
TriggerRate,1723288014000000000,num,null,135,null
TriggerRate,1723288074000000000,num,null,137,null
TriggerRate,1723288134000000000,num,null,137,null
TriggerRate,1723288194000000000,num,null,135,null
TriggerRate,1723288254000000000,num,null,135,null
TriggerRate,1723288314000000000,num,null,130,null
TriggerRate,1723288374000000000,num,null,130,null
TriggerRate,1723288434000000000,num,null,134,null
TriggerRate,1723288494000000000,num,null,134,null
TriggerRate,1723288554000000000,num,null,133,null
TriggerRate,1723288614000000000,num,null,133,null
TriggerRate,1723288674000000000,num,null,137,null
TriggerRate,1723288734000000000,num,null,137,null
TriggerRate,1723288794000000000,num,null,148,null
TriggerRate,1723288854000000000,num,null,148,null
TriggerRate,1723288914000000000,num,null,133,null
TriggerRate,1723288944000000000,num,null,133,null
